// Generado por tools/mkfont.py — no editar a mano.
// NotoSerifDisplay-Regular.ttf a 36px, 134 glifos, 59573 bytes.
#pragma once
#include <pgmspace.h>

static const uint8_t FONT_CLOCK[] PROGMEM = {
  0x00,0x00,0x00,0x86,0x00,0x00,0x00,0x0B,0x00,0x00,0x00,0x24,0x00,0x00,0x00,0x00,
  0x00,0x00,0x00,0x27,0x00,0x00,0x00,0x0B,0x00,0x00,0x00,0x20,0x00,0x00,0x00,0x00,
  0x00,0x00,0x00,0x00,0x00,0x00,0x00,0x08,0x00,0x00,0x00,0x00,0x00,0x00,0x00,0x00,
  0x00,0x00,0x00,0x00,0x00,0x00,0x00,0x21,0x00,0x00,0x00,0x1A,0x00,0x00,0x00,0x06,
  0x00,0x00,0x00,0x0C,0x00,0x00,0x00,0x1A,0x00,0x00,0x00,0x03,0x00,0x00,0x00,0x00,
  0x00,0x00,0x00,0x22,0x00,0x00,0x00,0x09,0x00,0x00,0x00,0x09,0x00,0x00,0x00,0x0A,
  0x00,0x00,0x00,0x1A,0x00,0x00,0x00,0x01,0x00,0x00,0x00,0x00,0x00,0x00,0x00,0x23,
  0x00,0x00,0x00,0x1A,0x00,0x00,0x00,0x14,0x00,0x00,0x00,0x14,0x00,0x00,0x00,0x1A,
  0x00,0x00,0x00,0x00,0x00,0x00,0x00,0x00,0x00,0x00,0x00,0x24,0x00,0x00,0x00,0x1F,
  0x00,0x00,0x00,0x10,0x00,0x00,0x00,0x14,0x00,0x00,0x00,0x1C,0x00,0x00,0x00,0x02,
  0x00,0x00,0x00,0x00,0x00,0x00,0x00,0x25,0x00,0x00,0x00,0x1A,0x00,0x00,0x00,0x1E,
  0x00,0x00,0x00,0x20,0x00,0x00,0x00,0x1A,0x00,0x00,0x00,0x01,0x00,0x00,0x00,0x00,
  0x00,0x00,0x00,0x26,0x00,0x00,0x00,0x1A,0x00,0x00,0x00,0x1A,0x00,0x00,0x00,0x1B,
  0x00,0x00,0x00,0x1A,0x00,0x00,0x00,0x01,0x00,0x00,0x00,0x00,0x00,0x00,0x00,0x27,
  0x00,0x00,0x00,0x09,0x00,0x00,0x00,0x04,0x00,0x00,0x00,0x06,0x00,0x00,0x00,0x1A,
  0x00,0x00,0x00,0x01,0x00,0x00,0x00,0x00,0x00,0x00,0x00,0x28,0x00,0x00,0x00,0x21,
  0x00,0x00,0x00,0x0A,0x00,0x00,0x00,0x0C,0x00,0x00,0x00,0x1C,0x00,0x00,0x00,0x02,
  0x00,0x00,0x00,0x00,0x00,0x00,0x00,0x29,0x00,0x00,0x00,0x21,0x00,0x00,0x00,0x0A,
  0x00,0x00,0x00,0x0C,0x00,0x00,0x00,0x1C,0x00,0x00,0x00,0x01,0x00,0x00,0x00,0x00,
  0x00,0x00,0x00,0x2A,0x00,0x00,0x00,0x0E,0x00,0x00,0x00,0x10,0x00,0x00,0x00,0x12,
  0x00,0x00,0x00,0x1C,0x00,0x00,0x00,0x01,0x00,0x00,0x00,0x00,0x00,0x00,0x00,0x2B,
  0x00,0x00,0x00,0x11,0x00,0x00,0x00,0x10,0x00,0x00,0x00,0x14,0x00,0x00,0x00,0x16,
  0x00,0x00,0x00,0x02,0x00,0x00,0x00,0x00,0x00,0x00,0x00,0x2C,0x00,0x00,0x00,0x0B,
  0x00,0x00,0x00,0x06,0x00,0x00,0x00,0x09,0x00,0x00,0x00,0x05,0x00,0x00,0x00,0x01,
  0x00,0x00,0x00,0x00,0x00,0x00,0x00,0x2D,0x00,0x00,0x00,0x01,0x00,0x00,0x00,0x0B,
  0x00,0x00,0x00,0x0B,0x00,0x00,0x00,0x0A,0x00,0x00,0x00,0x00,0x00,0x00,0x00,0x00,
  0x00,0x00,0x00,0x2E,0x00,0x00,0x00,0x05,0x00,0x00,0x00,0x05,0x00,0x00,0x00,0x09,
  0x00,0x00,0x00,0x05,0x00,0x00,0x00,0x02,0x00,0x00,0x00,0x00,0x00,0x00,0x00,0x2F,
  0x00,0x00,0x00,0x20,0x00,0x00,0x00,0x0A,0x00,0x00,0x00,0x0A,0x00,0x00,0x00,0x1C,
  0x00,0x00,0x00,0x00,0x00,0x00,0x00,0x00,0x00,0x00,0x00,0x30,0x00,0x00,0x00,0x1A,
  0x00,0x00,0x00,0x12,0x00,0x00,0x00,0x14,0x00,0x00,0x00,0x1A,0x00,0x00,0x00,0x01,
  0x00,0x00,0x00,0x00,0x00,0x00,0x00,0x31,0x00,0x00,0x00,0x1A,0x00,0x00,0x00,0x10,
  0x00,0x00,0x00,0x14,0x00,0x00,0x00,0x1A,0x00,0x00,0x00,0x02,0x00,0x00,0x00,0x00,
  0x00,0x00,0x00,0x32,0x00,0x00,0x00,0x1A,0x00,0x00,0x00,0x11,0x00,0x00,0x00,0x14,
  0x00,0x00,0x00,0x1A,0x00,0x00,0x00,0x01,0x00,0x00,0x00,0x00,0x00,0x00,0x00,0x33,
  0x00,0x00,0x00,0x1A,0x00,0x00,0x00,0x11,0x00,0x00,0x00,0x14,0x00,0x00,0x00,0x1A,
  0x00,0x00,0x00,0x02,0x00,0x00,0x00,0x00,0x00,0x00,0x00,0x34,0x00,0x00,0x00,0x1A,
  0x00,0x00,0x00,0x14,0x00,0x00,0x00,0x14,0x00,0x00,0x00,0x1A,0x00,0x00,0x00,0x00,
  0x00,0x00,0x00,0x00,0x00,0x00,0x00,0x35,0x00,0x00,0x00,0x1A,0x00,0x00,0x00,0x10,
  0x00,0x00,0x00,0x14,0x00,0x00,0x00,0x1A,0x00,0x00,0x00,0x02,0x00,0x00,0x00,0x00,
  0x00,0x00,0x00,0x36,0x00,0x00,0x00,0x1A,0x00,0x00,0x00,0x11,0x00,0x00,0x00,0x14,
  0x00,0x00,0x00,0x1A,0x00,0x00,0x00,0x02,0x00,0x00,0x00,0x00,0x00,0x00,0x00,0x37,
  0x00,0x00,0x00,0x1A,0x00,0x00,0x00,0x11,0x00,0x00,0x00,0x14,0x00,0x00,0x00,0x1A,
  0x00,0x00,0x00,0x02,0x00,0x00,0x00,0x00,0x00,0x00,0x00,0x38,0x00,0x00,0x00,0x1A,
  0x00,0x00,0x00,0x12,0x00,0x00,0x00,0x14,0x00,0x00,0x00,0x1A,0x00,0x00,0x00,0x01,
  0x00,0x00,0x00,0x00,0x00,0x00,0x00,0x39,0x00,0x00,0x00,0x1A,0x00,0x00,0x00,0x11,
  0x00,0x00,0x00,0x14,0x00,0x00,0x00,0x1A,0x00,0x00,0x00,0x01,0x00,0x00,0x00,0x00,
  0x00,0x00,0x00,0x3A,0x00,0x00,0x00,0x14,0x00,0x00,0x00,0x05,0x00,0x00,0x00,0x0A,
  0x00,0x00,0x00,0x14,0x00,0x00,0x00,0x03,0x00,0x00,0x00,0x00,0x00,0x00,0x00,0x3B,
  0x00,0x00,0x00,0x1A,0x00,0x00,0x00,0x07,0x00,0x00,0x00,0x0A,0x00,0x00,0x00,0x14,
  0x00,0x00,0x00,0x01,0x00,0x00,0x00,0x00,0x00,0x00,0x00,0x3C,0x00,0x00,0x00,0x12,
  0x00,0x00,0x00,0x10,0x00,0x00,0x00,0x14,0x00,0x00,0x00,0x16,0x00,0x00,0x00,0x02,
  0x00,0x00,0x00,0x00,0x00,0x00,0x00,0x3D,0x00,0x00,0x00,0x09,0x00,0x00,0x00,0x10,
  0x00,0x00,0x00,0x14,0x00,0x00,0x00,0x12,0x00,0x00,0x00,0x02,0x00,0x00,0x00,0x00,
  0x00,0x00,0x00,0x3E,0x00,0x00,0x00,0x12,0x00,0x00,0x00,0x10,0x00,0x00,0x00,0x14,
  0x00,0x00,0x00,0x16,0x00,0x00,0x00,0x02,0x00,0x00,0x00,0x00,0x00,0x00,0x00,0x3F,
  0x00,0x00,0x00,0x1A,0x00,0x00,0x00,0x10,0x00,0x00,0x00,0x12,0x00,0x00,0x00,0x1A,
  0x00,0x00,0x00,0x01,0x00,0x00,0x00,0x00,0x00,0x00,0x00,0x40,0x00,0x00,0x00,0x1F,
  0x00,0x00,0x00,0x1E,0x00,0x00,0x00,0x21,0x00,0x00,0x00,0x1A,0x00,0x00,0x00,0x02,
  0x00,0x00,0x00,0x00,0x00,0x00,0x00,0x41,0x00,0x00,0x00,0x1A,0x00,0x00,0x00,0x1A,
  0x00,0x00,0x00,0x19,0x00,0x00,0x00,0x1A,0x00,0x00,0x00,0x00,0x00,0x00,0x00,0x00,
  0x00,0x00,0x00,0x42,0x00,0x00,0x00,0x1A,0x00,0x00,0x00,0x15,0x00,0x00,0x00,0x18,
  0x00,0x00,0x00,0x1A,0x00,0x00,0x00,0x01,0x00,0x00,0x00,0x00,0x00,0x00,0x00,0x43,
  0x00,0x00,0x00,0x1A,0x00,0x00,0x00,0x13,0x00,0x00,0x00,0x16,0x00,0x00,0x00,0x1A,
  0x00,0x00,0x00,0x02,0x00,0x00,0x00,0x00,0x00,0x00,0x00,0x44,0x00,0x00,0x00,0x1A,
  0x00,0x00,0x00,0x18,0x00,0x00,0x00,0x1A,0x00,0x00,0x00,0x1A,0x00,0x00,0x00,0x01,
  0x00,0x00,0x00,0x00,0x00,0x00,0x00,0x45,0x00,0x00,0x00,0x1A,0x00,0x00,0x00,0x14,
  0x00,0x00,0x00,0x16,0x00,0x00,0x00,0x1A,0x00,0x00,0x00,0x01,0x00,0x00,0x00,0x00,
  0x00,0x00,0x00,0x46,0x00,0x00,0x00,0x1A,0x00,0x00,0x00,0x13,0x00,0x00,0x00,0x15,
  0x00,0x00,0x00,0x1A,0x00,0x00,0x00,0x01,0x00,0x00,0x00,0x00,0x00,0x00,0x00,0x47,
  0x00,0x00,0x00,0x1A,0x00,0x00,0x00,0x18,0x00,0x00,0x00,0x1A,0x00,0x00,0x00,0x1A,
  0x00,0x00,0x00,0x02,0x00,0x00,0x00,0x00,0x00,0x00,0x00,0x48,0x00,0x00,0x00,0x1A,
  0x00,0x00,0x00,0x1B,0x00,0x00,0x00,0x1D,0x00,0x00,0x00,0x1A,0x00,0x00,0x00,0x01,
  0x00,0x00,0x00,0x00,0x00,0x00,0x00,0x49,0x00,0x00,0x00,0x1A,0x00,0x00,0x00,0x0B,
  0x00,0x00,0x00,0x0D,0x00,0x00,0x00,0x1A,0x00,0x00,0x00,0x01,0x00,0x00,0x00,0x00,
  0x00,0x00,0x00,0x4A,0x00,0x00,0x00,0x23,0x00,0x00,0x00,0x0D,0x00,0x00,0x00,0x0D,
  0x00,0x00,0x00,0x1A,0xFF,0xFF,0xFF,0xFF,0x00,0x00,0x00,0x00,0x00,0x00,0x00,0x4B,
  0x00,0x00,0x00,0x1A,0x00,0x00,0x00,0x19,0x00,0x00,0x00,0x19,0x00,0x00,0x00,0x1A,
  0x00,0x00,0x00,0x01,0x00,0x00,0x00,0x00,0x00,0x00,0x00,0x4C,0x00,0x00,0x00,0x1A,
  0x00,0x00,0x00,0x14,0x00,0x00,0x00,0x16,0x00,0x00,0x00,0x1A,0x00,0x00,0x00,0x01,
  0x00,0x00,0x00,0x00,0x00,0x00,0x00,0x4D,0x00,0x00,0x00,0x1A,0x00,0x00,0x00,0x20,
  0x00,0x00,0x00,0x22,0x00,0x00,0x00,0x1A,0x00,0x00,0x00,0x01,0x00,0x00,0x00,0x00,
  0x00,0x00,0x00,0x4E,0x00,0x00,0x00,0x1A,0x00,0x00,0x00,0x1A,0x00,0x00,0x00,0x1B,
  0x00,0x00,0x00,0x1A,0x00,0x00,0x00,0x01,0x00,0x00,0x00,0x00,0x00,0x00,0x00,0x4F,
  0x00,0x00,0x00,0x1A,0x00,0x00,0x00,0x17,0x00,0x00,0x00,0x1B,0x00,0x00,0x00,0x1A,
  0x00,0x00,0x00,0x02,0x00,0x00,0x00,0x00,0x00,0x00,0x00,0x50,0x00,0x00,0x00,0x1A,
  0x00,0x00,0x00,0x14,0x00,0x00,0x00,0x16,0x00,0x00,0x00,0x1A,0x00,0x00,0x00,0x01,
  0x00,0x00,0x00,0x00,0x00,0x00,0x00,0x51,0x00,0x00,0x00,0x23,0x00,0x00,0x00,0x17,
  0x00,0x00,0x00,0x1B,0x00,0x00,0x00,0x1A,0x00,0x00,0x00,0x02,0x00,0x00,0x00,0x00,
  0x00,0x00,0x00,0x52,0x00,0x00,0x00,0x1A,0x00,0x00,0x00,0x17,0x00,0x00,0x00,0x18,
  0x00,0x00,0x00,0x1A,0x00,0x00,0x00,0x01,0x00,0x00,0x00,0x00,0x00,0x00,0x00,0x53,
  0x00,0x00,0x00,0x1A,0x00,0x00,0x00,0x11,0x00,0x00,0x00,0x14,0x00,0x00,0x00,0x1A,
  0x00,0x00,0x00,0x01,0x00,0x00,0x00,0x00,0x00,0x00,0x00,0x54,0x00,0x00,0x00,0x1A,
  0x00,0x00,0x00,0x16,0x00,0x00,0x00,0x16,0x00,0x00,0x00,0x1A,0x00,0x00,0x00,0x00,
  0x00,0x00,0x00,0x00,0x00,0x00,0x00,0x55,0x00,0x00,0x00,0x1A,0x00,0x00,0x00,0x1A,
  0x00,0x00,0x00,0x1A,0x00,0x00,0x00,0x1A,0x00,0x00,0x00,0x00,0x00,0x00,0x00,0x00,
  0x00,0x00,0x00,0x56,0x00,0x00,0x00,0x1A,0x00,0x00,0x00,0x19,0x00,0x00,0x00,0x18,
  0x00,0x00,0x00,0x1A,0x00,0x00,0x00,0x00,0x00,0x00,0x00,0x00,0x00,0x00,0x00,0x57,
  0x00,0x00,0x00,0x1A,0x00,0x00,0x00,0x25,0x00,0x00,0x00,0x26,0x00,0x00,0x00,0x1A,
  0x00,0x00,0x00,0x00,0x00,0x00,0x00,0x00,0x00,0x00,0x00,0x58,0x00,0x00,0x00,0x1A,
  0x00,0x00,0x00,0x18,0x00,0x00,0x00,0x18,0x00,0x00,0x00,0x1A,0x00,0x00,0x00,0x00,
  0x00,0x00,0x00,0x00,0x00,0x00,0x00,0x59,0x00,0x00,0x00,0x1A,0x00,0x00,0x00,0x18,
  0x00,0x00,0x00,0x16,0x00,0x00,0x00,0x1A,0xFF,0xFF,0xFF,0xFF,0x00,0x00,0x00,0x00,
  0x00,0x00,0x00,0x5A,0x00,0x00,0x00,0x1A,0x00,0x00,0x00,0x13,0x00,0x00,0x00,0x15,
  0x00,0x00,0x00,0x1A,0x00,0x00,0x00,0x01,0x00,0x00,0x00,0x00,0x00,0x00,0x00,0x5B,
  0x00,0x00,0x00,0x21,0x00,0x00,0x00,0x09,0x00,0x00,0x00,0x0D,0x00,0x00,0x00,0x1C,
  0x00,0x00,0x00,0x03,0x00,0x00,0x00,0x00,0x00,0x00,0x00,0x5C,0x00,0x00,0x00,0x20,
  0x00,0x00,0x00,0x09,0x00,0x00,0x00,0x09,0x00,0x00,0x00,0x1C,0x00,0x00,0x00,0x00,
  0x00,0x00,0x00,0x00,0x00,0x00,0x00,0x5D,0x00,0x00,0x00,0x21,0x00,0x00,0x00,0x09,
  0x00,0x00,0x00,0x0D,0x00,0x00,0x00,0x1C,0x00,0x00,0x00,0x01,0x00,0x00,0x00,0x00,
  0x00,0x00,0x00,0x5E,0x00,0x00,0x00,0x11,0x00,0x00,0x00,0x0F,0x00,0x00,0x00,0x12,
  0x00,0x00,0x00,0x1B,0x00,0x00,0x00,0x02,0x00,0x00,0x00,0x00,0x00,0x00,0x00,0x5F,
  0x00,0x00,0x00,0x01,0x00,0x00,0x00,0x12,0x00,0x00,0x00,0x11,0xFF,0xFF,0xFF,0xFC,
  0xFF,0xFF,0xFF,0xFF,0x00,0x00,0x00,0x00,0x00,0x00,0x00,0x60,0x00,0x00,0x00,0x06,
  0x00,0x00,0x00,0x07,0x00,0x00,0x00,0x09,0x00,0x00,0x00,0x1C,0x00,0x00,0x00,0x01,
  0x00,0x00,0x00,0x00,0x00,0x00,0x00,0x61,0x00,0x00,0x00,0x14,0x00,0x00,0x00,0x12,
  0x00,0x00,0x00,0x14,0x00,0x00,0x00,0x14,0x00,0x00,0x00,0x01,0x00,0x00,0x00,0x00,
  0x00,0x00,0x00,0x62,0x00,0x00,0x00,0x1C,0x00,0x00,0x00,0x15,0x00,0x00,0x00,0x16,
  0x00,0x00,0x00,0x1C,0x00,0x00,0x00,0x00,0x00,0x00,0x00,0x00,0x00,0x00,0x00,0x63,
  0x00,0x00,0x00,0x14,0x00,0x00,0x00,0x10,0x00,0x00,0x00,0x12,0x00,0x00,0x00,0x14,
  0x00,0x00,0x00,0x01,0x00,0x00,0x00,0x00,0x00,0x00,0x00,0x64,0x00,0x00,0x00,0x1C,
  0x00,0x00,0x00,0x14,0x00,0x00,0x00,0x16,0x00,0x00,0x00,0x1C,0x00,0x00,0x00,0x02,
  0x00,0x00,0x00,0x00,0x00,0x00,0x00,0x65,0x00,0x00,0x00,0x14,0x00,0x00,0x00,0x10,
  0x00,0x00,0x00,0x13,0x00,0x00,0x00,0x14,0x00,0x00,0x00,0x02,0x00,0x00,0x00,0x00,
  0x00,0x00,0x00,0x66,0x00,0x00,0x00,0x1D,0x00,0x00,0x00,0x10,0x00,0x00,0x00,0x0D,
  0x00,0x00,0x00,0x1D,0x00,0x00,0x00,0x00,0x00,0x00,0x00,0x00,0x00,0x00,0x00,0x67,
  0x00,0x00,0x00,0x1E,0x00,0x00,0x00,0x13,0x00,0x00,0x00,0x13,0x00,0x00,0x00,0x15,
  0x00,0x00,0x00,0x00,0x00,0x00,0x00,0x00,0x00,0x00,0x00,0x68,0x00,0x00,0x00,0x1C,
  0x00,0x00,0x00,0x16,0x00,0x00,0x00,0x17,0x00,0x00,0x00,0x1C,0x00,0x00,0x00,0x00,
  0x00,0x00,0x00,0x00,0x00,0x00,0x00,0x69,0x00,0x00,0x00,0x1C,0x00,0x00,0x00,0x0C,
  0x00,0x00,0x00,0x0C,0x00,0x00,0x00,0x1C,0x00,0x00,0x00,0x00,0x00,0x00,0x00,0x00,
  0x00,0x00,0x00,0x6A,0x00,0x00,0x00,0x25,0x00,0x00,0x00,0x09,0x00,0x00,0x00,0x0B,
  0x00,0x00,0x00,0x1C,0xFF,0xFF,0xFF,0xFF,0x00,0x00,0x00,0x00,0x00,0x00,0x00,0x6B,
  0x00,0x00,0x00,0x1C,0x00,0x00,0x00,0x16,0x00,0x00,0x00,0x15,0x00,0x00,0x00,0x1C,
  0x00,0x00,0x00,0x00,0x00,0x00,0x00,0x00,0x00,0x00,0x00,0x6C,0x00,0x00,0x00,0x1C,
  0x00,0x00,0x00,0x0B,0x00,0x00,0x00,0x0B,0x00,0x00,0x00,0x1C,0x00,0x00,0x00,0x00,
  0x00,0x00,0x00,0x00,0x00,0x00,0x00,0x6D,0x00,0x00,0x00,0x14,0x00,0x00,0x00,0x21,
  0x00,0x00,0x00,0x22,0x00,0x00,0x00,0x14,0x00,0x00,0x00,0x01,0x00,0x00,0x00,0x00,
  0x00,0x00,0x00,0x6E,0x00,0x00,0x00,0x14,0x00,0x00,0x00,0x16,0x00,0x00,0x00,0x17,
  0x00,0x00,0x00,0x14,0x00,0x00,0x00,0x01,0x00,0x00,0x00,0x00,0x00,0x00,0x00,0x6F,
  0x00,0x00,0x00,0x14,0x00,0x00,0x00,0x11,0x00,0x00,0x00,0x15,0x00,0x00,0x00,0x14,
  0x00,0x00,0x00,0x02,0x00,0x00,0x00,0x00,0x00,0x00,0x00,0x70,0x00,0x00,0x00,0x1D,
  0x00,0x00,0x00,0x15,0x00,0x00,0x00,0x16,0x00,0x00,0x00,0x14,0x00,0x00,0x00,0x00,
  0x00,0x00,0x00,0x00,0x00,0x00,0x00,0x71,0x00,0x00,0x00,0x1D,0x00,0x00,0x00,0x14,
  0x00,0x00,0x00,0x16,0x00,0x00,0x00,0x14,0x00,0x00,0x00,0x02,0x00,0x00,0x00,0x00,
  0x00,0x00,0x00,0x72,0x00,0x00,0x00,0x14,0x00,0x00,0x00,0x11,0x00,0x00,0x00,0x11,
  0x00,0x00,0x00,0x14,0x00,0x00,0x00,0x00,0x00,0x00,0x00,0x00,0x00,0x00,0x00,0x73,
  0x00,0x00,0x00,0x14,0x00,0x00,0x00,0x0E,0x00,0x00,0x00,0x10,0x00,0x00,0x00,0x14,
  0x00,0x00,0x00,0x01,0x00,0x00,0x00,0x00,0x00,0x00,0x00,0x74,0x00,0x00,0x00,0x19,
  0x00,0x00,0x00,0x0C,0x00,0x00,0x00,0x0D,0x00,0x00,0x00,0x19,0x00,0x00,0x00,0x00,
  0x00,0x00,0x00,0x00,0x00,0x00,0x00,0x75,0x00,0x00,0x00,0x14,0x00,0x00,0x00,0x17,
  0x00,0x00,0x00,0x17,0x00,0x00,0x00,0x14,0x00,0x00,0x00,0x00,0x00,0x00,0x00,0x00,
  0x00,0x00,0x00,0x76,0x00,0x00,0x00,0x14,0x00,0x00,0x00,0x15,0x00,0x00,0x00,0x15,
  0x00,0x00,0x00,0x14,0x00,0x00,0x00,0x00,0x00,0x00,0x00,0x00,0x00,0x00,0x00,0x77,
  0x00,0x00,0x00,0x14,0x00,0x00,0x00,0x1F,0x00,0x00,0x00,0x1F,0x00,0x00,0x00,0x14,
  0x00,0x00,0x00,0x00,0x00,0x00,0x00,0x00,0x00,0x00,0x00,0x78,0x00,0x00,0x00,0x14,
  0x00,0x00,0x00,0x15,0x00,0x00,0x00,0x15,0x00,0x00,0x00,0x14,0x00,0x00,0x00,0x00,
  0x00,0x00,0x00,0x00,0x00,0x00,0x00,0x79,0x00,0x00,0x00,0x1D,0x00,0x00,0x00,0x15,
  0x00,0x00,0x00,0x14,0x00,0x00,0x00,0x14,0x00,0x00,0x00,0x00,0x00,0x00,0x00,0x00,
  0x00,0x00,0x00,0x7A,0x00,0x00,0x00,0x14,0x00,0x00,0x00,0x10,0x00,0x00,0x00,0x12,
  0x00,0x00,0x00,0x14,0x00,0x00,0x00,0x01,0x00,0x00,0x00,0x00,0x00,0x00,0x00,0x7B,
  0x00,0x00,0x00,0x21,0x00,0x00,0x00,0x0D,0x00,0x00,0x00,0x0F,0x00,0x00,0x00,0x1C,
  0x00,0x00,0x00,0x01,0x00,0x00,0x00,0x00,0x00,0x00,0x00,0x7C,0x00,0x00,0x00,0x25,
  0x00,0x00,0x00,0x02,0x00,0x00,0x00,0x14,0x00,0x00,0x00,0x1C,0x00,0x00,0x00,0x09,
  0x00,0x00,0x00,0x00,0x00,0x00,0x00,0x7D,0x00,0x00,0x00,0x21,0x00,0x00,0x00,0x0D,
  0x00,0x00,0x00,0x0F,0x00,0x00,0x00,0x1C,0x00,0x00,0x00,0x01,0x00,0x00,0x00,0x00,
  0x00,0x00,0x00,0x7E,0x00,0x00,0x00,0x06,0x00,0x00,0x00,0x10,0x00,0x00,0x00,0x14,
  0x00,0x00,0x00,0x10,0x00,0x00,0x00,0x02,0x00,0x00,0x00,0x00,0x00,0x00,0x00,0xA1,
  0x00,0x00,0x00,0x1B,0x00,0x00,0x00,0x06,0x00,0x00,0x00,0x0C,0x00,0x00,0x00,0x14,
  0x00,0x00,0x00,0x03,0x00,0x00,0x00,0x00,0x00,0x00,0x00,0xAA,0x00,0x00,0x00,0x0C,
  0x00,0x00,0x00,0x0D,0x00,0x00,0x00,0x0E,0x00,0x00,0x00,0x1A,0x00,0x00,0x00,0x01,
  0x00,0x00,0x00,0x00,0x00,0x00,0x00,0xAB,0x00,0x00,0x00,0x0E,0x00,0x00,0x00,0x0F,
  0x00,0x00,0x00,0x12,0x00,0x00,0x00,0x11,0x00,0x00,0x00,0x02,0x00,0x00,0x00,0x00,
  0x00,0x00,0x00,0xB0,0x00,0x00,0x00,0x0B,0x00,0x00,0x00,0x0C,0x00,0x00,0x00,0x0E,
  0x00,0x00,0x00,0x1A,0x00,0x00,0x00,0x01,0x00,0x00,0x00,0x00,0x00,0x00,0x00,0xB1,
  0x00,0x00,0x00,0x15,0x00,0x00,0x00,0x10,0x00,0x00,0x00,0x14,0x00,0x00,0x00,0x16,
  0x00,0x00,0x00,0x02,0x00,0x00,0x00,0x00,0x00,0x00,0x00,0xB7,0x00,0x00,0x00,0x05,
  0x00,0x00,0x00,0x05,0x00,0x00,0x00,0x09,0x00,0x00,0x00,0x10,0x00,0x00,0x00,0x02,
  0x00,0x00,0x00,0x00,0x00,0x00,0x00,0xBA,0x00,0x00,0x00,0x0C,0x00,0x00,0x00,0x0D,
  0x00,0x00,0x00,0x0E,0x00,0x00,0x00,0x1A,0x00,0x00,0x00,0x01,0x00,0x00,0x00,0x00,
  0x00,0x00,0x00,0xBB,0x00,0x00,0x00,0x0E,0x00,0x00,0x00,0x0F,0x00,0x00,0x00,0x12,
  0x00,0x00,0x00,0x11,0x00,0x00,0x00,0x02,0x00,0x00,0x00,0x00,0x00,0x00,0x00,0xBF,
  0x00,0x00,0x00,0x1A,0x00,0x00,0x00,0x10,0x00,0x00,0x00,0x12,0x00,0x00,0x00,0x13,
  0x00,0x00,0x00,0x01,0x00,0x00,0x00,0x00,0x00,0x00,0x00,0xC1,0x00,0x00,0x00,0x22,
  0x00,0x00,0x00,0x1A,0x00,0x00,0x00,0x19,0x00,0x00,0x00,0x22,0x00,0x00,0x00,0x00,
  0x00,0x00,0x00,0x00,0x00,0x00,0x00,0xC9,0x00,0x00,0x00,0x22,0x00,0x00,0x00,0x14,
  0x00,0x00,0x00,0x16,0x00,0x00,0x00,0x22,0x00,0x00,0x00,0x01,0x00,0x00,0x00,0x00,
  0x00,0x00,0x00,0xCD,0x00,0x00,0x00,0x22,0x00,0x00,0x00,0x0B,0x00,0x00,0x00,0x0D,
  0x00,0x00,0x00,0x22,0x00,0x00,0x00,0x01,0x00,0x00,0x00,0x00,0x00,0x00,0x00,0xD1,
  0x00,0x00,0x00,0x21,0x00,0x00,0x00,0x1A,0x00,0x00,0x00,0x1B,0x00,0x00,0x00,0x21,
  0x00,0x00,0x00,0x01,0x00,0x00,0x00,0x00,0x00,0x00,0x00,0xD3,0x00,0x00,0x00,0x22,
  0x00,0x00,0x00,0x17,0x00,0x00,0x00,0x1B,0x00,0x00,0x00,0x22,0x00,0x00,0x00,0x02,
  0x00,0x00,0x00,0x00,0x00,0x00,0x00,0xD7,0x00,0x00,0x00,0x10,0x00,0x00,0x00,0x10,
  0x00,0x00,0x00,0x14,0x00,0x00,0x00,0x15,0x00,0x00,0x00,0x02,0x00,0x00,0x00,0x00,
  0x00,0x00,0x00,0xDA,0x00,0x00,0x00,0x22,0x00,0x00,0x00,0x1A,0x00,0x00,0x00,0x1A,
  0x00,0x00,0x00,0x22,0x00,0x00,0x00,0x00,0x00,0x00,0x00,0x00,0x00,0x00,0x00,0xDC,
  0x00,0x00,0x00,0x21,0x00,0x00,0x00,0x1A,0x00,0x00,0x00,0x1A,0x00,0x00,0x00,0x21,
  0x00,0x00,0x00,0x00,0x00,0x00,0x00,0x00,0x00,0x00,0x00,0xE1,0x00,0x00,0x00,0x1C,
  0x00,0x00,0x00,0x12,0x00,0x00,0x00,0x14,0x00,0x00,0x00,0x1C,0x00,0x00,0x00,0x01,
  0x00,0x00,0x00,0x00,0x00,0x00,0x00,0xE9,0x00,0x00,0x00,0x1C,0x00,0x00,0x00,0x10,
  0x00,0x00,0x00,0x13,0x00,0x00,0x00,0x1C,0x00,0x00,0x00,0x02,0x00,0x00,0x00,0x00,
  0x00,0x00,0x00,0xED,0x00,0x00,0x00,0x1C,0x00,0x00,0x00,0x0C,0x00,0x00,0x00,0x0C,
  0x00,0x00,0x00,0x1C,0x00,0x00,0x00,0x00,0x00,0x00,0x00,0x00,0x00,0x00,0x00,0xF1,
  0x00,0x00,0x00,0x1B,0x00,0x00,0x00,0x16,0x00,0x00,0x00,0x17,0x00,0x00,0x00,0x1B,
  0x00,0x00,0x00,0x01,0x00,0x00,0x00,0x00,0x00,0x00,0x00,0xF3,0x00,0x00,0x00,0x1C,
  0x00,0x00,0x00,0x11,0x00,0x00,0x00,0x15,0x00,0x00,0x00,0x1C,0x00,0x00,0x00,0x02,
  0x00,0x00,0x00,0x00,0x00,0x00,0x00,0xF7,0x00,0x00,0x00,0x10,0x00,0x00,0x00,0x10,
  0x00,0x00,0x00,0x14,0x00,0x00,0x00,0x15,0x00,0x00,0x00,0x02,0x00,0x00,0x00,0x00,
  0x00,0x00,0x00,0xFA,0x00,0x00,0x00,0x1C,0x00,0x00,0x00,0x17,0x00,0x00,0x00,0x17,
  0x00,0x00,0x00,0x1C,0x00,0x00,0x00,0x00,0x00,0x00,0x00,0x00,0x00,0x00,0x00,0xFC,
  0x00,0x00,0x00,0x1B,0x00,0x00,0x00,0x17,0x00,0x00,0x00,0x17,0x00,0x00,0x00,0x1B,
  0x00,0x00,0x00,0x00,0x00,0x00,0x00,0x00,0x00,0x00,0x20,0x14,0x00,0x00,0x00,0x01,
  0x00,0x00,0x00,0x26,0x00,0x00,0x00,0x24,0x00,0x00,0x00,0x0A,0xFF,0xFF,0xFF,0xFF,
  0x00,0x00,0x00,0x00,0x00,0x00,0x20,0x18,0x00,0x00,0x00,0x0B,0x00,0x00,0x00,0x06,
  0x00,0x00,0x00,0x09,0x00,0x00,0x00,0x1B,0x00,0x00,0x00,0x02,0x00,0x00,0x00,0x00,
  0x00,0x00,0x20,0x19,0x00,0x00,0x00,0x0B,0x00,0x00,0x00,0x06,0x00,0x00,0x00,0x09,
  0x00,0x00,0x00,0x1A,0x00,0x00,0x00,0x01,0x00,0x00,0x00,0x00,0x00,0x00,0x20,0x1C,
  0x00,0x00,0x00,0x0B,0x00,0x00,0x00,0x0E,0x00,0x00,0x00,0x10,0x00,0x00,0x00,0x1B,
  0x00,0x00,0x00,0x02,0x00,0x00,0x00,0x00,0x00,0x00,0x20,0x1D,0x00,0x00,0x00,0x0B,
  0x00,0x00,0x00,0x0E,0x00,0x00,0x00,0x10,0x00,0x00,0x00,0x1A,0x00,0x00,0x00,0x01,
  0x00,0x00,0x00,0x00,0x00,0x00,0x20,0x22,0x00,0x00,0x00,0x0B,0x00,0x00,0x00,0x09,
  0x00,0x00,0x00,0x0D,0x00,0x00,0x00,0x13,0x00,0x00,0x00,0x02,0x00,0x00,0x00,0x00,
  0x00,0x00,0x20,0x26,0x00,0x00,0x00,0x05,0x00,0x00,0x00,0x19,0x00,0x00,0x00,0x1F,
  0x00,0x00,0x00,0x05,0x00,0x00,0x00,0x03,0x00,0x00,0x00,0x00,0x00,0x00,0x20,0xAC,
  0x00,0x00,0x00,0x1A,0x00,0x00,0x00,0x13,0x00,0x00,0x00,0x14,0x00,0x00,0x00,0x1A,
  0x00,0x00,0x00,0x01,0x00,0x00,0x00,0x00,0x00,0x00,0x21,0x90,0x00,0x00,0x00,0x1A,
  0x00,0x00,0x00,0x10,0x00,0x00,0x00,0x16,0x00,0x00,0x00,0x1A,0x00,0x00,0x00,0x03,
  0x00,0x00,0x00,0x00,0x00,0x00,0x21,0x92,0x00,0x00,0x00,0x1A,0x00,0x00,0x00,0x10,
  0x00,0x00,0x00,0x16,0x00,0x00,0x00,0x1A,0x00,0x00,0x00,0x03,0x00,0x00,0x00,0x00,
  0x00,0x00,0x25,0xCB,0x00,0x00,0x00,0x1A,0x00,0x00,0x00,0x10,0x00,0x00,0x00,0x16,
  0x00,0x00,0x00,0x1A,0x00,0x00,0x00,0x03,0x00,0x00,0x00,0x00,0x00,0x00,0x25,0xCF,
  0x00,0x00,0x00,0x1A,0x00,0x00,0x00,0x10,0x00,0x00,0x00,0x16,0x00,0x00,0x00,0x1A,
  0x00,0x00,0x00,0x03,0x00,0x00,0x00,0x00,0x00,0x00,0x27,0x13,0x00,0x00,0x00,0x1A,
  0x00,0x00,0x00,0x10,0x00,0x00,0x00,0x16,0x00,0x00,0x00,0x1A,0x00,0x00,0x00,0x03,
  0x00,0x00,0x00,0x00,0x00,0x00,0x27,0x17,0x00,0x00,0x00,0x1A,0x00,0x00,0x00,0x10,
  0x00,0x00,0x00,0x16,0x00,0x00,0x00,0x1A,0x00,0x00,0x00,0x03,0x00,0x00,0x00,0x00,
  0x10,0xFF,0xFF,0xFF,0xFE,0x04,0x00,0xF6,0xFF,0xFF,0xEA,0x00,0x00,0xDD,0xFF,0xFF,
  0xD1,0x00,0x00,0xC4,0xFF,0xFF,0xB8,0x00,0x00,0xAA,0xFF,0xFF,0x9F,0x00,0x00,0x91,
  0xFF,0xFF,0x86,0x00,0x00,0x78,0xFF,0xFF,0x6D,0x00,0x00,0x5E,0xFF,0xFF,0x55,0x00,
  0x00,0x45,0xFF,0xFF,0x3C,0x00,0x00,0x2C,0xFF,0xFF,0x23,0x00,0x00,0x13,0xFF,0xFF,
  0x0A,0x00,0x00,0x00,0xF8,0xF1,0x00,0x00,0x00,0x00,0xE0,0xD8,0x00,0x00,0x00,0x00,
  0xC7,0xBF,0x00,0x00,0x00,0x00,0xAD,0xA7,0x00,0x00,0x00,0x00,0x94,0x8E,0x00,0x00,
  0x00,0x00,0x7B,0x75,0x00,0x00,0x00,0x00,0x61,0x5C,0x00,0x00,0x00,0x00,0x27,0x25,
  0x00,0x00,0x00,0x00,0x00,0x00,0x00,0x00,0x00,0x00,0x00,0x00,0x00,0x00,0x00,0x3D,
  0xCC,0xC8,0x35,0x00,0x00,0xCE,0xFF,0xFF,0xC1,0x00,0x00,0xF0,0xFF,0xFF,0xE4,0x00,
  0x00,0xD6,0xFF,0xFF,0xC9,0x00,0x00,0x50,0xE9,0xE5,0x46,0x00,0xD7,0xFF,0xFF,0x69,
  0x27,0xFF,0xFF,0xFF,0x19,0xAB,0xFF,0xFF,0x3E,0x03,0xF8,0xFF,0xEE,0x00,0x80,0xFF,
  0xFF,0x13,0x00,0xD0,0xFF,0xC3,0x00,0x54,0xFF,0xE7,0x00,0x00,0xA4,0xFF,0x97,0x00,
  0x29,0xFF,0xBC,0x00,0x00,0x79,0xFF,0x6C,0x00,0x04,0xF9,0x91,0x00,0x00,0x4E,0xFF,
  0x41,0x00,0x00,0xD2,0x65,0x00,0x00,0x22,0xFF,0x15,0x00,0x00,0xA7,0x3A,0x00,0x00,
  0x01,0xE0,0x00,0x00,0x00,0x41,0x0C,0x00,0x00,0x00,0x4E,0x00,0x00,0x00,0x00,0x00,
  0x00,0x00,0x00,0x00,0x00,0x5C,0x00,0x00,0x00,0x00,0x00,0x00,0x5C,0x00,0x00,0x00,
  0x00,0x00,0x00,0x00,0x00,0x00,0x00,0x00,0x00,0x5A,0x00,0x00,0x00,0x00,0x00,0x00,
  0x5C,0x00,0x00,0x00,0x00,0x00,0x00,0x00,0x00,0x00,0x00,0x00,0x23,0x38,0x00,0x00,
  0x00,0x00,0x00,0x00,0x5D,0x00,0x00,0x00,0x00,0x00,0x00,0x00,0x00,0x00,0x00,0x00,
  0x52,0x09,0x00,0x00,0x00,0x00,0x00,0x1A,0x43,0x00,0x00,0x00,0x00,0x00,0x00,0x00,
  0x00,0x00,0x00,0x00,0x5C,0x00,0x00,0x00,0x00,0x00,0x00,0x4C,0x11,0x00,0x00,0x00,
  0x00,0x00,0x00,0x00,0x00,0x00,0x00,0x00,0x5C,0x00,0x00,0x00,0x00,0x00,0x00,0x5F,
  0x00,0x00,0x00,0x00,0x00,0x00,0x00,0x00,0x00,0x00,0x00,0x00,0x5A,0x00,0x00,0x00,
  0x00,0x00,0x00,0x60,0x00,0x00,0x00,0x00,0x00,0x00,0x00,0x57,0x5C,0x5C,0x5C,0x70,
  0x82,0x5C,0x5C,0x5C,0x5C,0x5C,0x5C,0x98,0x5C,0x5C,0x5C,0x5C,0x14,0x00,0x00,0x00,
  0x00,0x00,0x00,0x4C,0x10,0x00,0x00,0x00,0x00,0x00,0x10,0x4B,0x00,0x00,0x00,0x00,
  0x00,0x00,0x00,0x00,0x00,0x00,0x00,0x5C,0x00,0x00,0x00,0x00,0x00,0x00,0x3B,0x20,
  0x00,0x00,0x00,0x00,0x00,0x00,0x00,0x00,0x00,0x00,0x00,0x5C,0x00,0x00,0x00,0x00,
  0x00,0x00,0x5A,0x01,0x00,0x00,0x00,0x00,0x00,0x00,0x00,0x00,0x00,0x00,0x00,0x5C,
  0x00,0x00,0x00,0x00,0x00,0x00,0x5C,0x00,0x00,0x00,0x00,0x00,0x00,0x00,0x00,0x00,
  0x00,0x00,0x02,0x59,0x00,0x00,0x00,0x00,0x00,0x00,0x5C,0x00,0x00,0x00,0x00,0x00,
  0x00,0x00,0x00,0x00,0x00,0x00,0x24,0x38,0x00,0x00,0x00,0x00,0x00,0x00,0x5C,0x00,
  0x00,0x00,0x00,0x00,0x00,0x00,0x00,0x00,0x00,0x00,0x4E,0x0D,0x00,0x00,0x00,0x00,
  0x00,0x13,0x48,0x00,0x00,0x00,0x00,0x00,0x00,0x00,0x00,0x00,0x00,0x00,0x5C,0x00,
  0x00,0x00,0x00,0x00,0x00,0x3E,0x1D,0x00,0x00,0x00,0x00,0x00,0x00,0x00,0x00,0x00,
  0x00,0x00,0x5C,0x00,0x00,0x00,0x00,0x00,0x00,0x5B,0x00,0x00,0x00,0x00,0x00,0x00,
  0x00,0x08,0x5C,0x5C,0x5C,0x5C,0x98,0x5C,0x5C,0x5C,0x5C,0x5C,0x5C,0x96,0x5C,0x5C,
  0x5C,0x5C,0x5C,0x07,0x00,0x00,0x00,0x00,0x00,0x07,0x57,0x00,0x00,0x00,0x00,0x00,
  0x00,0x5C,0x00,0x00,0x00,0x00,0x00,0x00,0x00,0x00,0x00,0x00,0x00,0x33,0x2C,0x00,
  0x00,0x00,0x00,0x00,0x01,0x5A,0x00,0x00,0x00,0x00,0x00,0x00,0x00,0x00,0x00,0x00,
  0x00,0x5A,0x04,0x00,0x00,0x00,0x00,0x00,0x23,0x39,0x00,0x00,0x00,0x00,0x00,0x00,
  0x00,0x00,0x00,0x00,0x00,0x5E,0x00,0x00,0x00,0x00,0x00,0x00,0x50,0x0B,0x00,0x00,
  0x00,0x00,0x00,0x00,0x00,0x00,0x00,0x00,0x00,0x5E,0x00,0x00,0x00,0x00,0x00,0x00,
  0x5C,0x00,0x00,0x00,0x00,0x00,0x00,0x00,0x00,0x00,0x00,0x00,0x00,0x5C,0x00,0x00,
  0x00,0x00,0x00,0x00,0x5C,0x00,0x00,0x00,0x00,0x00,0x00,0x00,0x00,0x00,0x00,0x00,
  0x21,0x3C,0x00,0x00,0x00,0x00,0x00,0x00,0x5C,0x00,0x00,0x00,0x00,0x00,0x00,0x00,
  0x00,0x00,0x00,0x00,0x4F,0x0D,0x00,0x00,0x00,0x00,0x00,0x10,0x4A,0x00,0x00,0x00,
  0x00,0x00,0x00,0x00,0x00,0x00,0x00,0x00,0x00,0x00,0x00,0x00,0x2C,0x30,0x00,0x00,
  0x00,0x00,0x00,0x00,0x00,0x00,0x00,0x00,0x00,0x00,0x00,0x00,0x2C,0x30,0x00,0x00,
  0x00,0x00,0x00,0x00,0x00,0x00,0x00,0x00,0x00,0x25,0x6B,0x72,0x73,0x89,0x8F,0x83,
  0x4B,0x07,0x00,0x00,0x00,0x00,0x00,0x0D,0xA7,0xF7,0x5C,0x00,0x2C,0x30,0x06,0x95,
  0xFF,0xE6,0x57,0x00,0x00,0x00,0x03,0xC0,0xFF,0x7C,0x00,0x00,0x2C,0x30,0x00,0x02,
  0xCE,0xFF,0xFF,0x4C,0x00,0x00,0x62,0xFF,0xFF,0x19,0x00,0x00,0x2C,0x30,0x00,0x00,
  0x67,0xFF,0xFF,0xBE,0x00,0x00,0xC0,0xFF,0xEC,0x00,0x00,0x00,0x2C,0x30,0x00,0x00,
  0x29,0xFF,0xFF,0xD9,0x00,0x00,0xF1,0xFF,0xE8,0x00,0x00,0x00,0x2C,0x30,0x00,0x00,
  0x07,0xFF,0xFF,0xA7,0x00,0x00,0xFD,0xFF,0xFE,0x08,0x00,0x00,0x2C,0x30,0x00,0x00,
  0x00,0xED,0xB1,0x18,0x00,0x00,0xE9,0xFF,0xFF,0x5D,0x00,0x00,0x2C,0x30,0x00,0x00,
  0x00,0x00,0x00,0x00,0x00,0x00,0xB2,0xFF,0xFF,0xE3,0x1F,0x00,0x2C,0x30,0x00,0x00,
  0x00,0x00,0x00,0x00,0x00,0x00,0x4C,0xFF,0xFF,0xFF,0xE9,0x50,0x2C,0x30,0x00,0x00,
  0x00,0x00,0x00,0x00,0x00,0x00,0x00,0x9B,0xFF,0xFF,0xFF,0xFF,0xD2,0x5C,0x00,0x00,
  0x00,0x00,0x00,0x00,0x00,0x00,0x00,0x02,0x8E,0xFF,0xFF,0xFF,0xFF,0xFF,0xC0,0x3C,
  0x00,0x00,0x00,0x00,0x00,0x00,0x00,0x00,0x00,0x48,0xDB,0xFF,0xFF,0xFF,0xFF,0xFF,
  0xAE,0x21,0x00,0x00,0x00,0x00,0x00,0x00,0x00,0x00,0x05,0x69,0xE2,0xFF,0xFF,0xFF,
  0xFF,0xF2,0x59,0x00,0x00,0x00,0x00,0x00,0x00,0x00,0x00,0x00,0x2D,0x91,0xE4,0xFF,
  0xFF,0xFF,0xFE,0x55,0x00,0x00,0x00,0x00,0x00,0x00,0x00,0x00,0x2C,0x30,0x0A,0x8E,
  0xFF,0xFF,0xFF,0xEE,0x0B,0x00,0x00,0x00,0x00,0x00,0x00,0x00,0x2C,0x30,0x00,0x00,
  0x6F,0xFF,0xFF,0xFF,0x5D,0x20,0xB7,0x93,0x00,0x00,0x00,0x00,0x2C,0x30,0x00,0x00,
  0x01,0xCF,0xFF,0xFF,0x83,0xB4,0xFF,0xB4,0x00,0x00,0x00,0x00,0x2C,0x30,0x00,0x00,
  0x00,0x80,0xFF,0xFF,0x95,0xEC,0xFF,0xDA,0x00,0x00,0x00,0x00,0x2C,0x30,0x00,0x00,
  0x00,0x60,0xFF,0xFF,0x80,0xED,0xFF,0xFD,0x16,0x00,0x00,0x00,0x2C,0x30,0x00,0x00,
  0x00,0x6A,0xFF,0xFF,0x46,0xAE,0xFF,0xFF,0x6E,0x00,0x00,0x00,0x2C,0x30,0x00,0x00,
  0x00,0xA0,0xFF,0xD8,0x03,0x26,0xEF,0xFF,0xE7,0x17,0x00,0x00,0x2C,0x30,0x00,0x00,
  0x21,0xF6,0xF7,0x36,0x00,0x00,0x24,0xB6,0xFF,0xD3,0x35,0x00,0x2C,0x30,0x00,0x39,
  0xDB,0xC9,0x30,0x00,0x00,0x00,0x00,0x00,0x1E,0x62,0x8C,0x83,0x86,0x75,0x68,0x6A,
  0x2E,0x00,0x00,0x00,0x00,0x00,0x00,0x00,0x00,0x00,0x00,0x00,0x2C,0x30,0x00,0x00,
  0x00,0x00,0x00,0x00,0x00,0x00,0x00,0x00,0x00,0x00,0x00,0x00,0x2C,0x30,0x00,0x00,
  0x00,0x00,0x00,0x00,0x00,0x00,0x00,0x00,0x00,0x00,0x00,0x00,0x2C,0x30,0x00,0x00,
  0x00,0x00,0x00,0x00,0x00,0x00,0x00,0x00,0x00,0x00,0x00,0x00,0x15,0x17,0x00,0x00,
  0x00,0x00,0x00,0x00,0x00,0x00,0x00,0x00,0x3D,0xAC,0x99,0x5C,0x8D,0xAE,0x3C,0x00,
  0x00,0x00,0x00,0x00,0x00,0x00,0x00,0x00,0x00,0x0B,0x5B,0x00,0x00,0x00,0x00,0x00,
  0x00,0x00,0x00,0x00,0x00,0x6F,0xFE,0xC4,0x02,0x00,0x00,0xB7,0xFE,0x69,0x00,0x00,
  0x00,0x00,0x00,0x00,0x00,0x00,0x00,0x5E,0x09,0x00,0x00,0x00,0x00,0x00,0x00,0x00,
  0x00,0x00,0x30,0xFD,0xFF,0x5D,0x00,0x00,0x00,0x53,0xFF,0xFC,0x2E,0x00,0x00,0x00,
  0x00,0x00,0x00,0x00,0x0A,0x5C,0x00,0x00,0x00,0x00,0x00,0x00,0x00,0x00,0x00,0x00,
  0xA9,0xFF,0xFF,0x24,0x00,0x00,0x00,0x1D,0xFF,0xFF,0xAB,0x00,0x00,0x00,0x00,0x00,
  0x00,0x00,0x5D,0x0A,0x00,0x00,0x00,0x00,0x00,0x00,0x00,0x00,0x00,0x06,0xF4,0xFF,
  0xFE,0x04,0x00,0x00,0x00,0x01,0xFB,0xFF,0xF7,0x0A,0x00,0x00,0x00,0x00,0x00,0x09,
  0x5D,0x00,0x00,0x00,0x00,0x00,0x00,0x00,0x00,0x00,0x00,0x2F,0xFF,0xFF,0xED,0x00,
  0x00,0x00,0x00,0x00,0xE9,0xFF,0xFF,0x38,0x00,0x00,0x00,0x00,0x00,0x5B,0x0B,0x00,
  0x00,0x00,0x00,0x00,0x00,0x00,0x00,0x00,0x00,0x4F,0xFF,0xFF,0xE2,0x00,0x00,0x00,
  0x00,0x00,0xDF,0xFF,0xFF,0x59,0x00,0x00,0x00,0x00,0x08,0x5E,0x00,0x00,0x00,0x00,
  0x00,0x00,0x00,0x00,0x00,0x00,0x00,0x5B,0xFF,0xFF,0xDD,0x00,0x00,0x00,0x00,0x00,
  0xDA,0xFF,0xFF,0x66,0x00,0x00,0x00,0x00,0x5A,0x0D,0x00,0x00,0x00,0x00,0x00,0x00,
  0x00,0x00,0x00,0x00,0x00,0x57,0xFF,0xFF,0xDE,0x00,0x00,0x00,0x00,0x00,0xDC,0xFF,
  0xFF,0x61,0x00,0x00,0x00,0x07,0x5F,0x00,0x00,0x00,0x00,0x00,0x00,0x00,0x00,0x00,
  0x00,0x00,0x00,0x45,0xFF,0xFF,0xE4,0x00,0x00,0x00,0x00,0x00,0xE1,0xFF,0xFF,0x4F,
  0x00,0x00,0x00,0x58,0x0E,0x00,0x00,0x00,0x41,0x84,0x5E,0x74,0x67,0x11,0x00,0x00,
  0x00,0x1C,0xFF,0xFF,0xF3,0x00,0x00,0x00,0x00,0x00,0xF1,0xFF,0xFF,0x25,0x00,0x00,
  0x06,0x5F,0x00,0x00,0x0D,0xB7,0xFE,0x40,0x00,0x04,0xBE,0xE9,0x40,0x00,0x00,0x00,
  0xDC,0xFF,0xFF,0x0B,0x00,0x00,0x00,0x08,0xFE,0xFF,0xE1,0x01,0x00,0x00,0x57,0x0F,
  0x00,0x00,0xAC,0xFF,0xB6,0x00,0x00,0x00,0x42,0xFF,0xF1,0x22,0x00,0x00,0x7E,0xFF,
  0xFF,0x32,0x00,0x00,0x00,0x2D,0xFF,0xFF,0x7F,0x00,0x00,0x05,0x60,0x00,0x00,0x3A,
  0xFF,0xFF,0x71,0x00,0x00,0x00,0x07,0xFA,0xFF,0xA6,0x00,0x00,0x0E,0xE2,0xFF,0x75,
  0x00,0x00,0x00,0x6E,0xFF,0xE0,0x0D,0x00,0x00,0x55,0x11,0x00,0x00,0x99,0xFF,0xFF,
  0x48,0x00,0x00,0x00,0x00,0xDA,0xFF,0xF9,0x10,0x00,0x00,0x2D,0xDC,0xE3,0x16,0x00,
  0x11,0xDE,0xD9,0x29,0x00,0x00,0x04,0x60,0x00,0x00,0x00,0xDD,0xFF,0xFF,0x2E,0x00,
  0x00,0x00,0x00,0xC1,0xFF,0xFF,0x51,0x00,0x00,0x00,0x09,0x59,0x80,0x5C,0x7D,0x58,
  0x08,0x00,0x00,0x00,0x53,0x12,0x00,0x00,0x09,0xFE,0xFF,0xFF,0x1D,0x00,0x00,0x00,
  0x00,0xB1,0xFF,0xFF,0x7D,0x00,0x00,0x00,0x00,0x00,0x00,0x00,0x00,0x00,0x00,0x00,
  0x00,0x03,0x61,0x00,0x00,0x00,0x1F,0xFF,0xFF,0xFF,0x15,0x00,0x00,0x00,0x00,0xAA,
  0xFF,0xFF,0x94,0x00,0x00,0x00,0x00,0x00,0x00,0x00,0x00,0x00,0x00,0x00,0x00,0x51,
  0x14,0x00,0x00,0x00,0x29,0xFF,0xFF,0xFF,0x11,0x00,0x00,0x00,0x00,0xA5,0xFF,0xFF,
  0xA0,0x00,0x00,0x00,0x00,0x00,0x00,0x00,0x00,0x00,0x00,0x00,0x02,0x61,0x00,0x00,
  0x00,0x00,0x22,0xFF,0xFF,0xFF,0x13,0x00,0x00,0x00,0x00,0xA8,0xFF,0xFF,0x97,0x00,
  0x00,0x00,0x00,0x00,0x00,0x00,0x00,0x00,0x00,0x00,0x4F,0x15,0x00,0x00,0x00,0x00,
  0x0F,0xFF,0xFF,0xFF,0x19,0x00,0x00,0x00,0x00,0xAE,0xFF,0xFF,0x85,0x00,0x00,0x00,
  0x00,0x00,0x00,0x00,0x00,0x00,0x00,0x02,0x62,0x00,0x00,0x00,0x00,0x00,0x00,0xE8,
  0xFF,0xFF,0x27,0x00,0x00,0x00,0x00,0xBC,0xFF,0xFF,0x5C,0x00,0x00,0x00,0x00,0x00,
  0x00,0x00,0x00,0x00,0x00,0x4D,0x17,0x00,0x00,0x00,0x00,0x00,0x00,0xAC,0xFF,0xFF,
  0x3D,0x00,0x00,0x00,0x00,0xD0,0xFF,0xFF,0x1E,0x00,0x00,0x00,0x00,0x00,0x00,0x00,
  0x00,0x00,0x01,0x62,0x00,0x00,0x00,0x00,0x00,0x00,0x00,0x56,0xFF,0xFF,0x5F,0x00,
  0x00,0x00,0x00,0xF2,0xFF,0xC3,0x00,0x00,0x00,0x00,0x00,0x00,0x00,0x00,0x00,0x00,
  0x4B,0x18,0x00,0x00,0x00,0x00,0x00,0x00,0x00,0x03,0xD5,0xFF,0x98,0x00,0x00,0x00,
  0x2A,0xFF,0xFE,0x41,0x00,0x00,0x00,0x00,0x00,0x00,0x00,0x00,0x00,0x01,0x62,0x00,
  0x00,0x00,0x00,0x00,0x00,0x00,0x00,0x00,0x2B,0xEC,0xEE,0x12,0x00,0x00,0x8F,0xFF,
  0x7C,0x00,0x00,0x00,0x00,0x00,0x00,0x00,0x00,0x00,0x00,0x49,0x1A,0x00,0x00,0x00,
  0x00,0x00,0x00,0x00,0x00,0x00,0x00,0x19,0x93,0xAD,0x5D,0x7A,0xB6,0x49,0x00,0x00,
  0x00,0x00,0x00,0x00,0x00,0x00,0x15,0x7A,0xBB,0x82,0x5A,0x5F,0xA2,0xB6,0x6A,0x08,
  0x00,0x00,0x00,0x00,0x00,0x00,0x00,0x00,0x00,0x00,0x00,0x00,0x00,0x00,0x00,0x3C,
  0xEB,0xFF,0x4C,0x00,0x00,0x00,0x00,0xA3,0xFF,0xDC,0x23,0x00,0x00,0x00,0x00,0x00,
  0x00,0x00,0x00,0x00,0x00,0x00,0x00,0x00,0x11,0xEC,0xFF,0xC5,0x00,0x00,0x00,0x00,
  0x00,0x1A,0xFD,0xFF,0xD2,0x01,0x00,0x00,0x00,0x00,0x00,0x00,0x00,0x00,0x00,0x00,
  0x00,0x00,0x71,0xFF,0xFF,0x8A,0x00,0x00,0x00,0x00,0x00,0x00,0xD7,0xFF,0xFF,0x3F,
  0x00,0x00,0x00,0x00,0x00,0x00,0x00,0x00,0x00,0x00,0x00,0x00,0xA6,0xFF,0xFF,0x77,
  0x00,0x00,0x00,0x00,0x00,0x00,0xBC,0xFF,0xFF,0x68,0x00,0x00,0x00,0x00,0x00,0x00,
  0x00,0x00,0x00,0x00,0x00,0x00,0xAF,0xFF,0xFF,0x80,0x00,0x00,0x00,0x00,0x00,0x00,
  0xBE,0xFF,0xFF,0x5E,0x00,0x00,0x00,0x00,0x00,0x00,0x00,0x00,0x00,0x00,0x00,0x00,
  0x92,0xFF,0xFF,0xAC,0x00,0x00,0x00,0x00,0x00,0x00,0xD7,0xFF,0xFD,0x1F,0x00,0x00,
  0x00,0x00,0x00,0x00,0x00,0x00,0x00,0x00,0x00,0x00,0x47,0xFF,0xFF,0xF6,0x17,0x00,
  0x00,0x00,0x00,0x14,0xF9,0xFF,0x88,0x00,0x00,0x00,0x00,0x00,0x00,0x00,0x00,0x00,
  0x00,0x00,0x00,0x00,0x02,0xD3,0xFF,0xFF,0xAE,0x00,0x00,0x00,0x00,0x78,0xFC,0x7E,
  0x02,0x00,0x00,0x00,0x00,0x00,0x00,0x00,0x00,0x00,0x00,0x00,0x00,0x00,0x00,0x34,
  0xF9,0xFF,0xFF,0x7B,0x00,0x00,0x46,0xA4,0x2E,0x00,0x00,0x00,0x00,0x00,0x00,0x00,
  0x00,0x00,0x00,0x00,0x00,0x00,0x00,0x00,0x00,0x00,0x63,0xFF,0xFF,0xFF,0x6D,0x1D,
  0x1B,0x00,0x00,0x00,0x00,0x00,0x2B,0xAC,0xAC,0xAC,0xAC,0x93,0x67,0x14,0x00,0x00,
  0x00,0x00,0x00,0x00,0x1E,0xCC,0xFF,0xFF,0xFF,0xC2,0x08,0x00,0x00,0x00,0x00,0x00,
  0x40,0xFF,0xFF,0xFF,0x87,0x05,0x00,0x00,0x00,0x00,0x00,0x00,0x1B,0xA0,0xE0,0x2D,
  0x98,0xFF,0xFF,0xFF,0xAE,0x02,0x00,0x00,0x00,0x00,0x45,0xFF,0xFF,0xC8,0x00,0x00,
  0x00,0x00,0x00,0x00,0x00,0x4A,0xEE,0xFA,0x2B,0x00,0x02,0xAE,0xFF,0xFF,0xFF,0x98,
  0x00,0x00,0x00,0x00,0x4F,0xFF,0xFF,0x63,0x00,0x00,0x00,0x00,0x00,0x00,0x45,0xFA,
  0xFF,0x8E,0x00,0x00,0x00,0x08,0xC2,0xFF,0xFF,0xFF,0x80,0x00,0x00,0x00,0x60,0xFF,
  0xFF,0x1D,0x00,0x00,0x00,0x00,0x00,0x08,0xE6,0xFF,0xFF,0x3C,0x00,0x00,0x00,0x00,
  0x10,0xD3,0xFF,0xFF,0xFF,0x67,0x00,0x00,0x80,0xFF,0xD9,0x00,0x00,0x00,0x00,0x00,
  0x00,0x5B,0xFF,0xFF,0xFB,0x04,0x00,0x00,0x00,0x00,0x00,0x1B,0xE1,0xFF,0xFF,0xFD,
  0x51,0x00,0xA9,0xFF,0x93,0x00,0x00,0x00,0x00,0x00,0x00,0x98,0xFF,0xFF,0xE9,0x00,
  0x00,0x00,0x00,0x00,0x00,0x00,0x29,0xED,0xFF,0xFF,0xF7,0x3E,0xD3,0xFF,0x44,0x00,
  0x00,0x00,0x00,0x00,0x00,0xAE,0xFF,0xFF,0xD8,0x00,0x00,0x00,0x00,0x00,0x00,0x00,
  0x00,0x39,0xF5,0xFF,0xFF,0xEF,0xF9,0xE1,0x02,0x00,0x00,0x00,0x00,0x00,0x00,0x9C,
  0xFF,0xFF,0xDD,0x00,0x00,0x00,0x00,0x00,0x00,0x00,0x00,0x00,0x4C,0xFB,0xFF,0xFF,
  0xFF,0x85,0x00,0x00,0x00,0x00,0x00,0x00,0x00,0x78,0xFF,0xFF,0xF0,0x00,0x00,0x00,
  0x00,0x00,0x00,0x00,0x00,0x00,0x00,0x62,0xFF,0xFF,0xFF,0xDD,0x18,0x00,0x00,0x00,
  0x00,0x00,0x00,0x21,0xFD,0xFF,0xFF,0x1A,0x00,0x00,0x00,0x00,0x00,0x00,0x00,0x00,
  0x00,0x00,0x9D,0xFF,0xFF,0xFF,0xCF,0x0F,0x00,0x00,0x00,0x00,0x00,0x00,0xA5,0xFF,
  0xFF,0x64,0x00,0x00,0x00,0x00,0x00,0x00,0x00,0x00,0x00,0x14,0xE9,0xEF,0xFF,0xFF,
  0xFF,0xC1,0x08,0x00,0x00,0x00,0x00,0x00,0x0C,0xD1,0xFF,0xD6,0x05,0x00,0x00,0x00,
  0x00,0x00,0x00,0x00,0x08,0xBE,0xC0,0x12,0xA4,0xFF,0xFF,0xFF,0xB4,0x06,0x00,0x00,
  0x00,0x00,0x00,0x0E,0x9F,0xFF,0xA9,0x0B,0x00,0x00,0x00,0x00,0x00,0x26,0xB8,0x77,
  0x05,0x00,0x05,0xB8,0xFF,0xFF,0xFF,0xB8,0x0D,0x00,0x00,0x00,0x00,0x00,0x00,0x2C,
  0x83,0xAF,0x73,0x5F,0x5A,0x64,0x74,0x76,0x18,0x00,0x00,0x00,0x00,0x0B,0xC9,0xFF,
  0xFF,0xFF,0xE3,0x77,0x22,0xD7,0xFF,0xFF,0x69,0xAB,0xFF,0xFF,0x3E,0x80,0xFF,0xFF,
  0x13,0x54,0xFF,0xE7,0x00,0x29,0xFF,0xBC,0x00,0x04,0xF9,0x91,0x00,0x00,0xD2,0x65,
  0x00,0x00,0xA7,0x3A,0x00,0x00,0x41,0x0C,0x00,0x00,0x00,0x00,0x00,0x00,0x00,0x00,
  0x00,0x0E,0x16,0x00,0x00,0x00,0x00,0x00,0x00,0x0E,0x86,0x7D,0x07,0x00,0x00,0x00,
  0x00,0x00,0x4A,0xE6,0x5E,0x00,0x00,0x00,0x00,0x00,0x00,0x77,0xFF,0x79,0x00,0x00,
  0x00,0x00,0x00,0x00,0x73,0xFF,0xCF,0x03,0x00,0x00,0x00,0x00,0x00,0x3E,0xFD,0xFF,
  0x5F,0x00,0x00,0x00,0x00,0x00,0x04,0xD9,0xFF,0xF2,0x0A,0x00,0x00,0x00,0x00,0x00,
  0x5E,0xFF,0xFF,0xA7,0x00,0x00,0x00,0x00,0x00,0x00,0xC4,0xFF,0xFF,0x73,0x00,0x00,
  0x00,0x00,0x00,0x18,0xFF,0xFF,0xFF,0x42,0x00,0x00,0x00,0x00,0x00,0x58,0xFF,0xFF,
  0xFF,0x1B,0x00,0x00,0x00,0x00,0x00,0x8B,0xFF,0xFF,0xFF,0x06,0x00,0x00,0x00,0x00,
  0x00,0xB3,0xFF,0xFF,0xF0,0x00,0x00,0x00,0x00,0x00,0x00,0xCE,0xFF,0xFF,0xE0,0x00,
  0x00,0x00,0x00,0x00,0x00,0xE3,0xFF,0xFF,0xD9,0x00,0x00,0x00,0x00,0x00,0x00,0xEC,
  0xFF,0xFF,0xD2,0x00,0x00,0x00,0x00,0x00,0x00,0xF2,0xFF,0xFF,0xCD,0x00,0x00,0x00,
  0x00,0x00,0x00,0xEE,0xFF,0xFF,0xD1,0x00,0x00,0x00,0x00,0x00,0x00,0xE5,0xFF,0xFF,
  0xD8,0x00,0x00,0x00,0x00,0x00,0x00,0xD2,0xFF,0xFF,0xDE,0x00,0x00,0x00,0x00,0x00,
  0x00,0xB9,0xFF,0xFF,0xEC,0x00,0x00,0x00,0x00,0x00,0x00,0x93,0xFF,0xFF,0xFE,0x03,
  0x00,0x00,0x00,0x00,0x00,0x64,0xFF,0xFF,0xFF,0x17,0x00,0x00,0x00,0x00,0x00,0x27,
  0xFF,0xFF,0xFF,0x37,0x00,0x00,0x00,0x00,0x00,0x00,0xD9,0xFF,0xFF,0x69,0x00,0x00,
  0x00,0x00,0x00,0x00,0x79,0xFF,0xFF,0x9A,0x00,0x00,0x00,0x00,0x00,0x00,0x0F,0xEF,
  0xFF,0xE4,0x03,0x00,0x00,0x00,0x00,0x00,0x00,0x67,0xFF,0xFF,0x49,0x00,0x00,0x00,
  0x00,0x00,0x00,0x01,0xA9,0xFF,0xB4,0x00,0x00,0x00,0x00,0x00,0x00,0x00,0x08,0xB2,
  0xFF,0x50,0x00,0x00,0x00,0x00,0x00,0x00,0x00,0x03,0x87,0xEF,0x31,0x00,0x00,0x00,
  0x00,0x00,0x00,0x00,0x00,0x36,0xB7,0x4E,0x00,0x00,0x00,0x00,0x00,0x00,0x00,0x00,
  0x00,0x40,0x1D,0x25,0x00,0x00,0x00,0x00,0x00,0x00,0x00,0x00,0x00,0x3E,0xA2,0x3A,
  0x00,0x00,0x00,0x00,0x00,0x00,0x00,0x00,0x17,0xD1,0x9B,0x0B,0x00,0x00,0x00,0x00,
  0x00,0x00,0x00,0x1D,0xEB,0xD0,0x19,0x00,0x00,0x00,0x00,0x00,0x00,0x00,0x62,0xFF,
  0xD6,0x10,0x00,0x00,0x00,0x00,0x00,0x00,0x05,0xE9,0xFF,0xAF,0x00,0x00,0x00,0x00,
  0x00,0x00,0x00,0x8B,0xFF,0xFF,0x50,0x00,0x00,0x00,0x00,0x00,0x00,0x34,0xFF,0xFF,
  0xD1,0x00,0x00,0x00,0x00,0x00,0x00,0x06,0xFA,0xFF,0xFF,0x37,0x00,0x00,0x00,0x00,
  0x00,0x00,0xCF,0xFF,0xFF,0x8B,0x00,0x00,0x00,0x00,0x00,0x00,0xA8,0xFF,0xFF,0xCC,
  0x00,0x00,0x00,0x00,0x00,0x00,0x93,0xFF,0xFF,0xF9,0x04,0x00,0x00,0x00,0x00,0x00,
  0x7D,0xFF,0xFF,0xFF,0x26,0x00,0x00,0x00,0x00,0x00,0x6C,0xFF,0xFF,0xFF,0x41,0x00,
  0x00,0x00,0x00,0x00,0x66,0xFF,0xFF,0xFF,0x56,0x00,0x00,0x00,0x00,0x00,0x5F,0xFF,
  0xFF,0xFF,0x5F,0x00,0x00,0x00,0x00,0x00,0x59,0xFF,0xFF,0xFF,0x65,0x00,0x00,0x00,
  0x00,0x00,0x5E,0xFF,0xFF,0xFF,0x61,0x00,0x00,0x00,0x00,0x00,0x65,0xFF,0xFF,0xFF,
  0x59,0x00,0x00,0x00,0x00,0x00,0x6B,0xFF,0xFF,0xFF,0x45,0x00,0x00,0x00,0x00,0x00,
  0x79,0xFF,0xFF,0xFF,0x2C,0x00,0x00,0x00,0x00,0x00,0x8E,0xFF,0xFF,0xFD,0x08,0x00,
  0x00,0x00,0x00,0x00,0xA4,0xFF,0xFF,0xD8,0x00,0x00,0x00,0x00,0x00,0x00,0xC4,0xFF,
  0xFF,0x9A,0x00,0x00,0x00,0x00,0x00,0x02,0xF4,0xFF,0xFF,0x4C,0x00,0x00,0x00,0x00,
  0x00,0x28,0xFF,0xFF,0xE7,0x04,0x00,0x00,0x00,0x00,0x00,0x76,0xFF,0xFF,0x71,0x00,
  0x00,0x00,0x00,0x00,0x00,0xD8,0xFF,0xD3,0x06,0x00,0x00,0x00,0x00,0x00,0x45,0xFF,
  0xF1,0x2C,0x00,0x00,0x00,0x00,0x00,0x09,0xD5,0xF0,0x3E,0x00,0x00,0x00,0x00,0x00,
  0x04,0xAC,0xD1,0x2A,0x00,0x00,0x00,0x00,0x00,0x14,0xA9,0x77,0x07,0x00,0x00,0x00,
  0x00,0x00,0x00,0x4F,0x0F,0x00,0x00,0x00,0x00,0x00,0x00,0x00,0x00,0x00,0x00,0x00,
  0x00,0x00,0x00,0x8F,0xFF,0xFF,0x5C,0x00,0x00,0x00,0x00,0x00,0x00,0x00,0x00,0x00,
  0x00,0x00,0x00,0x5B,0xFF,0xFF,0x27,0x00,0x00,0x00,0x00,0x00,0x00,0x00,0x49,0x37,
  0x00,0x00,0x00,0x28,0xFF,0xF0,0x01,0x00,0x00,0x00,0x4C,0x21,0x00,0x00,0xCD,0xFC,
  0x82,0x04,0x00,0x02,0xF3,0xBC,0x00,0x00,0x0E,0x9E,0xFF,0x8F,0x00,0x3D,0xFF,0xFF,
  0xFF,0xCB,0x27,0x00,0xC2,0x86,0x00,0x43,0xE1,0xFF,0xFF,0xF2,0x0E,0x1F,0x74,0xB9,
  0xF6,0xFF,0xF6,0x6C,0x90,0x5B,0x94,0xFE,0xFF,0xF0,0xB0,0x6C,0x11,0x00,0x00,0x00,
  0x08,0x44,0x8A,0xCF,0xEB,0xE6,0xC0,0x7C,0x38,0x03,0x00,0x00,0x00,0x00,0x00,0x00,
  0x07,0x43,0x89,0xCE,0xEE,0xE8,0xBF,0x7B,0x37,0x03,0x00,0x00,0x00,0x1F,0x73,0xB8,
  0xF6,0xFF,0xF7,0x72,0x90,0x5C,0x98,0xFE,0xFF,0xEF,0xAF,0x6B,0x11,0x3C,0xFF,0xFF,
  0xFF,0xC9,0x28,0x00,0xC1,0x85,0x00,0x42,0xDF,0xFF,0xFF,0xF1,0x0D,0x00,0xCA,0xFA,
  0x7D,0x04,0x00,0x02,0xF2,0xBB,0x00,0x00,0x0C,0x96,0xFE,0x8B,0x00,0x00,0x43,0x30,
  0x00,0x00,0x00,0x28,0xFF,0xEF,0x01,0x00,0x00,0x00,0x40,0x1C,0x00,0x00,0x00,0x00,
  0x00,0x00,0x00,0x5C,0xFF,0xFF,0x27,0x00,0x00,0x00,0x00,0x00,0x00,0x00,0x00,0x00,
  0x00,0x00,0x00,0x8C,0xFC,0xFC,0x5B,0x00,0x00,0x00,0x00,0x00,0x00,0x00,0x00,0x00,
  0x00,0x00,0x00,0x00,0x32,0x41,0x00,0x00,0x00,0x00,0x00,0x00,0x00,0x00,0x00,0x00,
  0x00,0x00,0x00,0x00,0x50,0x68,0x00,0x00,0x00,0x00,0x00,0x00,0x00,0x00,0x00,0x00,
  0x00,0x00,0x00,0x00,0x50,0x68,0x00,0x00,0x00,0x00,0x00,0x00,0x00,0x00,0x00,0x00,
  0x00,0x00,0x00,0x00,0x50,0x68,0x00,0x00,0x00,0x00,0x00,0x00,0x00,0x00,0x00,0x00,
  0x00,0x00,0x00,0x00,0x50,0x68,0x00,0x00,0x00,0x00,0x00,0x00,0x00,0x00,0x00,0x00,
  0x00,0x00,0x00,0x00,0x50,0x68,0x00,0x00,0x00,0x00,0x00,0x00,0x00,0x00,0x00,0x00,
  0x00,0x00,0x00,0x00,0x50,0x68,0x00,0x00,0x00,0x00,0x00,0x00,0x00,0x00,0x00,0x00,
  0x00,0x00,0x00,0x00,0x50,0x68,0x00,0x00,0x00,0x00,0x00,0x00,0x00,0x7E,0xC0,0xC0,
  0xC0,0xC0,0xC0,0xC0,0xD4,0xDA,0xC0,0xC0,0xC0,0xC0,0xC0,0xC0,0x96,0x00,0x00,0x00,
  0x00,0x00,0x00,0x00,0x50,0x68,0x00,0x00,0x00,0x00,0x00,0x00,0x00,0x00,0x00,0x00,
  0x00,0x00,0x00,0x00,0x50,0x68,0x00,0x00,0x00,0x00,0x00,0x00,0x00,0x00,0x00,0x00,
  0x00,0x00,0x00,0x00,0x50,0x68,0x00,0x00,0x00,0x00,0x00,0x00,0x00,0x00,0x00,0x00,
  0x00,0x00,0x00,0x00,0x50,0x68,0x00,0x00,0x00,0x00,0x00,0x00,0x00,0x00,0x00,0x00,
  0x00,0x00,0x00,0x00,0x50,0x68,0x00,0x00,0x00,0x00,0x00,0x00,0x00,0x00,0x00,0x00,
  0x00,0x00,0x00,0x00,0x50,0x68,0x00,0x00,0x00,0x00,0x00,0x00,0x00,0x00,0x00,0x00,
  0x00,0x00,0x00,0x00,0x50,0x68,0x00,0x00,0x00,0x00,0x00,0x00,0x00,0x00,0x00,0x00,
  0x00,0x00,0x00,0x00,0x1C,0x25,0x00,0x00,0x00,0x00,0x00,0x00,0x00,0x00,0x52,0xDE,
  0xEF,0x9F,0x0E,0x05,0xF5,0xFF,0xFF,0xFF,0x9C,0x14,0xFF,0xFF,0xFF,0xFF,0xE6,0x00,
  0xA2,0xFF,0xFF,0xFF,0xF6,0x00,0x00,0x52,0xE6,0xFF,0xDD,0x00,0x00,0x00,0x4B,0xFF,
  0x9B,0x00,0x00,0x00,0x2C,0xFD,0x2F,0x00,0x00,0x00,0x69,0x8C,0x00,0x00,0x00,0x3F,
  0x8C,0x02,0x00,0x30,0x73,0x50,0x00,0x00,0x00,0x2E,0x00,0x00,0x00,0x00,0x00,0x11,
  0xBC,0xBC,0xBC,0xBC,0xBC,0xBC,0xBC,0xBC,0xBC,0x31,0x04,0xB0,0xF4,0xB0,0x04,0x4C,
  0xFF,0xFF,0xFF,0x4B,0x69,0xFF,0xFF,0xFF,0x68,0x4C,0xFF,0xFF,0xFF,0x4B,0x04,0xB0,
  0xF4,0xB0,0x04,0x00,0x00,0x00,0x00,0x00,0x00,0x00,0x00,0x07,0x54,0x00,0x00,0x00,
  0x00,0x00,0x00,0x00,0x00,0x3F,0x1C,0x00,0x00,0x00,0x00,0x00,0x00,0x00,0x00,0x5C,
  0x00,0x00,0x00,0x00,0x00,0x00,0x00,0x00,0x00,0x5C,0x00,0x00,0x00,0x00,0x00,0x00,
  0x00,0x00,0x0B,0x4F,0x00,0x00,0x00,0x00,0x00,0x00,0x00,0x00,0x47,0x14,0x00,0x00,
  0x00,0x00,0x00,0x00,0x00,0x00,0x5C,0x00,0x00,0x00,0x00,0x00,0x00,0x00,0x00,0x00,
  0x5C,0x00,0x00,0x00,0x00,0x00,0x00,0x00,0x00,0x11,0x49,0x00,0x00,0x00,0x00,0x00,
  0x00,0x00,0x00,0x4E,0x0E,0x00,0x00,0x00,0x00,0x00,0x00,0x00,0x00,0x5C,0x00,0x00,
  0x00,0x00,0x00,0x00,0x00,0x00,0x00,0x5C,0x00,0x00,0x00,0x00,0x00,0x00,0x00,0x00,
  0x19,0x42,0x00,0x00,0x00,0x00,0x00,0x00,0x00,0x00,0x53,0x08,0x00,0x00,0x00,0x00,
  0x00,0x00,0x00,0x00,0x5C,0x00,0x00,0x00,0x00,0x00,0x00,0x00,0x00,0x00,0x5B,0x00,
  0x00,0x00,0x00,0x00,0x00,0x00,0x00,0x22,0x3A,0x00,0x00,0x00,0x00,0x00,0x00,0x00,
  0x00,0x57,0x04,0x00,0x00,0x00,0x00,0x00,0x00,0x00,0x00,0x5C,0x00,0x00,0x00,0x00,
  0x00,0x00,0x00,0x00,0x00,0x5B,0x00,0x00,0x00,0x00,0x00,0x00,0x00,0x00,0x2B,0x31,
  0x00,0x00,0x00,0x00,0x00,0x00,0x00,0x00,0x5A,0x01,0x00,0x00,0x00,0x00,0x00,0x00,
  0x00,0x00,0x5C,0x00,0x00,0x00,0x00,0x00,0x00,0x00,0x00,0x02,0x59,0x00,0x00,0x00,
  0x00,0x00,0x00,0x00,0x00,0x34,0x27,0x00,0x00,0x00,0x00,0x00,0x00,0x00,0x00,0x5C,
  0x00,0x00,0x00,0x00,0x00,0x00,0x00,0x00,0x00,0x5C,0x00,0x00,0x00,0x00,0x00,0x00,
  0x00,0x00,0x05,0x55,0x00,0x00,0x00,0x00,0x00,0x00,0x00,0x00,0x3D,0x1F,0x00,0x00,
  0x00,0x00,0x00,0x00,0x00,0x00,0x5C,0x00,0x00,0x00,0x00,0x00,0x00,0x00,0x00,0x00,
  0x5C,0x00,0x00,0x00,0x00,0x00,0x00,0x00,0x00,0x09,0x50,0x00,0x00,0x00,0x00,0x00,
  0x00,0x00,0x00,0x00,0x00,0x00,0x00,0x00,0x34,0x9A,0x8B,0x5D,0x59,0x7B,0x9D,0x3B,
  0x00,0x00,0x00,0x00,0x00,0x00,0x00,0x00,0x03,0x91,0xFE,0x67,0x00,0x00,0x00,0x00,
  0x42,0xFB,0x9B,0x05,0x00,0x00,0x00,0x00,0x00,0x00,0x9C,0xFF,0xB6,0x00,0x00,0x00,
  0x00,0x00,0x00,0x93,0xFF,0xA8,0x00,0x00,0x00,0x00,0x00,0x55,0xFF,0xFF,0x4D,0x00,
  0x00,0x00,0x00,0x00,0x00,0x2C,0xFF,0xFF,0x64,0x00,0x00,0x00,0x03,0xDC,0xFF,0xFB,
  0x09,0x00,0x00,0x00,0x00,0x00,0x00,0x00,0xE5,0xFF,0xE6,0x08,0x00,0x00,0x49,0xFF,
  0xFF,0xD2,0x00,0x00,0x00,0x00,0x00,0x00,0x00,0x00,0xB3,0xFF,0xFF,0x59,0x00,0x00,
  0x9A,0xFF,0xFF,0xAE,0x00,0x00,0x00,0x00,0x00,0x00,0x00,0x00,0x8F,0xFF,0xFF,0xAE,
  0x00,0x00,0xD9,0xFF,0xFF,0x92,0x00,0x00,0x00,0x00,0x00,0x00,0x00,0x00,0x74,0xFF,
  0xFF,0xEE,0x01,0x0A,0xFD,0xFF,0xFF,0x7E,0x00,0x00,0x00,0x00,0x00,0x00,0x00,0x00,
  0x5F,0xFF,0xFF,0xFF,0x21,0x2D,0xFF,0xFF,0xFF,0x70,0x00,0x00,0x00,0x00,0x00,0x00,
  0x00,0x00,0x51,0xFF,0xFF,0xFF,0x49,0x46,0xFF,0xFF,0xFF,0x65,0x00,0x00,0x00,0x00,
  0x00,0x00,0x00,0x00,0x46,0xFF,0xFF,0xFF,0x62,0x55,0xFF,0xFF,0xFF,0x60,0x00,0x00,
  0x00,0x00,0x00,0x00,0x00,0x00,0x42,0xFF,0xFF,0xFF,0x74,0x5D,0xFF,0xFF,0xFF,0x5D,
  0x00,0x00,0x00,0x00,0x00,0x00,0x00,0x00,0x3D,0xFF,0xFF,0xFF,0x7C,0x57,0xFF,0xFF,
  0xFF,0x5D,0x00,0x00,0x00,0x00,0x00,0x00,0x00,0x00,0x3E,0xFF,0xFF,0xFF,0x77,0x48,
  0xFF,0xFF,0xFF,0x60,0x00,0x00,0x00,0x00,0x00,0x00,0x00,0x00,0x42,0xFF,0xFF,0xFF,
  0x66,0x39,0xFF,0xFF,0xFF,0x66,0x00,0x00,0x00,0x00,0x00,0x00,0x00,0x00,0x47,0xFF,
  0xFF,0xFF,0x56,0x27,0xFF,0xFF,0xFF,0x71,0x00,0x00,0x00,0x00,0x00,0x00,0x00,0x00,
  0x52,0xFF,0xFF,0xFF,0x43,0x03,0xF5,0xFF,0xFF,0x7F,0x00,0x00,0x00,0x00,0x00,0x00,
  0x00,0x00,0x60,0xFF,0xFF,0xFF,0x13,0x00,0xC5,0xFF,0xFF,0x94,0x00,0x00,0x00,0x00,
  0x00,0x00,0x00,0x00,0x75,0xFF,0xFF,0xDA,0x00,0x00,0x8F,0xFF,0xFF,0xB0,0x00,0x00,
  0x00,0x00,0x00,0x00,0x00,0x00,0x92,0xFF,0xFF,0xA0,0x00,0x00,0x3F,0xFF,0xFF,0xD5,
  0x00,0x00,0x00,0x00,0x00,0x00,0x00,0x00,0xB6,0xFF,0xFF,0x4C,0x00,0x00,0x01,0xD4,
  0xFF,0xFC,0x0B,0x00,0x00,0x00,0x00,0x00,0x00,0x00,0xE9,0xFF,0xDB,0x03,0x00,0x00,
  0x00,0x4A,0xFF,0xFF,0x51,0x00,0x00,0x00,0x00,0x00,0x00,0x31,0xFF,0xFF,0x51,0x00,
  0x00,0x00,0x00,0x00,0x91,0xFF,0xBA,0x00,0x00,0x00,0x00,0x00,0x00,0x9A,0xFF,0x95,
  0x00,0x00,0x00,0x00,0x00,0x00,0x01,0x8A,0xFE,0x69,0x00,0x00,0x00,0x00,0x48,0xFC,
  0x8F,0x02,0x00,0x00,0x00,0x00,0x00,0x00,0x00,0x00,0x31,0x9A,0x8B,0x5C,0x5A,0x7E,
  0x9C,0x36,0x00,0x00,0x00,0x00,0x00,0x00,0x00,0x00,0x00,0x00,0x00,0x00,0x1E,0xD8,
  0xFF,0x74,0x00,0x00,0x00,0x00,0x00,0x00,0x00,0x00,0x00,0x00,0x00,0x29,0xE3,0xFF,
  0xFF,0x74,0x00,0x00,0x00,0x00,0x00,0x00,0x00,0x00,0x00,0x00,0x4B,0x8F,0xFF,0xFF,
  0xFF,0x74,0x00,0x00,0x00,0x00,0x00,0x02,0x0F,0x25,0x58,0xB6,0x8A,0x30,0xFF,0xFF,
  0xFF,0x74,0x00,0x00,0x00,0x00,0x00,0x8E,0xFF,0xFF,0xFF,0x93,0x00,0x30,0xFF,0xFF,
  0xFF,0x74,0x00,0x00,0x00,0x00,0x00,0x2A,0xDE,0xEB,0x72,0x00,0x00,0x30,0xFF,0xFF,
  0xFF,0x74,0x00,0x00,0x00,0x00,0x00,0x00,0x00,0x00,0x00,0x00,0x00,0x30,0xFF,0xFF,
  0xFF,0x74,0x00,0x00,0x00,0x00,0x00,0x00,0x00,0x00,0x00,0x00,0x00,0x30,0xFF,0xFF,
  0xFF,0x74,0x00,0x00,0x00,0x00,0x00,0x00,0x00,0x00,0x00,0x00,0x00,0x30,0xFF,0xFF,
  0xFF,0x74,0x00,0x00,0x00,0x00,0x00,0x00,0x00,0x00,0x00,0x00,0x00,0x30,0xFF,0xFF,
  0xFF,0x74,0x00,0x00,0x00,0x00,0x00,0x00,0x00,0x00,0x00,0x00,0x00,0x30,0xFF,0xFF,
  0xFF,0x74,0x00,0x00,0x00,0x00,0x00,0x00,0x00,0x00,0x00,0x00,0x00,0x30,0xFF,0xFF,
  0xFF,0x74,0x00,0x00,0x00,0x00,0x00,0x00,0x00,0x00,0x00,0x00,0x00,0x30,0xFF,0xFF,
  0xFF,0x74,0x00,0x00,0x00,0x00,0x00,0x00,0x00,0x00,0x00,0x00,0x00,0x30,0xFF,0xFF,
  0xFF,0x74,0x00,0x00,0x00,0x00,0x00,0x00,0x00,0x00,0x00,0x00,0x00,0x30,0xFF,0xFF,
  0xFF,0x74,0x00,0x00,0x00,0x00,0x00,0x00,0x00,0x00,0x00,0x00,0x00,0x30,0xFF,0xFF,
  0xFF,0x74,0x00,0x00,0x00,0x00,0x00,0x00,0x00,0x00,0x00,0x00,0x00,0x30,0xFF,0xFF,
  0xFF,0x74,0x00,0x00,0x00,0x00,0x00,0x00,0x00,0x00,0x00,0x00,0x00,0x30,0xFF,0xFF,
  0xFF,0x74,0x00,0x00,0x00,0x00,0x00,0x00,0x00,0x00,0x00,0x00,0x00,0x30,0xFF,0xFF,
  0xFF,0x74,0x00,0x00,0x00,0x00,0x00,0x00,0x00,0x00,0x00,0x00,0x00,0x30,0xFF,0xFF,
  0xFF,0x74,0x00,0x00,0x00,0x00,0x00,0x00,0x00,0x00,0x00,0x00,0x00,0x30,0xFF,0xFF,
  0xFF,0x74,0x00,0x00,0x00,0x00,0x00,0x00,0x00,0x00,0x00,0x00,0x00,0x30,0xFF,0xFF,
  0xFF,0x74,0x00,0x00,0x00,0x00,0x00,0x00,0x00,0x00,0x00,0x00,0x00,0x30,0xFF,0xFF,
  0xFF,0x74,0x00,0x00,0x00,0x00,0x00,0x00,0x00,0x00,0x00,0x00,0x00,0x45,0xFF,0xFF,
  0xFF,0x86,0x00,0x00,0x00,0x00,0x00,0x00,0x00,0x00,0x00,0x00,0x00,0x9B,0xFF,0xFF,
  0xFF,0xD6,0x07,0x00,0x00,0x00,0x00,0x00,0x32,0x5C,0x5C,0x70,0xB6,0xFF,0xFF,0xFF,
  0xFF,0xFF,0xD5,0x78,0x5E,0x5C,0x0F,0x00,0x00,0x00,0x09,0x65,0xB3,0x9F,0x67,0x63,
  0x82,0xBA,0x84,0x20,0x00,0x00,0x00,0x00,0x00,0x00,0x37,0xE2,0xFF,0x87,0x00,0x00,
  0x00,0x00,0x33,0xF7,0xF9,0x73,0x00,0x00,0x00,0x00,0x21,0xF1,0xFF,0xEB,0x07,0x00,
  0x00,0x00,0x00,0x00,0x97,0xFF,0xFF,0x6F,0x00,0x00,0x00,0x90,0xFF,0xFF,0xA7,0x00,
  0x00,0x00,0x00,0x00,0x00,0x4D,0xFF,0xFF,0xF4,0x15,0x00,0x00,0xBB,0xFF,0xFF,0x7B,
  0x00,0x00,0x00,0x00,0x00,0x00,0x26,0xFF,0xFF,0xFF,0x61,0x00,0x00,0x99,0xFF,0xFF,
  0x62,0x00,0x00,0x00,0x00,0x00,0x00,0x14,0xFF,0xFF,0xFF,0x89,0x00,0x00,0x17,0xBB,
  0xFE,0x58,0x00,0x00,0x00,0x00,0x00,0x00,0x11,0xFF,0xFF,0xFF,0x8F,0x00,0x00,0x00,
  0x00,0x06,0x07,0x00,0x00,0x00,0x00,0x00,0x00,0x28,0xFF,0xFF,0xFF,0x6E,0x00,0x00,
  0x00,0x00,0x00,0x00,0x00,0x00,0x00,0x00,0x00,0x00,0x40,0xFF,0xFF,0xFE,0x26,0x00,
  0x00,0x00,0x00,0x00,0x00,0x00,0x00,0x00,0x00,0x00,0x00,0x71,0xFF,0xFF,0xB0,0x00,
  0x00,0x00,0x00,0x00,0x00,0x00,0x00,0x00,0x00,0x00,0x00,0x00,0xC3,0xFF,0xF3,0x1E,
  0x00,0x00,0x00,0x00,0x00,0x00,0x00,0x00,0x00,0x00,0x00,0x00,0x34,0xFF,0xFF,0x54,
  0x00,0x00,0x00,0x00,0x00,0x00,0x00,0x00,0x00,0x00,0x00,0x00,0x00,0xC3,0xFF,0x7F,
  0x00,0x00,0x00,0x00,0x00,0x00,0x00,0x00,0x00,0x00,0x00,0x00,0x00,0x6E,0xFF,0x96,
  0x00,0x00,0x00,0x00,0x00,0x00,0x00,0x00,0x00,0x00,0x00,0x00,0x00,0x33,0xF7,0xA3,
  0x02,0x00,0x00,0x00,0x00,0x00,0x00,0x00,0x00,0x00,0x00,0x00,0x00,0x18,0xE3,0xA2,
  0x03,0x00,0x00,0x00,0x00,0x00,0x00,0x00,0x00,0x00,0x00,0x00,0x00,0x0C,0xCC,0x9B,
  0x02,0x00,0x00,0x00,0x00,0x00,0x00,0x00,0x00,0x00,0x00,0x00,0x00,0x05,0xB9,0x90,
  0x01,0x00,0x00,0x00,0x00,0x00,0x00,0x00,0x00,0x00,0x00,0x00,0x00,0x02,0xA6,0x7F,
  0x00,0x00,0x00,0x00,0x00,0x00,0x00,0x00,0x00,0x00,0x00,0x00,0x00,0x00,0x94,0x6B,
  0x00,0x00,0x00,0x00,0x00,0x00,0x00,0x00,0x00,0x00,0x18,0x00,0x00,0x00,0x7F,0x58,
  0x00,0x00,0x00,0x00,0x00,0x00,0x00,0x00,0x00,0x00,0x00,0x6A,0x00,0x00,0x66,0x47,
  0x00,0x00,0x00,0x00,0x00,0x00,0x00,0x00,0x00,0x00,0x00,0x2C,0x6F,0x00,0x4E,0x36,
  0x00,0x00,0x00,0x00,0x00,0x00,0x00,0x00,0x00,0x00,0x00,0x25,0xC2,0x66,0x1D,0xF3,
  0xEC,0xEC,0xEC,0xEC,0xEC,0xEC,0xEC,0xEC,0xEC,0xEC,0xEC,0xF4,0xFF,0xFF,0x5D,0x28,
  0xFF,0xFF,0xFF,0xFF,0xFF,0xFF,0xFF,0xFF,0xFF,0xFF,0xFF,0xFF,0xFF,0xFF,0xFF,0x54,
  0x28,0xFF,0xFF,0xFF,0xFF,0xFF,0xFF,0xFF,0xFF,0xFF,0xFF,0xFF,0xFF,0xFF,0xFF,0xFF,
  0x4C,0x00,0x00,0x06,0x5E,0xAB,0xB9,0x72,0x5B,0x65,0xA5,0xAD,0x5F,0x09,0x00,0x00,
  0x00,0x00,0x00,0x30,0xDD,0xFF,0xCE,0x0D,0x00,0x00,0x00,0x01,0x9F,0xFF,0xE2,0x42,
  0x00,0x00,0x00,0x11,0xE8,0xFF,0xFF,0x3F,0x00,0x00,0x00,0x00,0x00,0x10,0xF7,0xFF,
  0xFA,0x36,0x00,0x00,0x62,0xFF,0xFF,0xEB,0x01,0x00,0x00,0x00,0x00,0x00,0x00,0xBF,
  0xFF,0xFF,0xC0,0x00,0x00,0x6A,0xFF,0xFF,0xBE,0x00,0x00,0x00,0x00,0x00,0x00,0x00,
  0x9F,0xFF,0xFF,0xFD,0x09,0x00,0x21,0xED,0xFF,0xA6,0x00,0x00,0x00,0x00,0x00,0x00,
  0x00,0x98,0xFF,0xFF,0xFF,0x1D,0x00,0x00,0x19,0x6E,0x56,0x00,0x00,0x00,0x00,0x00,
  0x00,0x00,0xA9,0xFF,0xFF,0xFD,0x0A,0x00,0x00,0x00,0x00,0x00,0x00,0x00,0x00,0x00,
  0x00,0x00,0x00,0xD5,0xFF,0xFF,0xBF,0x00,0x00,0x00,0x00,0x00,0x00,0x00,0x00,0x00,
  0x00,0x00,0x00,0x29,0xFF,0xFF,0xFA,0x37,0x00,0x00,0x00,0x00,0x00,0x00,0x00,0x00,
  0x00,0x00,0x00,0x03,0xBA,0xFF,0xF1,0x4F,0x00,0x00,0x00,0x00,0x00,0x00,0x00,0x00,
  0x00,0x00,0x00,0x29,0xB9,0xEC,0x92,0x1C,0x00,0x00,0x00,0x00,0x00,0x00,0x00,0x00,
  0x21,0x58,0x70,0xAD,0xDB,0xA0,0x45,0x0E,0x00,0x00,0x00,0x00,0x00,0x00,0x00,0x00,
  0x00,0x00,0x00,0x00,0x00,0x10,0x75,0xF5,0xF8,0xA3,0x1C,0x00,0x00,0x00,0x00,0x00,
  0x00,0x00,0x00,0x00,0x00,0x00,0x00,0x00,0x34,0xF7,0xFF,0xEF,0x38,0x00,0x00,0x00,
  0x00,0x00,0x00,0x00,0x00,0x00,0x00,0x00,0x00,0x00,0x80,0xFF,0xFF,0xEA,0x11,0x00,
  0x00,0x00,0x00,0x00,0x00,0x00,0x00,0x00,0x00,0x00,0x00,0x1D,0xFF,0xFF,0xFF,0x81,
  0x00,0x00,0x00,0x00,0x00,0x00,0x00,0x00,0x00,0x00,0x00,0x00,0x00,0xE4,0xFF,0xFF,
  0xCF,0x00,0x00,0x00,0x00,0x00,0x00,0x00,0x00,0x00,0x00,0x00,0x00,0x00,0xC6,0xFF,
  0xFF,0xF5,0x00,0x00,0x00,0x00,0x00,0x00,0x00,0x00,0x00,0x00,0x00,0x00,0x00,0xB8,
  0xFF,0xFF,0xFE,0x02,0x01,0x56,0x2F,0x00,0x00,0x00,0x00,0x00,0x00,0x00,0x00,0x00,
  0xBE,0xFF,0xFF,0xEB,0x00,0x88,0xFF,0x69,0x00,0x00,0x00,0x00,0x00,0x00,0x00,0x00,
  0x00,0xD3,0xFF,0xFF,0xC3,0x00,0xDB,0xFF,0x89,0x00,0x00,0x00,0x00,0x00,0x00,0x00,
  0x00,0x06,0xF9,0xFF,0xFF,0x6E,0x00,0xC7,0xFF,0xC5,0x00,0x00,0x00,0x00,0x00,0x00,
  0x00,0x00,0x4C,0xFF,0xFF,0xDC,0x0A,0x00,0x50,0xFF,0xFE,0x32,0x00,0x00,0x00,0x00,
  0x00,0x00,0x01,0xC4,0xFF,0xEB,0x32,0x00,0x00,0x00,0x62,0xF4,0xD8,0x1C,0x00,0x00,
  0x00,0x00,0x04,0x90,0xFF,0xB9,0x24,0x00,0x00,0x00,0x00,0x00,0x18,0x7A,0xB2,0x7F,
  0x5F,0x5A,0x6C,0x9B,0x8B,0x34,0x00,0x00,0x00,0x00,0x00,0x00,0x00,0x00,0x00,0x00,
  0x00,0x00,0x00,0x00,0x00,0x00,0x88,0xFF,0xFF,0xFF,0x28,0x00,0x00,0x00,0x00,0x00,
  0x00,0x00,0x00,0x00,0x00,0x00,0x00,0x00,0x00,0x38,0x77,0xFF,0xFF,0xFF,0x28,0x00,
  0x00,0x00,0x00,0x00,0x00,0x00,0x00,0x00,0x00,0x00,0x00,0x00,0x06,0x69,0x47,0xFF,
  0xFF,0xFF,0x28,0x00,0x00,0x00,0x00,0x00,0x00,0x00,0x00,0x00,0x00,0x00,0x00,0x00,
  0x63,0x0E,0x49,0xFF,0xFF,0xFF,0x28,0x00,0x00,0x00,0x00,0x00,0x00,0x00,0x00,0x00,
  0x00,0x00,0x00,0x27,0x49,0x00,0x4B,0xFF,0xFF,0xFF,0x28,0x00,0x00,0x00,0x00,0x00,
  0x00,0x00,0x00,0x00,0x00,0x00,0x01,0x6D,0x00,0x00,0x4C,0xFF,0xFF,0xFF,0x28,0x00,
  0x00,0x00,0x00,0x00,0x00,0x00,0x00,0x00,0x00,0x00,0x56,0x18,0x00,0x00,0x4C,0xFF,
  0xFF,0xFF,0x28,0x00,0x00,0x00,0x00,0x00,0x00,0x00,0x00,0x00,0x00,0x18,0x54,0x00,
  0x00,0x00,0x4C,0xFF,0xFF,0xFF,0x28,0x00,0x00,0x00,0x00,0x00,0x00,0x00,0x00,0x00,
  0x00,0x6C,0x01,0x00,0x00,0x00,0x4C,0xFF,0xFF,0xFF,0x28,0x00,0x00,0x00,0x00,0x00,
  0x00,0x00,0x00,0x00,0x46,0x26,0x00,0x00,0x00,0x00,0x4C,0xFF,0xFF,0xFF,0x28,0x00,
  0x00,0x00,0x00,0x00,0x00,0x00,0x00,0x0D,0x5E,0x00,0x00,0x00,0x00,0x00,0x4C,0xFF,
  0xFF,0xFF,0x28,0x00,0x00,0x00,0x00,0x00,0x00,0x00,0x00,0x66,0x05,0x00,0x00,0x00,
  0x00,0x00,0x4C,0xFF,0xFF,0xFF,0x28,0x00,0x00,0x00,0x00,0x00,0x00,0x00,0x35,0x34,
  0x00,0x00,0x00,0x00,0x00,0x00,0x4C,0xFF,0xFF,0xFF,0x28,0x00,0x00,0x00,0x00,0x00,
  0x00,0x05,0x63,0x00,0x00,0x00,0x00,0x00,0x00,0x00,0x4C,0xFF,0xFF,0xFF,0x28,0x00,
  0x00,0x00,0x00,0x00,0x00,0x5E,0x0C,0x00,0x00,0x00,0x00,0x00,0x00,0x00,0x4C,0xFF,
  0xFF,0xFF,0x28,0x00,0x00,0x00,0x00,0x00,0x26,0x43,0x00,0x00,0x00,0x00,0x00,0x00,
  0x00,0x00,0x4C,0xFF,0xFF,0xFF,0x28,0x00,0x00,0x00,0x00,0x01,0x71,0x10,0x10,0x10,
  0x10,0x10,0x10,0x10,0x10,0x10,0x57,0xFF,0xFF,0xFF,0x35,0x10,0x10,0x10,0x0A,0x4F,
  0xFF,0xFF,0xFF,0xFF,0xFF,0xFF,0xFF,0xFF,0xFF,0xFF,0xFF,0xFF,0xFF,0xFF,0xFF,0xFF,
  0xFF,0xFF,0xA0,0x64,0xFF,0xFF,0xFF,0xFF,0xFF,0xFF,0xFF,0xFF,0xFF,0xFF,0xFF,0xFF,
  0xFF,0xFF,0xFF,0xFF,0xFF,0xFF,0xA0,0x00,0x00,0x00,0x00,0x00,0x00,0x00,0x00,0x00,
  0x00,0x00,0x4C,0xFF,0xFF,0xFF,0x28,0x00,0x00,0x00,0x00,0x00,0x00,0x00,0x00,0x00,
  0x00,0x00,0x00,0x00,0x00,0x00,0x4C,0xFF,0xFF,0xFF,0x28,0x00,0x00,0x00,0x00,0x00,
  0x00,0x00,0x00,0x00,0x00,0x00,0x00,0x00,0x00,0x00,0x4C,0xFF,0xFF,0xFF,0x28,0x00,
  0x00,0x00,0x00,0x00,0x00,0x00,0x00,0x00,0x00,0x00,0x00,0x00,0x00,0x00,0x4C,0xFF,
  0xFF,0xFF,0x28,0x00,0x00,0x00,0x00,0x00,0x00,0x00,0x00,0x00,0x00,0x00,0x00,0x00,
  0x00,0x00,0x5E,0xFF,0xFF,0xFF,0x3A,0x00,0x00,0x00,0x00,0x00,0x00,0x00,0x00,0x00,
  0x00,0x00,0x00,0x00,0x00,0x00,0xB4,0xFF,0xFF,0xFF,0x8F,0x00,0x00,0x00,0x00,0x00,
  0x00,0x00,0x00,0x00,0x00,0x00,0x18,0x5C,0x73,0xC2,0xFF,0xFF,0xFF,0xFF,0xFF,0xB0,
  0x6F,0x35,0x00,0x00,0x00,0xE7,0xFF,0xFF,0xFF,0xFF,0xFF,0xFF,0xFF,0xFF,0xFF,0xFF,
  0xFF,0x2B,0x00,0x00,0x01,0xFB,0xFF,0xFF,0xFF,0xFF,0xFF,0xFF,0xFF,0xFF,0xFF,0xFF,
  0xFF,0x34,0x00,0x00,0x13,0xF3,0xF0,0xF0,0xF0,0xF0,0xF0,0xF0,0xF0,0xF0,0xF4,0xFF,
  0xFF,0x3D,0x00,0x00,0x29,0x33,0x00,0x00,0x00,0x00,0x00,0x00,0x00,0x00,0x00,0x17,
  0xB1,0x46,0x00,0x00,0x3F,0x1C,0x00,0x00,0x00,0x00,0x00,0x00,0x00,0x00,0x00,0x00,
  0x2B,0x4F,0x00,0x00,0x54,0x06,0x00,0x00,0x00,0x00,0x00,0x00,0x00,0x00,0x00,0x00,
  0x04,0x26,0x00,0x00,0x5A,0x00,0x00,0x00,0x00,0x00,0x00,0x00,0x00,0x00,0x00,0x00,
  0x00,0x00,0x00,0x00,0x59,0x00,0x00,0x00,0x00,0x00,0x00,0x00,0x00,0x00,0x00,0x00,
  0x00,0x00,0x00,0x00,0x59,0x00,0x00,0x00,0x00,0x00,0x00,0x00,0x00,0x00,0x00,0x00,
  0x00,0x00,0x00,0x00,0x58,0x00,0x00,0x00,0x00,0x00,0x00,0x00,0x00,0x00,0x00,0x00,
  0x00,0x00,0x00,0x00,0x58,0x00,0x06,0x4E,0x6F,0x7E,0x9A,0xA8,0x8A,0x40,0x04,0x00,
  0x00,0x00,0x00,0x00,0x57,0x42,0x59,0x13,0x00,0x00,0x00,0x13,0x86,0xFE,0xDF,0x4E,
  0x00,0x00,0x00,0x00,0x99,0x2E,0x00,0x00,0x00,0x00,0x00,0x00,0x00,0x76,0xFF,0xFF,
  0x7B,0x00,0x00,0x00,0x04,0x00,0x00,0x00,0x00,0x00,0x00,0x00,0x00,0x04,0xE3,0xFF,
  0xFF,0x58,0x00,0x00,0x00,0x00,0x00,0x00,0x00,0x00,0x00,0x00,0x00,0x00,0x96,0xFF,
  0xFF,0xE3,0x03,0x00,0x00,0x00,0x00,0x00,0x00,0x00,0x00,0x00,0x00,0x00,0x67,0xFF,
  0xFF,0xFF,0x3D,0x00,0x00,0x00,0x00,0x00,0x00,0x00,0x00,0x00,0x00,0x00,0x49,0xFF,
  0xFF,0xFF,0x6E,0x00,0x00,0x00,0x00,0x00,0x00,0x00,0x00,0x00,0x00,0x00,0x3E,0xFF,
  0xFF,0xFF,0x82,0x00,0x00,0x00,0x00,0x00,0x00,0x00,0x00,0x00,0x00,0x00,0x3C,0xFF,
  0xFF,0xFF,0x77,0x00,0x00,0x00,0x00,0x00,0x00,0x00,0x00,0x00,0x00,0x00,0x46,0xFF,
  0xFF,0xFF,0x5D,0x09,0x87,0x77,0x00,0x00,0x00,0x00,0x00,0x00,0x00,0x00,0x5E,0xFF,
  0xFF,0xFF,0x27,0x7A,0xFF,0xB2,0x00,0x00,0x00,0x00,0x00,0x00,0x00,0x00,0x82,0xFF,
  0xFF,0xCF,0x00,0x99,0xFF,0xE2,0x00,0x00,0x00,0x00,0x00,0x00,0x00,0x00,0xC1,0xFF,
  0xFF,0x4C,0x00,0x48,0xFF,0xFF,0x46,0x00,0x00,0x00,0x00,0x00,0x00,0x28,0xFE,0xFF,
  0x95,0x00,0x00,0x00,0x78,0xFC,0xE2,0x29,0x00,0x00,0x00,0x00,0x12,0xCC,0xFA,0x73,
  0x00,0x00,0x00,0x00,0x00,0x26,0x8B,0xC2,0x8F,0x67,0x61,0x76,0xAC,0x81,0x1F,0x00,
  0x00,0x00,0x00,0x00,0x00,0x00,0x00,0x00,0x0D,0x71,0xA5,0x70,0x5D,0x72,0xC1,0x9C,
  0x33,0x00,0x00,0x00,0x00,0x00,0x00,0x00,0x40,0xE7,0xB7,0x0A,0x00,0x00,0x00,0x29,
  0xF9,0xFD,0x73,0x00,0x00,0x00,0x00,0x00,0x59,0xFC,0xE2,0x0B,0x00,0x00,0x00,0x00,
  0x00,0xAB,0xFF,0xFE,0x37,0x00,0x00,0x00,0x32,0xF6,0xFF,0x61,0x00,0x00,0x00,0x00,
  0x00,0x00,0x6C,0xFF,0xFF,0x7C,0x00,0x00,0x00,0xCC,0xFF,0xF3,0x0B,0x00,0x00,0x00,
  0x00,0x00,0x00,0x4B,0xFF,0xFF,0x56,0x00,0x00,0x52,0xFF,0xFF,0xB5,0x00,0x00,0x00,
  0x00,0x00,0x00,0x00,0x33,0xBC,0x6E,0x00,0x00,0x00,0xB9,0xFF,0xFF,0x7A,0x00,0x00,
  0x00,0x00,0x00,0x00,0x00,0x00,0x00,0x00,0x00,0x00,0x11,0xFA,0xFF,0xFF,0x4E,0x00,
  0x00,0x00,0x00,0x00,0x00,0x00,0x00,0x00,0x00,0x00,0x00,0x50,0xFF,0xFF,0xFF,0x2C,
  0x00,0x00,0x00,0x00,0x00,0x00,0x00,0x00,0x00,0x00,0x00,0x00,0x7E,0xFF,0xFF,0xFF,
  0x0D,0x00,0x00,0x00,0x00,0x00,0x00,0x00,0x00,0x00,0x00,0x00,0x00,0xA6,0xFF,0xFF,
  0xFC,0x00,0x01,0x42,0x6B,0x75,0x9A,0x9F,0x66,0x13,0x00,0x00,0x00,0x00,0xB8,0xFF,
  0xFF,0xED,0x2A,0x67,0x20,0x00,0x00,0x00,0x4A,0xEE,0xF3,0x73,0x00,0x00,0x00,0xC6,
  0xFF,0xFF,0xF0,0x4B,0x00,0x00,0x00,0x00,0x00,0x00,0x56,0xFF,0xFF,0x8E,0x00,0x00,
  0xC8,0xFF,0xFF,0xE2,0x00,0x00,0x00,0x00,0x00,0x00,0x00,0x02,0xE7,0xFF,0xFF,0x4A,
  0x00,0xC0,0xFF,0xFF,0xE7,0x00,0x00,0x00,0x00,0x00,0x00,0x00,0x00,0xAA,0xFF,0xFF,
  0xC3,0x00,0xB0,0xFF,0xFF,0xF0,0x00,0x00,0x00,0x00,0x00,0x00,0x00,0x00,0x87,0xFF,
  0xFF,0xFC,0x0F,0x97,0xFF,0xFF,0xFC,0x00,0x00,0x00,0x00,0x00,0x00,0x00,0x00,0x70,
  0xFF,0xFF,0xFF,0x33,0x73,0xFF,0xFF,0xFF,0x0E,0x00,0x00,0x00,0x00,0x00,0x00,0x00,
  0x67,0xFF,0xFF,0xFF,0x42,0x42,0xFF,0xFF,0xFF,0x26,0x00,0x00,0x00,0x00,0x00,0x00,
  0x00,0x69,0xFF,0xFF,0xFF,0x2E,0x09,0xF5,0xFF,0xFF,0x46,0x00,0x00,0x00,0x00,0x00,
  0x00,0x00,0x70,0xFF,0xFF,0xFF,0x15,0x00,0xAB,0xFF,0xFF,0x6E,0x00,0x00,0x00,0x00,
  0x00,0x00,0x00,0x85,0xFF,0xFF,0xD5,0x00,0x00,0x3D,0xFF,0xFF,0xA6,0x00,0x00,0x00,
  0x00,0x00,0x00,0x00,0xA3,0xFF,0xFF,0x7F,0x00,0x00,0x00,0xAF,0xFF,0xED,0x05,0x00,
  0x00,0x00,0x00,0x00,0x00,0xD7,0xFF,0xE8,0x12,0x00,0x00,0x00,0x15,0xDF,0xFF,0x60,
  0x00,0x00,0x00,0x00,0x00,0x2B,0xFF,0xFC,0x4F,0x00,0x00,0x00,0x00,0x00,0x1C,0xC8,
  0xEA,0x24,0x00,0x00,0x00,0x07,0xBD,0xF0,0x47,0x00,0x00,0x00,0x00,0x00,0x00,0x00,
  0x02,0x58,0xA7,0x75,0x5A,0x65,0x9C,0x7F,0x15,0x00,0x00,0x00,0x00,0xAD,0xFF,0xFF,
  0xFF,0xFF,0xFF,0xFF,0xFF,0xFF,0xFF,0xFF,0xFF,0xFF,0xFF,0xFF,0xFF,0x64,0xB5,0xFF,
  0xFF,0xFF,0xFF,0xFF,0xFF,0xFF,0xFF,0xFF,0xFF,0xFF,0xFF,0xFF,0xFF,0xFF,0x3B,0xBD,
  0xFF,0xFF,0xF9,0xF0,0xF0,0xF0,0xF0,0xF0,0xF0,0xF0,0xF0,0xF0,0xF0,0xF0,0xDA,0x01,
  0xC6,0xA9,0x25,0x00,0x00,0x00,0x00,0x00,0x00,0x00,0x00,0x00,0x00,0x00,0x04,0x67,
  0x00,0xB5,0x06,0x00,0x00,0x00,0x00,0x00,0x00,0x00,0x00,0x00,0x00,0x00,0x00,0x5A,
  0x2B,0x00,0x77,0x00,0x00,0x00,0x00,0x00,0x00,0x00,0x00,0x00,0x00,0x00,0x00,0x00,
  0x9F,0x00,0x00,0x39,0x00,0x00,0x00,0x00,0x00,0x00,0x00,0x00,0x00,0x00,0x00,0x00,
  0x44,0x75,0x00,0x00,0x00,0x00,0x00,0x00,0x00,0x00,0x00,0x00,0x00,0x00,0x00,0x00,
  0x00,0xB7,0x1C,0x00,0x00,0x00,0x00,0x00,0x00,0x00,0x00,0x00,0x00,0x00,0x00,0x00,
  0x00,0x2E,0xBF,0x00,0x00,0x00,0x00,0x00,0x00,0x00,0x00,0x00,0x00,0x00,0x00,0x00,
  0x00,0x00,0xA2,0x65,0x00,0x00,0x00,0x00,0x00,0x00,0x00,0x00,0x00,0x00,0x00,0x00,
  0x00,0x00,0x1C,0xF4,0x11,0x00,0x00,0x00,0x00,0x00,0x00,0x00,0x00,0x00,0x00,0x00,
  0x00,0x00,0x00,0x8C,0xB0,0x00,0x00,0x00,0x00,0x00,0x00,0x00,0x00,0x00,0x00,0x00,
  0x00,0x00,0x00,0x0E,0xF1,0x55,0x00,0x00,0x00,0x00,0x00,0x00,0x00,0x00,0x00,0x00,
  0x00,0x00,0x00,0x00,0x75,0xF1,0x08,0x00,0x00,0x00,0x00,0x00,0x00,0x00,0x00,0x00,
  0x00,0x00,0x00,0x00,0x05,0xE4,0x9F,0x00,0x00,0x00,0x00,0x00,0x00,0x00,0x00,0x00,
  0x00,0x00,0x00,0x00,0x00,0x5F,0xFF,0x44,0x00,0x00,0x00,0x00,0x00,0x00,0x00,0x00,
  0x00,0x00,0x00,0x00,0x00,0x00,0xD2,0xE7,0x03,0x00,0x00,0x00,0x00,0x00,0x00,0x00,
  0x00,0x00,0x00,0x00,0x00,0x00,0x48,0xFF,0x8F,0x00,0x00,0x00,0x00,0x00,0x00,0x00,
  0x00,0x00,0x00,0x00,0x00,0x00,0x00,0xBD,0xFF,0x34,0x00,0x00,0x00,0x00,0x00,0x00,
  0x00,0x00,0x00,0x00,0x00,0x00,0x00,0x31,0xFF,0xD9,0x00,0x00,0x00,0x00,0x00,0x00,
  0x00,0x00,0x00,0x00,0x00,0x00,0x00,0x00,0xA6,0xFF,0x7E,0x00,0x00,0x00,0x00,0x00,
  0x00,0x00,0x00,0x00,0x00,0x00,0x00,0x00,0x1F,0xFB,0xFF,0x24,0x00,0x00,0x00,0x00,
  0x00,0x00,0x00,0x00,0x00,0x00,0x00,0x00,0x00,0x90,0xFF,0xC9,0x00,0x00,0x00,0x00,
  0x00,0x00,0x00,0x00,0x00,0x00,0x00,0x00,0x00,0x10,0xF3,0xFF,0x6E,0x00,0x00,0x00,
  0x00,0x00,0x00,0x00,0x00,0x00,0x00,0x00,0x00,0x00,0x79,0xFF,0xFC,0x17,0x00,0x00,
  0x00,0x00,0x00,0x00,0x00,0x00,0x00,0x00,0x00,0x00,0x06,0xE6,0xFF,0xB9,0x00,0x00,
  0x00,0x00,0x00,0x00,0x00,0x00,0x00,0x00,0x00,0x00,0x00,0x0B,0x5F,0xA0,0x66,0x56,
  0x5A,0x79,0xA8,0x68,0x0B,0x00,0x00,0x00,0x00,0x00,0x00,0x00,0x39,0xE0,0xCC,0x11,
  0x00,0x00,0x00,0x00,0x22,0xE4,0xE2,0x39,0x00,0x00,0x00,0x00,0x00,0x2D,0xF7,0xFF,
  0x31,0x00,0x00,0x00,0x00,0x00,0x00,0x54,0xFF,0xF1,0x2A,0x00,0x00,0x00,0x00,0xCD,
  0xFF,0xDE,0x00,0x00,0x00,0x00,0x00,0x00,0x00,0x05,0xF2,0xFF,0xBE,0x00,0x00,0x00,
  0x32,0xFF,0xFF,0xBA,0x00,0x00,0x00,0x00,0x00,0x00,0x00,0x00,0xC7,0xFF,0xFF,0x1D,
  0x00,0x00,0x68,0xFF,0xFF,0xB7,0x00,0x00,0x00,0x00,0x00,0x00,0x00,0x00,0xB3,0xFF,
  0xFF,0x4B,0x00,0x00,0x7E,0xFF,0xFF,0xCF,0x00,0x00,0x00,0x00,0x00,0x00,0x00,0x00,
  0xB5,0xFF,0xFF,0x55,0x00,0x00,0x6B,0xFF,0xFF,0xFB,0x16,0x00,0x00,0x00,0x00,0x00,
  0x00,0x00,0xCD,0xFF,0xFF,0x35,0x00,0x00,0x2C,0xFF,0xFF,0xFF,0x96,0x00,0x00,0x00,
  0x00,0x00,0x00,0x0D,0xFA,0xFF,0xE1,0x03,0x00,0x00,0x00,0xBB,0xFF,0xFF,0xFF,0x89,
  0x03,0x00,0x00,0x00,0x00,0x5E,0xFF,0xFF,0x53,0x00,0x00,0x00,0x00,0x20,0xE9,0xFF,
  0xFF,0xFF,0xCF,0x41,0x00,0x00,0x1D,0xE7,0xF4,0x60,0x00,0x00,0x00,0x00,0x00,0x00,
  0x2A,0xDE,0xFF,0xFF,0xFF,0xFF,0xB8,0x5C,0xCC,0x90,0x1D,0x00,0x00,0x00,0x00,0x00,
  0x00,0x00,0x00,0x0E,0x9B,0xFD,0xFF,0xFF,0xFF,0xFF,0xB1,0x30,0x00,0x00,0x00,0x00,
  0x00,0x00,0x00,0x00,0x00,0x10,0x6B,0xA7,0xA8,0xFC,0xFF,0xFF,0xFF,0xFD,0x9B,0x0F,
  0x00,0x00,0x00,0x00,0x00,0x04,0x7C,0xF3,0xA3,0x06,0x00,0x24,0x9F,0xFC,0xFF,0xFF,
  0xFF,0xDD,0x2A,0x00,0x00,0x00,0x05,0xB6,0xFF,0xD9,0x0A,0x00,0x00,0x00,0x00,0x2B,
  0xBF,0xFF,0xFF,0xFF,0xEA,0x1E,0x00,0x00,0x82,0xFF,0xFF,0x71,0x00,0x00,0x00,0x00,
  0x00,0x00,0x02,0x7C,0xFF,0xFF,0xFF,0xB7,0x00,0x09,0xF3,0xFF,0xFF,0x28,0x00,0x00,
  0x00,0x00,0x00,0x00,0x00,0x00,0x89,0xFF,0xFF,0xFF,0x26,0x3E,0xFF,0xFF,0xFF,0x0B,
  0x00,0x00,0x00,0x00,0x00,0x00,0x00,0x00,0x0C,0xF3,0xFF,0xFF,0x60,0x51,0xFF,0xFF,
  0xFC,0x00,0x00,0x00,0x00,0x00,0x00,0x00,0x00,0x00,0x00,0xBC,0xFF,0xFF,0x71,0x36,
  0xFF,0xFF,0xFF,0x07,0x00,0x00,0x00,0x00,0x00,0x00,0x00,0x00,0x00,0xA5,0xFF,0xFF,
  0x5C,0x0B,0xF1,0xFF,0xFF,0x2A,0x00,0x00,0x00,0x00,0x00,0x00,0x00,0x00,0x00,0xB6,
  0xFF,0xFF,0x20,0x00,0x8A,0xFF,0xFF,0x6A,0x00,0x00,0x00,0x00,0x00,0x00,0x00,0x00,
  0x04,0xEB,0xFF,0xAE,0x00,0x00,0x08,0xC5,0xFF,0xD7,0x08,0x00,0x00,0x00,0x00,0x00,
  0x00,0x00,0x62,0xFF,0xD9,0x18,0x00,0x00,0x00,0x0F,0x9B,0xFE,0xAE,0x0C,0x00,0x00,
  0x00,0x00,0x00,0x40,0xF1,0xAB,0x16,0x00,0x00,0x00,0x00,0x00,0x00,0x2D,0x7F,0xB0,
  0x74,0x5B,0x56,0x5E,0x7B,0x88,0x2E,0x00,0x00,0x00,0x00,0x00,0x00,0x00,0x00,0x0D,
  0x74,0xB0,0x76,0x5E,0x69,0x9E,0x72,0x0E,0x00,0x00,0x00,0x00,0x00,0x00,0x00,0x43,
  0xEA,0xEB,0x23,0x00,0x00,0x00,0x09,0xC4,0xE9,0x47,0x00,0x00,0x00,0x00,0x00,0x40,
  0xF9,0xFF,0x68,0x00,0x00,0x00,0x00,0x00,0x28,0xFE,0xFB,0x49,0x00,0x00,0x00,0x0C,
  0xE4,0xFF,0xFD,0x0F,0x00,0x00,0x00,0x00,0x00,0x00,0xBE,0xFF,0xEC,0x15,0x00,0x00,
  0x6D,0xFF,0xFF,0xD3,0x00,0x00,0x00,0x00,0x00,0x00,0x00,0x77,0xFF,0xFF,0x8E,0x00,
  0x00,0xC5,0xFF,0xFF,0xB1,0x00,0x00,0x00,0x00,0x00,0x00,0x00,0x42,0xFF,0xFF,0xF2,
  0x08,0x05,0xF9,0xFF,0xFF,0x9A,0x00,0x00,0x00,0x00,0x00,0x00,0x00,0x1D,0xFF,0xFF,
  0xFF,0x4B,0x18,0xFF,0xFF,0xFF,0x91,0x00,0x00,0x00,0x00,0x00,0x00,0x00,0x02,0xFC,
  0xFF,0xFF,0x85,0x22,0xFF,0xFF,0xFF,0x8E,0x00,0x00,0x00,0x00,0x00,0x00,0x00,0x00,
  0xE9,0xFF,0xFF,0xB1,0x0B,0xFF,0xFF,0xFF,0x96,0x00,0x00,0x00,0x00,0x00,0x00,0x00,
  0x00,0xDA,0xFF,0xFF,0xCE,0x00,0xEB,0xFF,0xFF,0xA9,0x00,0x00,0x00,0x00,0x00,0x00,
  0x00,0x00,0xCD,0xFF,0xFF,0xDE,0x00,0x9A,0xFF,0xFF,0xCB,0x00,0x00,0x00,0x00,0x00,
  0x00,0x00,0x00,0xC7,0xFF,0xFF,0xE7,0x00,0x31,0xFB,0xFF,0xFB,0x0E,0x00,0x00,0x00,
  0x00,0x00,0x00,0x00,0xC7,0xFF,0xFF,0xE5,0x00,0x00,0x79,0xFF,0xFF,0x75,0x00,0x00,
  0x00,0x00,0x00,0x00,0x59,0xE6,0xFF,0xFF,0xDA,0x00,0x00,0x00,0x6A,0xF8,0xF8,0x60,
  0x04,0x00,0x00,0x2B,0x72,0x27,0xD4,0xFF,0xFF,0xCE,0x00,0x00,0x00,0x00,0x15,0x71,
  0xA8,0xB3,0x8E,0x81,0x48,0x02,0x00,0xDE,0xFF,0xFF,0xB1,0x00,0x00,0x00,0x00,0x00,
  0x00,0x00,0x00,0x00,0x00,0x00,0x00,0x00,0xF0,0xFF,0xFF,0x8F,0x00,0x00,0x00,0x00,
  0x00,0x00,0x00,0x00,0x00,0x00,0x00,0x00,0x06,0xFE,0xFF,0xFF,0x64,0x00,0x00,0x00,
  0x00,0x00,0x00,0x00,0x00,0x00,0x00,0x00,0x00,0x23,0xFF,0xFF,0xFF,0x25,0x00,0x00,
  0x00,0x00,0x00,0x00,0x00,0x00,0x00,0x00,0x00,0x00,0x47,0xFF,0xFF,0xE1,0x00,0x00,
  0x00,0x00,0x00,0x00,0x00,0x00,0x00,0x00,0x00,0x00,0x00,0x76,0xFF,0xFF,0x7A,0x00,
  0x00,0x00,0x45,0x4E,0x00,0x00,0x00,0x00,0x00,0x00,0x00,0x00,0xB4,0xFF,0xF4,0x14,
  0x00,0x00,0x02,0xF1,0xA9,0x00,0x00,0x00,0x00,0x00,0x00,0x00,0x10,0xF8,0xFF,0x64,
  0x00,0x00,0x00,0x01,0xE9,0xF5,0x15,0x00,0x00,0x00,0x00,0x00,0x00,0x84,0xFF,0x9D,
  0x00,0x00,0x00,0x00,0x00,0x4D,0xF8,0xB4,0x0D,0x00,0x00,0x00,0x00,0x4D,0xF7,0x79,
  0x00,0x00,0x00,0x00,0x00,0x00,0x00,0x27,0x97,0xBD,0x80,0x62,0x60,0x80,0x89,0x25,
  0x00,0x00,0x00,0x00,0x00,0x30,0xDB,0xEE,0x67,0x00,0xA9,0xFF,0xFF,0xF2,0x01,0xC4,
  0xFF,0xFF,0xFF,0x10,0xA5,0xFF,0xFF,0xEF,0x01,0x2A,0xD0,0xE2,0x5D,0x00,0x00,0x00,
  0x00,0x00,0x00,0x00,0x00,0x00,0x00,0x00,0x00,0x00,0x00,0x00,0x00,0x00,0x00,0x00,
  0x00,0x00,0x00,0x00,0x00,0x00,0x00,0x00,0x00,0x00,0x00,0x00,0x00,0x00,0x00,0x00,
  0x00,0x00,0x00,0x00,0x00,0x00,0x00,0x00,0x00,0x00,0x00,0x00,0x00,0x00,0x00,0x00,
  0x2B,0xCF,0xE2,0x5D,0x00,0xA6,0xFF,0xFF,0xEF,0x01,0xC5,0xFF,0xFF,0xFF,0x10,0xA9,
  0xFF,0xFF,0xF2,0x01,0x30,0xDC,0xEE,0x67,0x00,0x00,0x00,0x2B,0xD7,0xEF,0x6F,0x00,
  0x00,0x00,0xA1,0xFF,0xFF,0xF7,0x05,0x00,0x00,0xBC,0xFF,0xFF,0xFF,0x18,0x00,0x00,
  0x9D,0xFF,0xFF,0xF4,0x04,0x00,0x00,0x24,0xC8,0xE0,0x62,0x00,0x00,0x00,0x00,0x00,
  0x00,0x00,0x00,0x00,0x00,0x00,0x00,0x00,0x00,0x00,0x00,0x00,0x00,0x00,0x00,0x00,
  0x00,0x00,0x00,0x00,0x00,0x00,0x00,0x00,0x00,0x00,0x00,0x00,0x00,0x00,0x00,0x00,
  0x00,0x00,0x00,0x00,0x00,0x00,0x00,0x00,0x00,0x00,0x00,0x00,0x00,0x00,0x00,0x00,
  0x00,0x00,0x00,0x00,0x00,0x00,0x00,0x00,0x00,0x00,0x00,0x00,0x00,0x00,0x00,0x00,
  0x00,0x00,0x00,0x02,0x9A,0xF4,0xE3,0x67,0x00,0x00,0x57,0xFF,0xFF,0xFF,0xFF,0x42,
  0x00,0x70,0xFF,0xFF,0xFF,0xFF,0x8B,0x00,0x1C,0xDB,0xFF,0xFF,0xFF,0x9A,0x00,0x00,
  0x08,0x85,0xFC,0xFF,0x81,0x00,0x00,0x00,0x00,0xA2,0xFF,0x3E,0x00,0x00,0x00,0x00,
  0x84,0xCE,0x00,0x00,0x00,0x00,0x00,0xBB,0x35,0x00,0x00,0x00,0x04,0x79,0x4E,0x00,
  0x00,0x05,0x53,0x76,0x22,0x00,0x00,0x00,0x14,0x16,0x00,0x00,0x00,0x00,0x00,0x00,
  0x00,0x00,0x00,0x00,0x00,0x00,0x00,0x00,0x00,0x00,0x00,0x00,0x00,0x00,0x2A,0x00,
  0x00,0x00,0x00,0x00,0x00,0x00,0x00,0x00,0x00,0x00,0x00,0x00,0x36,0xB5,0x7A,0x00,
  0x00,0x00,0x00,0x00,0x00,0x00,0x00,0x00,0x00,0x00,0x28,0xA9,0x9B,0x1D,0x00,0x00,
  0x00,0x00,0x00,0x00,0x00,0x00,0x00,0x00,0x1D,0x9B,0xA7,0x27,0x00,0x00,0x00,0x00,
  0x00,0x00,0x00,0x00,0x00,0x00,0x13,0x8C,0xB1,0x32,0x00,0x00,0x00,0x00,0x00,0x00,
  0x00,0x00,0x00,0x00,0x0C,0x7D,0xB8,0x3F,0x00,0x00,0x00,0x00,0x00,0x00,0x00,0x00,
  0x00,0x00,0x06,0x6D,0xBC,0x4E,0x00,0x00,0x00,0x00,0x00,0x00,0x00,0x00,0x00,0x00,
  0x02,0x5D,0xBC,0x5C,0x02,0x00,0x00,0x00,0x00,0x00,0x00,0x00,0x00,0x00,0x00,0x41,
  0xB9,0x6A,0x05,0x00,0x00,0x00,0x00,0x00,0x00,0x00,0x00,0x00,0x00,0x00,0x00,0x74,
  0xAC,0x25,0x00,0x00,0x00,0x00,0x00,0x00,0x00,0x00,0x00,0x00,0x00,0x00,0x00,0x00,
  0x26,0xA5,0x98,0x1B,0x00,0x00,0x00,0x00,0x00,0x00,0x00,0x00,0x00,0x00,0x00,0x00,
  0x00,0x00,0x32,0xB1,0x8B,0x13,0x00,0x00,0x00,0x00,0x00,0x00,0x00,0x00,0x00,0x00,
  0x00,0x00,0x00,0x00,0x41,0xBA,0x7C,0x0C,0x00,0x00,0x00,0x00,0x00,0x00,0x00,0x00,
  0x00,0x00,0x00,0x00,0x00,0x00,0x52,0xBF,0x6D,0x06,0x00,0x00,0x00,0x00,0x00,0x00,
  0x00,0x00,0x00,0x00,0x00,0x00,0x00,0x03,0x62,0xC2,0x5F,0x02,0x00,0x00,0x00,0x00,
  0x00,0x00,0x00,0x00,0x00,0x00,0x00,0x00,0x00,0x07,0x72,0xC0,0x50,0x00,0x00,0x00,
  0x00,0x00,0x00,0x00,0x00,0x00,0x00,0x00,0x00,0x00,0x00,0x0E,0x82,0xBB,0x3E,0x00,
  0x00,0x00,0x00,0x00,0x00,0x00,0x00,0x00,0x00,0x00,0x00,0x00,0x00,0x16,0x66,0x66,
  0xBC,0xBC,0xBC,0xBC,0xBC,0xBC,0xBC,0xBC,0xBC,0xBC,0xBC,0xBC,0xBC,0xBC,0x7E,0x00,
  0x00,0x00,0x00,0x00,0x00,0x00,0x00,0x00,0x00,0x00,0x00,0x00,0x00,0x00,0x00,0x00,
  0x00,0x00,0x00,0x00,0x00,0x00,0x00,0x00,0x00,0x00,0x00,0x00,0x00,0x00,0x00,0x00,
  0x00,0x00,0x00,0x00,0x00,0x00,0x00,0x00,0x00,0x00,0x00,0x00,0x00,0x00,0x00,0x00,
  0x00,0x00,0x00,0x00,0x00,0x00,0x00,0x00,0x00,0x00,0x00,0x00,0x00,0x00,0x00,0x00,
  0x00,0x00,0x00,0x00,0x00,0x00,0x00,0x00,0x00,0x00,0x00,0x00,0x00,0x00,0x00,0x00,
  0x00,0x00,0x00,0x00,0x00,0x00,0x00,0x00,0x00,0x00,0x00,0x00,0x00,0x00,0x00,0x00,
  0x00,0x00,0x00,0x00,0x00,0x00,0x00,0x00,0x00,0x00,0x00,0x00,0x00,0x00,0x00,0x66,
  0xBC,0xBC,0xBC,0xBC,0xBC,0xBC,0xBC,0xBC,0xBC,0xBC,0xBC,0xBC,0xBC,0xBC,0x7E,0x29,
  0x01,0x00,0x00,0x00,0x00,0x00,0x00,0x00,0x00,0x00,0x00,0x00,0x00,0x00,0x00,0x61,
  0xBE,0x46,0x00,0x00,0x00,0x00,0x00,0x00,0x00,0x00,0x00,0x00,0x00,0x00,0x00,0x00,
  0x13,0x8C,0xB5,0x36,0x00,0x00,0x00,0x00,0x00,0x00,0x00,0x00,0x00,0x00,0x00,0x00,
  0x00,0x00,0x1B,0x99,0xA9,0x29,0x00,0x00,0x00,0x00,0x00,0x00,0x00,0x00,0x00,0x00,
  0x00,0x00,0x00,0x00,0x25,0xA5,0x9C,0x1D,0x00,0x00,0x00,0x00,0x00,0x00,0x00,0x00,
  0x00,0x00,0x00,0x00,0x00,0x00,0x31,0xAF,0x8D,0x14,0x00,0x00,0x00,0x00,0x00,0x00,
  0x00,0x00,0x00,0x00,0x00,0x00,0x00,0x00,0x3E,0xB7,0x7E,0x0C,0x00,0x00,0x00,0x00,
  0x00,0x00,0x00,0x00,0x00,0x00,0x00,0x00,0x00,0x00,0x4D,0xBB,0x6E,0x06,0x00,0x00,
  0x00,0x00,0x00,0x00,0x00,0x00,0x00,0x00,0x00,0x00,0x00,0x02,0x5B,0xBC,0x55,0x00,
  0x00,0x00,0x00,0x00,0x00,0x00,0x00,0x00,0x00,0x00,0x00,0x00,0x1B,0x9E,0x90,0x00,
  0x00,0x00,0x00,0x00,0x00,0x00,0x00,0x00,0x00,0x00,0x12,0x8A,0xB2,0x33,0x00,0x00,
  0x00,0x00,0x00,0x00,0x00,0x00,0x00,0x00,0x0B,0x7C,0xBA,0x42,0x00,0x00,0x00,0x00,
  0x00,0x00,0x00,0x00,0x00,0x00,0x06,0x6D,0xC0,0x53,0x00,0x00,0x00,0x00,0x00,0x00,
  0x00,0x00,0x00,0x00,0x02,0x5E,0xC2,0x63,0x03,0x00,0x00,0x00,0x00,0x00,0x00,0x00,
  0x00,0x00,0x00,0x4E,0xC0,0x73,0x07,0x00,0x00,0x00,0x00,0x00,0x00,0x00,0x00,0x00,
  0x00,0x3F,0xBA,0x83,0x0E,0x00,0x00,0x00,0x00,0x00,0x00,0x00,0x00,0x00,0x00,0x2F,
  0xB1,0x92,0x16,0x00,0x00,0x00,0x00,0x00,0x00,0x00,0x00,0x00,0x00,0x00,0x00,0x5B,
  0x21,0x00,0x00,0x00,0x00,0x00,0x00,0x00,0x00,0x00,0x00,0x00,0x00,0x00,0x00,0x00,
  0x00,0x0F,0x70,0xB9,0xBE,0x76,0x61,0x71,0xAC,0x94,0x38,0x00,0x00,0x00,0x00,0x00,
  0x46,0xEC,0xFF,0xBD,0x08,0x00,0x00,0x00,0x0D,0xCB,0xFF,0xAF,0x13,0x00,0x00,0x1D,
  0xF5,0xFF,0xFE,0x24,0x00,0x00,0x00,0x00,0x00,0x38,0xFF,0xFF,0xCE,0x09,0x00,0x66,
  0xFF,0xFF,0xD0,0x00,0x00,0x00,0x00,0x00,0x00,0x00,0xE1,0xFF,0xFF,0x7E,0x00,0x52,
  0xFF,0xFF,0xA4,0x00,0x00,0x00,0x00,0x00,0x00,0x00,0xAE,0xFF,0xFF,0xDD,0x00,0x04,
  0xAB,0xFF,0x90,0x00,0x00,0x00,0x00,0x00,0x00,0x00,0x91,0xFF,0xFF,0xFF,0x10,0x00,
  0x00,0x24,0x24,0x00,0x00,0x00,0x00,0x00,0x00,0x00,0x87,0xFF,0xFF,0xFF,0x22,0x00,
  0x00,0x00,0x00,0x00,0x00,0x00,0x00,0x00,0x00,0x00,0x8D,0xFF,0xFF,0xFF,0x11,0x00,
  0x00,0x00,0x00,0x00,0x00,0x00,0x00,0x00,0x00,0x00,0x9C,0xFF,0xFF,0xDC,0x00,0x00,
  0x00,0x00,0x00,0x00,0x00,0x00,0x00,0x00,0x00,0x00,0xC3,0xFF,0xFF,0x79,0x00,0x00,
  0x00,0x00,0x00,0x00,0x00,0x00,0x00,0x00,0x00,0x0E,0xF8,0xFF,0xD1,0x0A,0x00,0x00,
  0x00,0x00,0x00,0x00,0x00,0x00,0x00,0x00,0x00,0x79,0xFF,0xCE,0x1B,0x00,0x00,0x00,
  0x00,0x00,0x00,0x00,0x00,0x00,0x00,0x00,0x57,0xE8,0x7B,0x07,0x00,0x00,0x00,0x00,
  0x00,0x00,0x00,0x00,0x00,0x30,0x67,0x6F,0x5F,0x0A,0x00,0x00,0x00,0x00,0x00,0x00,
  0x00,0x00,0x00,0x00,0x00,0xA8,0xD1,0x00,0x00,0x00,0x00,0x00,0x00,0x00,0x00,0x00,
  0x00,0x00,0x00,0x00,0x00,0x8A,0xB4,0x00,0x00,0x00,0x00,0x00,0x00,0x00,0x00,0x00,
  0x00,0x00,0x00,0x00,0x00,0x6D,0x97,0x00,0x00,0x00,0x00,0x00,0x00,0x00,0x00,0x00,
  0x00,0x00,0x00,0x00,0x00,0x50,0x7B,0x00,0x00,0x00,0x00,0x00,0x00,0x00,0x00,0x00,
  0x00,0x00,0x00,0x00,0x00,0x21,0x3B,0x00,0x00,0x00,0x00,0x00,0x00,0x00,0x00,0x00,
  0x00,0x00,0x00,0x00,0x00,0x00,0x00,0x00,0x00,0x00,0x00,0x00,0x00,0x00,0x00,0x00,
  0x00,0x00,0x00,0x00,0x00,0x00,0x00,0x00,0x00,0x00,0x00,0x00,0x00,0x00,0x00,0x00,
  0x00,0x00,0x00,0x00,0x2D,0xB9,0xBD,0x35,0x00,0x00,0x00,0x00,0x00,0x00,0x00,0x00,
  0x00,0x00,0x00,0x00,0xBF,0xFF,0xFF,0xCA,0x00,0x00,0x00,0x00,0x00,0x00,0x00,0x00,
  0x00,0x00,0x00,0x00,0xE4,0xFF,0xFF,0xF0,0x00,0x00,0x00,0x00,0x00,0x00,0x00,0x00,
  0x00,0x00,0x00,0x00,0xCB,0xFF,0xFF,0xD6,0x00,0x00,0x00,0x00,0x00,0x00,0x00,0x00,
  0x00,0x00,0x00,0x00,0x47,0xE6,0xE9,0x51,0x00,0x00,0x00,0x00,0x00,0x00,0x00,0x00,
  0x00,0x00,0x00,0x00,0x00,0x00,0x00,0x00,0x00,0x00,0x1A,0x64,0x7E,0x68,0x5E,0x59,
  0x5E,0x65,0x72,0x88,0x65,0x17,0x00,0x00,0x00,0x00,0x00,0x00,0x00,0x00,0x00,0x00,
  0x00,0x00,0x00,0x00,0x00,0x00,0x3E,0xB4,0xA0,0x32,0x00,0x00,0x00,0x00,0x00,0x00,
  0x00,0x00,0x3B,0xAE,0x9C,0x17,0x00,0x00,0x00,0x00,0x00,0x00,0x00,0x00,0x00,0x00,
  0x00,0x00,0x1E,0xB3,0xD3,0x32,0x00,0x00,0x00,0x00,0x00,0x00,0x00,0x00,0x00,0x00,
  0x00,0x00,0x61,0xE6,0x48,0x00,0x00,0x00,0x00,0x00,0x00,0x00,0x00,0x00,0x00,0x4C,
  0xEF,0xAE,0x0A,0x00,0x00,0x00,0x00,0x00,0x00,0x00,0x00,0x00,0x00,0x00,0x00,0x00,
  0x00,0x58,0xFA,0x53,0x00,0x00,0x00,0x00,0x00,0x00,0x00,0x00,0x62,0xFD,0xAB,0x03,
  0x00,0x00,0x00,0x00,0x00,0x00,0x00,0x00,0x00,0x00,0x00,0x00,0x00,0x00,0x00,0x00,
  0x9D,0xF6,0x2C,0x00,0x00,0x00,0x00,0x00,0x00,0x54,0xFE,0xCC,0x08,0x00,0x00,0x00,
  0x00,0x00,0x00,0x00,0x00,0x00,0x00,0x00,0x00,0x00,0x00,0x00,0x00,0x00,0x18,0xF9,
  0xC4,0x00,0x00,0x00,0x00,0x00,0x2B,0xF5,0xF8,0x27,0x00,0x00,0x00,0x00,0x00,0x22,
  0x92,0xD0,0x93,0x69,0x69,0x3D,0x00,0x03,0x68,0x27,0x00,0x00,0x00,0xAA,0xFF,0x41,
  0x00,0x00,0x00,0x03,0xCD,0xFF,0x87,0x00,0x00,0x00,0x00,0x00,0x5E,0xF8,0xE4,0x26,
  0x00,0x00,0x00,0x57,0x69,0xD5,0xFF,0x12,0x00,0x00,0x00,0x61,0xFF,0xA1,0x00,0x00,
  0x00,0x65,0xFF,0xF3,0x12,0x00,0x00,0x00,0x00,0x70,0xFF,0xFB,0x32,0x00,0x00,0x00,
  0x00,0x2D,0xFF,0xFF,0xE0,0x00,0x00,0x00,0x00,0x30,0xFF,0xE9,0x00,0x00,0x04,0xE2,
  0xFF,0x9A,0x00,0x00,0x00,0x00,0x3E,0xFB,0xFF,0x93,0x00,0x00,0x00,0x00,0x00,0x5C,
  0xFF,0xFF,0xAE,0x00,0x00,0x00,0x00,0x0D,0xFF,0xFF,0x18,0x00,0x53,0xFF,0xFF,0x3C,
  0x00,0x00,0x00,0x02,0xD3,0xFF,0xFD,0x1F,0x00,0x00,0x00,0x00,0x00,0x8C,0xFF,0xFF,
  0x7C,0x00,0x00,0x00,0x00,0x00,0xFD,0xFF,0x32,0x00,0xAE,0xFF,0xED,0x03,0x00,0x00,
  0x00,0x58,0xFF,0xFF,0xC0,0x00,0x00,0x00,0x00,0x00,0x00,0xBB,0xFF,0xFF,0x4A,0x00,
  0x00,0x00,0x00,0x00,0xF6,0xFF,0x3C,0x06,0xF6,0xFF,0xB4,0x00,0x00,0x00,0x00,0xBB,
  0xFF,0xFF,0x76,0x00,0x00,0x00,0x00,0x00,0x00,0xEA,0xFF,0xFF,0x18,0x00,0x00,0x00,
  0x00,0x00,0xFC,0xFF,0x34,0x37,0xFF,0xFF,0x83,0x00,0x00,0x00,0x11,0xFD,0xFF,0xFF,
  0x42,0x00,0x00,0x00,0x00,0x00,0x19,0xFF,0xFF,0xE6,0x00,0x00,0x00,0x00,0x00,0x07,
  0xFF,0xFF,0x20,0x66,0xFF,0xFF,0x62,0x00,0x00,0x00,0x48,0xFF,0xFF,0xFE,0x0F,0x00,
  0x00,0x00,0x00,0x00,0x48,0xFF,0xFF,0xB4,0x00,0x00,0x00,0x00,0x00,0x1C,0xFF,0xF8,
  0x03,0x87,0xFF,0xFF,0x47,0x00,0x00,0x00,0x6F,0xFF,0xFF,0xE4,0x00,0x00,0x00,0x00,
  0x00,0x00,0x78,0xFF,0xFF,0x82,0x00,0x00,0x00,0x00,0x00,0x3E,0xFF,0xC3,0x00,0x9B,
  0xFF,0xFF,0x3A,0x00,0x00,0x00,0x82,0xFF,0xFF,0xD0,0x00,0x00,0x00,0x00,0x00,0x00,
  0xAB,0xFF,0xFF,0x51,0x00,0x00,0x00,0x00,0x00,0x6B,0xFF,0x77,0x00,0xA4,0xFF,0xFF,
  0x32,0x00,0x00,0x00,0x7D,0xFF,0xFF,0xBE,0x00,0x00,0x00,0x00,0x00,0x01,0xD5,0xFF,
  0xFF,0x21,0x00,0x00,0x00,0x00,0x00,0xAA,0xF9,0x1A,0x00,0x9F,0xFF,0xFF,0x35,0x00,
  0x00,0x00,0x60,0xFF,0xFF,0xB7,0x00,0x00,0x00,0x00,0x00,0x3B,0x8B,0xFF,0xFE,0x03,
  0x00,0x00,0x00,0x00,0x0B,0xF3,0x94,0x00,0x00,0x91,0xFF,0xFF,0x40,0x00,0x00,0x00,
  0x23,0xFF,0xFF,0xCA,0x00,0x00,0x00,0x00,0x00,0x76,0x2E,0xFF,0xF1,0x00,0x00,0x00,
  0x00,0x00,0x6D,0xE3,0x10,0x00,0x00,0x72,0xFF,0xFF,0x59,0x00,0x00,0x00,0x00,0xB3,
  0xFF,0xF6,0x0B,0x00,0x00,0x00,0x47,0x39,0x00,0xCE,0xFF,0x0B,0x00,0x00,0x00,0x1C,
  0xDD,0x33,0x00,0x00,0x00,0x46,0xFF,0xFF,0x7E,0x00,0x00,0x00,0x00,0x17,0xD2,0xFF,
  0xA6,0x11,0x08,0x5A,0x4B,0x00,0x00,0x2C,0xEB,0x7B,0x00,0x00,0x28,0xAC,0x2D,0x00,
  0x00,0x00,0x00,0x0A,0xF7,0xFF,0xB3,0x00,0x00,0x00,0x00,0x00,0x07,0x66,0xA5,0xA9,
  0x7B,0x1B,0x00,0x00,0x00,0x00,0x16,0x7B,0x7D,0x67,0x55,0x04,0x00,0x00,0x00,0x00,
  0x00,0x00,0xAC,0xFF,0xF4,0x09,0x00,0x00,0x00,0x00,0x00,0x00,0x00,0x00,0x00,0x00,
  0x00,0x00,0x00,0x00,0x00,0x00,0x00,0x00,0x00,0x00,0x00,0x00,0x00,0x00,0x00,0x00,
  0x36,0xFF,0xFF,0x68,0x00,0x00,0x00,0x00,0x00,0x00,0x00,0x00,0x00,0x00,0x00,0x00,
  0x00,0x00,0x00,0x00,0x00,0x00,0x00,0x00,0x00,0x00,0x00,0x00,0x00,0x00,0x00,0xA1,
  0xFF,0xDB,0x03,0x00,0x00,0x00,0x00,0x00,0x00,0x00,0x00,0x00,0x00,0x00,0x00,0x00,
  0x00,0x00,0x00,0x00,0x00,0x00,0x00,0x00,0x00,0x00,0x00,0x00,0x00,0x0F,0xD4,0xFF,
  0x88,0x00,0x00,0x00,0x00,0x00,0x00,0x00,0x00,0x00,0x00,0x00,0x00,0x00,0x00,0x00,
  0x00,0x00,0x0B,0x00,0x00,0x00,0x00,0x00,0x00,0x00,0x00,0x00,0x1A,0xD3,0xFE,0x5C,
  0x00,0x00,0x00,0x00,0x00,0x00,0x00,0x00,0x00,0x00,0x00,0x00,0x00,0x00,0x03,0x61,
  0x52,0x00,0x00,0x00,0x00,0x00,0x00,0x00,0x00,0x00,0x00,0x0B,0x9B,0xFD,0x8D,0x08,
  0x00,0x00,0x00,0x00,0x00,0x00,0x00,0x00,0x00,0x00,0x03,0x50,0x72,0x16,0x00,0x00,
  0x00,0x00,0x00,0x00,0x00,0x00,0x00,0x00,0x00,0x00,0x00,0x2F,0x9E,0xDC,0x7B,0x2D,
  0x01,0x00,0x00,0x00,0x00,0x06,0x3E,0x6A,0x6D,0x1F,0x00,0x00,0x00,0x00,0x00,0x00,
  0x00,0x00,0x00,0x00,0x00,0x00,0x00,0x00,0x00,0x00,0x00,0x06,0x3E,0x71,0x85,0x79,
  0x6F,0x66,0x68,0x62,0x2B,0x00,0x00,0x00,0x00,0x00,0x00,0x00,0x00,0x00,0x00,0x00,
  0x00,0x00,0x00,0x00,0x00,0x00,0x00,0x00,0x00,0x00,0x00,0x00,0x41,0xFF,0xEA,0x05,
  0x00,0x00,0x00,0x00,0x00,0x00,0x00,0x00,0x00,0x00,0x00,0x00,0x00,0x00,0x00,0x00,
  0x00,0x00,0x00,0x00,0x00,0x00,0x99,0xFF,0xFF,0x52,0x00,0x00,0x00,0x00,0x00,0x00,
  0x00,0x00,0x00,0x00,0x00,0x00,0x00,0x00,0x00,0x00,0x00,0x00,0x00,0x00,0x00,0x04,
  0xDD,0xFF,0xFF,0xB3,0x00,0x00,0x00,0x00,0x00,0x00,0x00,0x00,0x00,0x00,0x00,0x00,
  0x00,0x00,0x00,0x00,0x00,0x00,0x00,0x00,0x00,0x46,0x6C,0xFF,0xFF,0xFC,0x19,0x00,
  0x00,0x00,0x00,0x00,0x00,0x00,0x00,0x00,0x00,0x00,0x00,0x00,0x00,0x00,0x00,0x00,
  0x00,0x00,0x00,0x61,0x0D,0xF8,0xFF,0xFF,0x76,0x00,0x00,0x00,0x00,0x00,0x00,0x00,
  0x00,0x00,0x00,0x00,0x00,0x00,0x00,0x00,0x00,0x00,0x00,0x00,0x08,0x5C,0x00,0xB4,
  0xFF,0xFF,0xD7,0x00,0x00,0x00,0x00,0x00,0x00,0x00,0x00,0x00,0x00,0x00,0x00,0x00,
  0x00,0x00,0x00,0x00,0x00,0x00,0x4F,0x19,0x00,0x5B,0xFF,0xFF,0xFF,0x39,0x00,0x00,
  0x00,0x00,0x00,0x00,0x00,0x00,0x00,0x00,0x00,0x00,0x00,0x00,0x00,0x00,0x00,0x00,
  0x6B,0x00,0x00,0x0A,0xF3,0xFF,0xFF,0x9B,0x00,0x00,0x00,0x00,0x00,0x00,0x00,0x00,
  0x00,0x00,0x00,0x00,0x00,0x00,0x00,0x00,0x00,0x0C,0x5E,0x00,0x00,0x00,0xA2,0xFF,
  0xFF,0xF2,0x0A,0x00,0x00,0x00,0x00,0x00,0x00,0x00,0x00,0x00,0x00,0x00,0x00,0x00,
  0x00,0x00,0x00,0x56,0x14,0x00,0x00,0x00,0x45,0xFF,0xFF,0xFF,0x5E,0x00,0x00,0x00,
  0x00,0x00,0x00,0x00,0x00,0x00,0x00,0x00,0x00,0x00,0x00,0x00,0x00,0x6B,0x00,0x00,
  0x00,0x00,0x02,0xE4,0xFF,0xFF,0xBF,0x00,0x00,0x00,0x00,0x00,0x00,0x00,0x00,0x00,
  0x00,0x00,0x00,0x00,0x00,0x00,0x11,0x5A,0x00,0x00,0x00,0x00,0x00,0x89,0xFF,0xFF,
  0xFE,0x22,0x00,0x00,0x00,0x00,0x00,0x00,0x00,0x00,0x00,0x00,0x00,0x00,0x00,0x00,
  0x5D,0x10,0x00,0x00,0x00,0x00,0x00,0x2B,0xFF,0xFF,0xFF,0x83,0x00,0x00,0x00,0x00,
  0x00,0x00,0x00,0x00,0x00,0x00,0x00,0x00,0x00,0x00,0x6E,0x00,0x00,0x00,0x00,0x00,
  0x00,0x00,0xCD,0xFF,0xFF,0xE2,0x02,0x00,0x00,0x00,0x00,0x00,0x00,0x00,0x00,0x00,
  0x00,0x00,0x00,0x17,0x56,0x00,0x00,0x00,0x00,0x00,0x00,0x00,0x6F,0xFF,0xFF,0xFF,
  0x46,0x00,0x00,0x00,0x00,0x00,0x00,0x00,0x00,0x00,0x00,0x00,0x00,0x63,0x0C,0x00,
  0x00,0x00,0x00,0x00,0x00,0x00,0x15,0xFB,0xFF,0xFF,0xA7,0x00,0x00,0x00,0x00,0x00,
  0x00,0x00,0x00,0x00,0x00,0x00,0x00,0x8F,0x5C,0x5C,0x5C,0x5C,0x5C,0x5C,0x5C,0x5C,
  0x5C,0xCD,0xFF,0xFF,0xF7,0x11,0x00,0x00,0x00,0x00,0x00,0x00,0x00,0x00,0x00,0x00,
  0x1D,0x53,0x00,0x00,0x00,0x00,0x00,0x00,0x00,0x00,0x00,0x51,0xFF,0xFF,0xFF,0x6A,
  0x00,0x00,0x00,0x00,0x00,0x00,0x00,0x00,0x00,0x00,0x67,0x09,0x00,0x00,0x00,0x00,
  0x00,0x00,0x00,0x00,0x00,0x05,0xEB,0xFF,0xFF,0xCC,0x00,0x00,0x00,0x00,0x00,0x00,
  0x00,0x00,0x00,0x00,0x6F,0x00,0x00,0x00,0x00,0x00,0x00,0x00,0x00,0x00,0x00,0x00,
  0x92,0xFF,0xFF,0xFF,0x2D,0x00,0x00,0x00,0x00,0x00,0x00,0x00,0x00,0x25,0x47,0x00,
  0x00,0x00,0x00,0x00,0x00,0x00,0x00,0x00,0x00,0x00,0x33,0xFF,0xFF,0xFF,0x8F,0x00,
  0x00,0x00,0x00,0x00,0x00,0x00,0x00,0x68,0x04,0x00,0x00,0x00,0x00,0x00,0x00,0x00,
  0x00,0x00,0x00,0x00,0x00,0xD3,0xFF,0xFF,0xEB,0x05,0x00,0x00,0x00,0x00,0x00,0x00,
  0x00,0x6D,0x00,0x00,0x00,0x00,0x00,0x00,0x00,0x00,0x00,0x00,0x00,0x00,0x00,0x75,
  0xFF,0xFF,0xFF,0x52,0x00,0x00,0x00,0x00,0x00,0x00,0x3B,0x5C,0x00,0x00,0x00,0x00,
  0x00,0x00,0x00,0x00,0x00,0x00,0x00,0x00,0x00,0x2F,0xFF,0xFF,0xFF,0xB4,0x00,0x00,
  0x00,0x00,0x00,0x02,0xBF,0x83,0x00,0x00,0x00,0x00,0x00,0x00,0x00,0x00,0x00,0x00,
  0x00,0x00,0x00,0x2D,0xFF,0xFF,0xFF,0xFD,0x2C,0x00,0x00,0x5C,0x6D,0xC2,0xFF,0xFE,
  0xA6,0x70,0x5F,0x47,0x00,0x00,0x00,0x00,0x00,0x00,0x2F,0x5F,0x77,0xD7,0xFF,0xFF,
  0xFF,0xFF,0xDF,0x6E,0x22,0x39,0x70,0xB4,0xFF,0xFF,0xFF,0xFF,0xA1,0x5C,0x5C,0x61,
  0x71,0x9E,0xB0,0x77,0x26,0x00,0x00,0x00,0x00,0x00,0x00,0x00,0x00,0x9A,0xFF,0xFF,
  0xFF,0x6C,0x00,0x00,0x00,0x00,0x00,0x47,0xF2,0xFE,0xA8,0x14,0x00,0x00,0x00,0x00,
  0x00,0x00,0x47,0xFF,0xFF,0xFF,0x6C,0x00,0x00,0x00,0x00,0x00,0x00,0x66,0xFF,0xFF,
  0xDB,0x13,0x00,0x00,0x00,0x00,0x00,0x38,0xFF,0xFF,0xFF,0x6C,0x00,0x00,0x00,0x00,
  0x00,0x00,0x08,0xF2,0xFF,0xFF,0x9E,0x00,0x00,0x00,0x00,0x00,0x38,0xFF,0xFF,0xFF,
  0x6C,0x00,0x00,0x00,0x00,0x00,0x00,0x00,0xC1,0xFF,0xFF,0xF5,0x0A,0x00,0x00,0x00,
  0x00,0x38,0xFF,0xFF,0xFF,0x6C,0x00,0x00,0x00,0x00,0x00,0x00,0x00,0xA2,0xFF,0xFF,
  0xFF,0x2F,0x00,0x00,0x00,0x00,0x38,0xFF,0xFF,0xFF,0x6C,0x00,0x00,0x00,0x00,0x00,
  0x00,0x00,0x97,0xFF,0xFF,0xFF,0x3D,0x00,0x00,0x00,0x00,0x38,0xFF,0xFF,0xFF,0x6C,
  0x00,0x00,0x00,0x00,0x00,0x00,0x00,0xA2,0xFF,0xFF,0xFF,0x27,0x00,0x00,0x00,0x00,
  0x38,0xFF,0xFF,0xFF,0x6C,0x00,0x00,0x00,0x00,0x00,0x00,0x00,0xC1,0xFF,0xFF,0xE7,
  0x01,0x00,0x00,0x00,0x00,0x38,0xFF,0xFF,0xFF,0x6C,0x00,0x00,0x00,0x00,0x00,0x00,
  0x0D,0xF4,0xFF,0xFF,0x72,0x00,0x00,0x00,0x00,0x00,0x38,0xFF,0xFF,0xFF,0x6C,0x00,
  0x00,0x00,0x00,0x00,0x00,0x7E,0xFF,0xFF,0xA1,0x01,0x00,0x00,0x00,0x00,0x00,0x38,
  0xFF,0xFF,0xFF,0x6C,0x00,0x00,0x00,0x00,0x12,0x85,0xFD,0xCE,0x58,0x00,0x00,0x00,
  0x00,0x00,0x00,0x00,0x38,0xFF,0xFF,0xFF,0xA1,0x5C,0x5C,0x64,0x87,0xC0,0xC3,0x7D,
  0x2F,0x02,0x00,0x00,0x00,0x00,0x00,0x00,0x00,0x38,0xFF,0xFF,0xFF,0x6C,0x00,0x00,
  0x00,0x00,0x00,0x13,0x8F,0xFF,0xDF,0x6A,0x00,0x00,0x00,0x00,0x00,0x00,0x38,0xFF,
  0xFF,0xFF,0x6C,0x00,0x00,0x00,0x00,0x00,0x00,0x00,0x8D,0xFF,0xFF,0xA4,0x01,0x00,
  0x00,0x00,0x00,0x38,0xFF,0xFF,0xFF,0x6C,0x00,0x00,0x00,0x00,0x00,0x00,0x00,0x11,
  0xF9,0xFF,0xFF,0x6A,0x00,0x00,0x00,0x00,0x38,0xFF,0xFF,0xFF,0x6C,0x00,0x00,0x00,
  0x00,0x00,0x00,0x00,0x00,0xC1,0xFF,0xFF,0xE5,0x01,0x00,0x00,0x00,0x38,0xFF,0xFF,
  0xFF,0x6C,0x00,0x00,0x00,0x00,0x00,0x00,0x00,0x00,0x98,0xFF,0xFF,0xFF,0x2E,0x00,
  0x00,0x00,0x38,0xFF,0xFF,0xFF,0x6C,0x00,0x00,0x00,0x00,0x00,0x00,0x00,0x00,0x88,
  0xFF,0xFF,0xFF,0x4D,0x00,0x00,0x00,0x38,0xFF,0xFF,0xFF,0x6C,0x00,0x00,0x00,0x00,
  0x00,0x00,0x00,0x00,0x85,0xFF,0xFF,0xFF,0x4C,0x00,0x00,0x00,0x38,0xFF,0xFF,0xFF,
  0x6C,0x00,0x00,0x00,0x00,0x00,0x00,0x00,0x00,0x93,0xFF,0xFF,0xFF,0x32,0x00,0x00,
  0x00,0x38,0xFF,0xFF,0xFF,0x6C,0x00,0x00,0x00,0x00,0x00,0x00,0x00,0x00,0xB8,0xFF,
  0xFF,0xEC,0x03,0x00,0x00,0x00,0x38,0xFF,0xFF,0xFF,0x6C,0x00,0x00,0x00,0x00,0x00,
  0x00,0x00,0x06,0xEF,0xFF,0xFF,0x80,0x00,0x00,0x00,0x00,0x4C,0xFF,0xFF,0xFF,0x6C,
  0x00,0x00,0x00,0x00,0x00,0x00,0x00,0x65,0xFF,0xFF,0xC0,0x08,0x00,0x00,0x00,0x00,
  0xA2,0xFF,0xFF,0xFF,0x6C,0x00,0x00,0x00,0x00,0x00,0x00,0x48,0xF2,0xFB,0x90,0x0A,
  0x00,0x00,0x39,0x71,0xB9,0xFF,0xFF,0xFF,0xFF,0xA1,0x5C,0x5C,0x5C,0x60,0x6F,0x9C,
  0xAC,0x70,0x1A,0x00,0x00,0x00,0x00,0x00,0x00,0x00,0x00,0x00,0x00,0x13,0x66,0x98,
  0x75,0x6A,0x6B,0x84,0xC1,0xBA,0x76,0x17,0x00,0x00,0x00,0x00,0x00,0x00,0x09,0x87,
  0xF4,0x85,0x08,0x00,0x00,0x00,0x00,0x06,0xA2,0xFF,0xF5,0x67,0x00,0x00,0x00,0x00,
  0x1F,0xD3,0xFF,0x75,0x00,0x00,0x00,0x00,0x00,0x00,0x00,0x09,0xE7,0xFF,0xFF,0x57,
  0x00,0x00,0x17,0xDE,0xFF,0xC6,0x01,0x00,0x00,0x00,0x00,0x00,0x00,0x00,0x00,0x94,
  0xFF,0xFF,0xC7,0x00,0x00,0xB9,0xFF,0xFF,0x52,0x00,0x00,0x00,0x00,0x00,0x00,0x00,
  0x00,0x00,0x63,0xFF,0xFF,0xC8,0x00,0x50,0xFF,0xFF,0xEE,0x04,0x00,0x00,0x00,0x00,
  0x00,0x00,0x00,0x00,0x00,0x4C,0xFF,0xFA,0x51,0x00,0xC8,0xFF,0xFF,0xB3,0x00,0x00,
  0x00,0x00,0x00,0x00,0x00,0x00,0x00,0x00,0x1D,0x5D,0x19,0x00,0x24,0xFF,0xFF,0xFF,
  0x79,0x00,0x00,0x00,0x00,0x00,0x00,0x00,0x00,0x00,0x00,0x00,0x00,0x00,0x00,0x6B,
  0xFF,0xFF,0xFF,0x55,0x00,0x00,0x00,0x00,0x00,0x00,0x00,0x00,0x00,0x00,0x00,0x00,
  0x00,0x00,0xA3,0xFF,0xFF,0xFF,0x36,0x00,0x00,0x00,0x00,0x00,0x00,0x00,0x00,0x00,
  0x00,0x00,0x00,0x00,0x00,0xC9,0xFF,0xFF,0xFF,0x21,0x00,0x00,0x00,0x00,0x00,0x00,
  0x00,0x00,0x00,0x00,0x00,0x00,0x00,0x00,0xE3,0xFF,0xFF,0xFF,0x18,0x00,0x00,0x00,
  0x00,0x00,0x00,0x00,0x00,0x00,0x00,0x00,0x00,0x00,0x00,0xEE,0xFF,0xFF,0xFF,0x0F,
  0x00,0x00,0x00,0x00,0x00,0x00,0x00,0x00,0x00,0x00,0x00,0x00,0x00,0x00,0xEF,0xFF,
  0xFF,0xFF,0x11,0x00,0x00,0x00,0x00,0x00,0x00,0x00,0x00,0x00,0x00,0x00,0x00,0x00,
  0x00,0xE5,0xFF,0xFF,0xFF,0x1A,0x00,0x00,0x00,0x00,0x00,0x00,0x00,0x00,0x00,0x00,
  0x00,0x00,0x00,0x00,0xCE,0xFF,0xFF,0xFF,0x24,0x00,0x00,0x00,0x00,0x00,0x00,0x00,
  0x00,0x00,0x00,0x00,0x00,0x00,0x00,0xAA,0xFF,0xFF,0xFF,0x3B,0x00,0x00,0x00,0x00,
  0x00,0x00,0x00,0x00,0x00,0x00,0x00,0x00,0x00,0x00,0x75,0xFF,0xFF,0xFF,0x5C,0x00,
  0x00,0x00,0x00,0x00,0x00,0x00,0x00,0x00,0x00,0x00,0x00,0x00,0x00,0x31,0xFF,0xFF,
  0xFF,0x82,0x00,0x00,0x00,0x00,0x00,0x00,0x00,0x00,0x00,0x00,0x00,0x00,0x00,0x00,
  0x00,0xD7,0xFF,0xFF,0xBF,0x00,0x00,0x00,0x00,0x00,0x00,0x00,0x00,0x00,0x00,0x00,
  0x00,0x00,0x00,0x00,0x62,0xFF,0xFF,0xF8,0x0A,0x00,0x00,0x00,0x00,0x00,0x00,0x00,
  0x00,0x00,0x00,0x00,0x16,0x0F,0x00,0x04,0xCB,0xFF,0xFF,0x67,0x00,0x00,0x00,0x00,
  0x00,0x00,0x00,0x00,0x00,0x00,0x00,0x7A,0x9E,0x00,0x00,0x24,0xEB,0xFF,0xD9,0x08,
  0x00,0x00,0x00,0x00,0x00,0x00,0x00,0x00,0x00,0x07,0xE4,0x95,0x00,0x00,0x00,0x30,
  0xE4,0xFF,0x98,0x00,0x00,0x00,0x00,0x00,0x00,0x00,0x00,0x00,0x8B,0xEB,0x1C,0x00,
  0x00,0x00,0x00,0x15,0xA3,0xFE,0xA6,0x0F,0x00,0x00,0x00,0x00,0x00,0x05,0x86,0xC8,
  0x24,0x00,0x00,0x00,0x00,0x00,0x00,0x00,0x24,0x7C,0xAF,0x8A,0x6C,0x58,0x4F,0x62,
  0x7A,0x46,0x00,0x00,0x00,0x39,0x70,0xB4,0xFF,0xFF,0xFF,0xFF,0xA1,0x5C,0x5C,0x5E,
  0x6D,0x73,0xA1,0xA6,0x61,0x16,0x00,0x00,0x00,0x00,0x00,0x00,0x00,0x00,0x00,0x00,
  0x9A,0xFF,0xFF,0xFF,0x6C,0x00,0x00,0x00,0x00,0x00,0x00,0x29,0xC0,0xF6,0x8A,0x11,
  0x00,0x00,0x00,0x00,0x00,0x00,0x00,0x00,0x47,0xFF,0xFF,0xFF,0x6C,0x00,0x00,0x00,
  0x00,0x00,0x00,0x00,0x01,0xA3,0xFF,0xDE,0x28,0x00,0x00,0x00,0x00,0x00,0x00,0x00,
  0x38,0xFF,0xFF,0xFF,0x6C,0x00,0x00,0x00,0x00,0x00,0x00,0x00,0x00,0x05,0xD0,0xFF,
  0xED,0x29,0x00,0x00,0x00,0x00,0x00,0x00,0x38,0xFF,0xFF,0xFF,0x6C,0x00,0x00,0x00,
  0x00,0x00,0x00,0x00,0x00,0x00,0x4D,0xFF,0xFF,0xD0,0x07,0x00,0x00,0x00,0x00,0x00,
  0x38,0xFF,0xFF,0xFF,0x6C,0x00,0x00,0x00,0x00,0x00,0x00,0x00,0x00,0x00,0x00,0xE2,
  0xFF,0xFF,0x7C,0x00,0x00,0x00,0x00,0x00,0x38,0xFF,0xFF,0xFF,0x6C,0x00,0x00,0x00,
  0x00,0x00,0x00,0x00,0x00,0x00,0x00,0x99,0xFF,0xFF,0xE7,0x06,0x00,0x00,0x00,0x00,
  0x38,0xFF,0xFF,0xFF,0x6C,0x00,0x00,0x00,0x00,0x00,0x00,0x00,0x00,0x00,0x00,0x59,
  0xFF,0xFF,0xFF,0x56,0x00,0x00,0x00,0x00,0x38,0xFF,0xFF,0xFF,0x6C,0x00,0x00,0x00,
  0x00,0x00,0x00,0x00,0x00,0x00,0x00,0x34,0xFF,0xFF,0xFF,0x95,0x00,0x00,0x00,0x00,
  0x38,0xFF,0xFF,0xFF,0x6C,0x00,0x00,0x00,0x00,0x00,0x00,0x00,0x00,0x00,0x00,0x0F,
  0xFF,0xFF,0xFF,0xCE,0x00,0x00,0x00,0x00,0x38,0xFF,0xFF,0xFF,0x6C,0x00,0x00,0x00,
  0x00,0x00,0x00,0x00,0x00,0x00,0x00,0x00,0xFB,0xFF,0xFF,0xF5,0x00,0x00,0x00,0x00,
  0x38,0xFF,0xFF,0xFF,0x6C,0x00,0x00,0x00,0x00,0x00,0x00,0x00,0x00,0x00,0x00,0x00,
  0xF0,0xFF,0xFF,0xFF,0x06,0x00,0x00,0x00,0x38,0xFF,0xFF,0xFF,0x6C,0x00,0x00,0x00,
  0x00,0x00,0x00,0x00,0x00,0x00,0x00,0x00,0xE5,0xFF,0xFF,0xFF,0x17,0x00,0x00,0x00,
  0x38,0xFF,0xFF,0xFF,0x6C,0x00,0x00,0x00,0x00,0x00,0x00,0x00,0x00,0x00,0x00,0x00,
  0xE6,0xFF,0xFF,0xFF,0x19,0x00,0x00,0x00,0x38,0xFF,0xFF,0xFF,0x6C,0x00,0x00,0x00,
  0x00,0x00,0x00,0x00,0x00,0x00,0x00,0x00,0xF0,0xFF,0xFF,0xFF,0x0E,0x00,0x00,0x00,
  0x38,0xFF,0xFF,0xFF,0x6C,0x00,0x00,0x00,0x00,0x00,0x00,0x00,0x00,0x00,0x00,0x00,
  0xFB,0xFF,0xFF,0xF3,0x00,0x00,0x00,0x00,0x38,0xFF,0xFF,0xFF,0x6C,0x00,0x00,0x00,
  0x00,0x00,0x00,0x00,0x00,0x00,0x00,0x11,0xFF,0xFF,0xFF,0xCF,0x00,0x00,0x00,0x00,
  0x38,0xFF,0xFF,0xFF,0x6C,0x00,0x00,0x00,0x00,0x00,0x00,0x00,0x00,0x00,0x00,0x36,
  0xFF,0xFF,0xFF,0x96,0x00,0x00,0x00,0x00,0x38,0xFF,0xFF,0xFF,0x6C,0x00,0x00,0x00,
  0x00,0x00,0x00,0x00,0x00,0x00,0x00,0x5B,0xFF,0xFF,0xFF,0x4E,0x00,0x00,0x00,0x00,
  0x38,0xFF,0xFF,0xFF,0x6C,0x00,0x00,0x00,0x00,0x00,0x00,0x00,0x00,0x00,0x00,0x9D,
  0xFF,0xFF,0xEA,0x05,0x00,0x00,0x00,0x00,0x38,0xFF,0xFF,0xFF,0x6C,0x00,0x00,0x00,
  0x00,0x00,0x00,0x00,0x00,0x00,0x01,0xE5,0xFF,0xFF,0x75,0x00,0x00,0x00,0x00,0x00,
  0x38,0xFF,0xFF,0xFF,0x6C,0x00,0x00,0x00,0x00,0x00,0x00,0x00,0x00,0x00,0x53,0xFF,
  0xFF,0xD6,0x08,0x00,0x00,0x00,0x00,0x00,0x38,0xFF,0xFF,0xFF,0x6C,0x00,0x00,0x00,
  0x00,0x00,0x00,0x00,0x00,0x07,0xD4,0xFF,0xEE,0x2B,0x00,0x00,0x00,0x00,0x00,0x00,
  0x4C,0xFF,0xFF,0xFF,0x6C,0x00,0x00,0x00,0x00,0x00,0x00,0x00,0x02,0xAA,0xFF,0xE3,
  0x31,0x00,0x00,0x00,0x00,0x00,0x00,0x00,0xA2,0xFF,0xFF,0xFF,0x6C,0x00,0x00,0x00,
  0x00,0x00,0x00,0x2D,0xC5,0xFB,0x9A,0x12,0x00,0x00,0x00,0x00,0x00,0x39,0x71,0xB9,
  0xFF,0xFF,0xFF,0xFF,0xA1,0x5C,0x5C,0x5E,0x6E,0x7C,0xAA,0xAF,0x6F,0x1B,0x00,0x00,
  0x00,0x00,0x00,0x00,0x00,0x39,0x70,0xB4,0xFF,0xFF,0xFF,0xFF,0xA1,0x5C,0x5C,0x5C,
  0x5C,0x5C,0x60,0x72,0xA4,0xF4,0xFF,0x7B,0x00,0x00,0x00,0x00,0x9A,0xFF,0xFF,0xFF,
  0x6C,0x00,0x00,0x00,0x00,0x00,0x00,0x00,0x00,0x1C,0xDA,0x84,0x00,0x00,0x00,0x00,
  0x47,0xFF,0xFF,0xFF,0x6C,0x00,0x00,0x00,0x00,0x00,0x00,0x00,0x00,0x00,0x4B,0x8D,
  0x00,0x00,0x00,0x00,0x38,0xFF,0xFF,0xFF,0x6C,0x00,0x00,0x00,0x00,0x00,0x00,0x00,
  0x00,0x00,0x05,0x8B,0x00,0x00,0x00,0x00,0x38,0xFF,0xFF,0xFF,0x6C,0x00,0x00,0x00,
  0x00,0x00,0x00,0x00,0x00,0x00,0x00,0x6F,0x00,0x00,0x00,0x00,0x38,0xFF,0xFF,0xFF,
  0x6C,0x00,0x00,0x00,0x00,0x00,0x00,0x00,0x00,0x00,0x00,0x60,0x00,0x00,0x00,0x00,
  0x38,0xFF,0xFF,0xFF,0x6C,0x00,0x00,0x00,0x00,0x00,0x00,0x00,0x00,0x00,0x00,0x28,
  0x00,0x00,0x00,0x00,0x38,0xFF,0xFF,0xFF,0x6C,0x00,0x00,0x00,0x00,0x00,0x00,0x00,
  0x00,0x00,0x00,0x00,0x00,0x00,0x00,0x00,0x38,0xFF,0xFF,0xFF,0x6C,0x00,0x00,0x00,
  0x00,0x00,0x00,0x00,0x00,0x00,0x00,0x00,0x00,0x00,0x00,0x00,0x38,0xFF,0xFF,0xFF,
  0x6C,0x00,0x00,0x00,0x00,0x00,0x00,0x00,0x00,0x00,0x00,0x00,0x00,0x00,0x00,0x00,
  0x38,0xFF,0xFF,0xFF,0x6C,0x00,0x00,0x00,0x00,0x00,0x00,0x00,0x00,0x00,0x00,0x00,
  0x00,0x00,0x00,0x00,0x38,0xFF,0xFF,0xFF,0x6C,0x00,0x00,0x00,0x00,0x00,0x00,0x00,
  0x00,0x00,0x00,0x00,0x00,0x00,0x00,0x00,0x38,0xFF,0xFF,0xFF,0xA1,0x5C,0x5C,0x5C,
  0x5C,0x5C,0x5C,0x5C,0x5C,0x29,0x00,0x00,0x00,0x00,0x00,0x00,0x38,0xFF,0xFF,0xFF,
  0x6C,0x00,0x00,0x00,0x00,0x00,0x00,0x00,0x00,0x00,0x00,0x00,0x00,0x00,0x00,0x00,
  0x38,0xFF,0xFF,0xFF,0x6C,0x00,0x00,0x00,0x00,0x00,0x00,0x00,0x00,0x00,0x00,0x00,
  0x00,0x00,0x00,0x00,0x38,0xFF,0xFF,0xFF,0x6C,0x00,0x00,0x00,0x00,0x00,0x00,0x00,
  0x00,0x00,0x00,0x00,0x00,0x00,0x00,0x00,0x38,0xFF,0xFF,0xFF,0x6C,0x00,0x00,0x00,
  0x00,0x00,0x00,0x00,0x00,0x00,0x00,0x00,0x00,0x00,0x00,0x00,0x38,0xFF,0xFF,0xFF,
  0x6C,0x00,0x00,0x00,0x00,0x00,0x00,0x00,0x00,0x00,0x00,0x00,0x00,0x00,0x00,0x00,
  0x38,0xFF,0xFF,0xFF,0x6C,0x00,0x00,0x00,0x00,0x00,0x00,0x00,0x00,0x00,0x00,0x00,
  0x00,0x00,0x00,0x00,0x38,0xFF,0xFF,0xFF,0x6C,0x00,0x00,0x00,0x00,0x00,0x00,0x00,
  0x00,0x00,0x00,0x00,0x1E,0x00,0x00,0x00,0x38,0xFF,0xFF,0xFF,0x6C,0x00,0x00,0x00,
  0x00,0x00,0x00,0x00,0x00,0x00,0x00,0x00,0x60,0x00,0x00,0x00,0x38,0xFF,0xFF,0xFF,
  0x6C,0x00,0x00,0x00,0x00,0x00,0x00,0x00,0x00,0x00,0x00,0x00,0x71,0x00,0x00,0x00,
  0x38,0xFF,0xFF,0xFF,0x6C,0x00,0x00,0x00,0x00,0x00,0x00,0x00,0x00,0x00,0x00,0x00,
  0x90,0x00,0x00,0x00,0x4C,0xFF,0xFF,0xFF,0x6C,0x00,0x00,0x00,0x00,0x00,0x00,0x00,
  0x00,0x00,0x00,0x1C,0xBF,0x00,0x00,0x00,0xA2,0xFF,0xFF,0xFF,0x6C,0x00,0x00,0x00,
  0x00,0x00,0x00,0x00,0x00,0x00,0x11,0xBF,0xB7,0x39,0x71,0xB9,0xFF,0xFF,0xFF,0xFF,
  0xA1,0x5C,0x5C,0x5C,0x5C,0x5C,0x5C,0x62,0x73,0xA1,0xED,0xFF,0xAD,0x39,0x70,0xB4,
  0xFF,0xFF,0xFF,0xFF,0xA1,0x5C,0x5C,0x5C,0x5C,0x5C,0x60,0x73,0xA5,0xF4,0xFF,0x87,
  0x00,0x00,0x00,0x9A,0xFF,0xFF,0xFF,0x6C,0x00,0x00,0x00,0x00,0x00,0x00,0x00,0x00,
  0x1D,0xDA,0x90,0x00,0x00,0x00,0x47,0xFF,0xFF,0xFF,0x6C,0x00,0x00,0x00,0x00,0x00,
  0x00,0x00,0x00,0x00,0x46,0x99,0x00,0x00,0x00,0x38,0xFF,0xFF,0xFF,0x6C,0x00,0x00,
  0x00,0x00,0x00,0x00,0x00,0x00,0x00,0x02,0x92,0x00,0x00,0x00,0x38,0xFF,0xFF,0xFF,
  0x6C,0x00,0x00,0x00,0x00,0x00,0x00,0x00,0x00,0x00,0x00,0x73,0x00,0x00,0x00,0x38,
  0xFF,0xFF,0xFF,0x6C,0x00,0x00,0x00,0x00,0x00,0x00,0x00,0x00,0x00,0x00,0x63,0x00,
  0x00,0x00,0x38,0xFF,0xFF,0xFF,0x6C,0x00,0x00,0x00,0x00,0x00,0x00,0x00,0x00,0x00,
  0x00,0x30,0x00,0x00,0x00,0x38,0xFF,0xFF,0xFF,0x6C,0x00,0x00,0x00,0x00,0x00,0x00,
  0x00,0x00,0x00,0x00,0x00,0x00,0x00,0x00,0x38,0xFF,0xFF,0xFF,0x6C,0x00,0x00,0x00,
  0x00,0x00,0x00,0x00,0x00,0x00,0x00,0x00,0x00,0x00,0x00,0x38,0xFF,0xFF,0xFF,0x6C,
  0x00,0x00,0x00,0x00,0x00,0x00,0x00,0x00,0x00,0x00,0x00,0x00,0x00,0x00,0x38,0xFF,
  0xFF,0xFF,0x6C,0x00,0x00,0x00,0x00,0x00,0x00,0x00,0x00,0x00,0x00,0x00,0x00,0x00,
  0x00,0x38,0xFF,0xFF,0xFF,0x6C,0x00,0x00,0x00,0x00,0x00,0x00,0x00,0x00,0x00,0x00,
  0x00,0x00,0x00,0x00,0x38,0xFF,0xFF,0xFF,0x6C,0x00,0x00,0x00,0x00,0x00,0x00,0x00,
  0x00,0x00,0x00,0x00,0x00,0x00,0x00,0x38,0xFF,0xFF,0xFF,0xA1,0x5C,0x5C,0x5C,0x5C,
  0x5C,0x5C,0x5C,0x5C,0x29,0x00,0x00,0x00,0x00,0x00,0x38,0xFF,0xFF,0xFF,0x6C,0x00,
  0x00,0x00,0x00,0x00,0x00,0x00,0x00,0x00,0x00,0x00,0x00,0x00,0x00,0x38,0xFF,0xFF,
  0xFF,0x6C,0x00,0x00,0x00,0x00,0x00,0x00,0x00,0x00,0x00,0x00,0x00,0x00,0x00,0x00,
  0x38,0xFF,0xFF,0xFF,0x6C,0x00,0x00,0x00,0x00,0x00,0x00,0x00,0x00,0x00,0x00,0x00,
  0x00,0x00,0x00,0x38,0xFF,0xFF,0xFF,0x6C,0x00,0x00,0x00,0x00,0x00,0x00,0x00,0x00,
  0x00,0x00,0x00,0x00,0x00,0x00,0x38,0xFF,0xFF,0xFF,0x6C,0x00,0x00,0x00,0x00,0x00,
  0x00,0x00,0x00,0x00,0x00,0x00,0x00,0x00,0x00,0x38,0xFF,0xFF,0xFF,0x6C,0x00,0x00,
  0x00,0x00,0x00,0x00,0x00,0x00,0x00,0x00,0x00,0x00,0x00,0x00,0x38,0xFF,0xFF,0xFF,
  0x6C,0x00,0x00,0x00,0x00,0x00,0x00,0x00,0x00,0x00,0x00,0x00,0x00,0x00,0x00,0x38,
  0xFF,0xFF,0xFF,0x6C,0x00,0x00,0x00,0x00,0x00,0x00,0x00,0x00,0x00,0x00,0x00,0x00,
  0x00,0x00,0x38,0xFF,0xFF,0xFF,0x6C,0x00,0x00,0x00,0x00,0x00,0x00,0x00,0x00,0x00,
  0x00,0x00,0x00,0x00,0x00,0x4C,0xFF,0xFF,0xFF,0x7D,0x00,0x00,0x00,0x00,0x00,0x00,
  0x00,0x00,0x00,0x00,0x00,0x00,0x00,0x00,0xA2,0xFF,0xFF,0xFF,0xCE,0x04,0x00,0x00,
  0x00,0x00,0x00,0x00,0x00,0x00,0x00,0x00,0x39,0x71,0xB9,0xFF,0xFF,0xFF,0xFF,0xFF,
  0xD0,0x77,0x4F,0x00,0x00,0x00,0x00,0x00,0x00,0x00,0x00,0x00,0x00,0x00,0x00,0x00,
  0x00,0x03,0x43,0x88,0x70,0x60,0x57,0x5B,0x6A,0x99,0xC4,0x96,0x51,0x05,0x00,0x00,
  0x00,0x00,0x00,0x00,0x00,0x00,0x00,0x00,0x5A,0xDB,0x9C,0x14,0x00,0x00,0x00,0x00,
  0x00,0x00,0x38,0xEF,0xFF,0xE3,0x4B,0x00,0x00,0x00,0x00,0x00,0x00,0x00,0x0A,0xAD,
  0xFF,0x82,0x00,0x00,0x00,0x00,0x00,0x00,0x00,0x00,0x00,0x6A,0xFF,0xFF,0xFC,0x3A,
  0x00,0x00,0x00,0x00,0x00,0x08,0xC2,0xFF,0xC6,0x01,0x00,0x00,0x00,0x00,0x00,0x00,
  0x00,0x00,0x00,0x0E,0xFD,0xFF,0xFF,0x8E,0x00,0x00,0x00,0x00,0x00,0x9B,0xFF,0xFF,
  0x47,0x00,0x00,0x00,0x00,0x00,0x00,0x00,0x00,0x00,0x00,0x00,0xDA,0xFF,0xFF,0x6D,
  0x00,0x00,0x00,0x00,0x3B,0xFF,0xFF,0xE8,0x02,0x00,0x00,0x00,0x00,0x00,0x00,0x00,
  0x00,0x00,0x00,0x00,0xC5,0xF6,0x9B,0x05,0x00,0x00,0x00,0x00,0xBA,0xFF,0xFF,0xA7,
  0x00,0x00,0x00,0x00,0x00,0x00,0x00,0x00,0x00,0x00,0x00,0x00,0x18,0x05,0x00,0x00,
  0x00,0x00,0x00,0x1E,0xFE,0xFF,0xFF,0x73,0x00,0x00,0x00,0x00,0x00,0x00,0x00,0x00,
  0x00,0x00,0x00,0x00,0x00,0x00,0x00,0x00,0x00,0x00,0x00,0x67,0xFF,0xFF,0xFF,0x4D,
  0x00,0x00,0x00,0x00,0x00,0x00,0x00,0x00,0x00,0x00,0x00,0x00,0x00,0x00,0x00,0x00,
  0x00,0x00,0x00,0xA2,0xFF,0xFF,0xFF,0x33,0x00,0x00,0x00,0x00,0x00,0x00,0x00,0x00,
  0x00,0x00,0x00,0x00,0x00,0x00,0x00,0x00,0x00,0x00,0x00,0xC9,0xFF,0xFF,0xFF,0x1F,
  0x00,0x00,0x00,0x00,0x00,0x00,0x00,0x00,0x00,0x00,0x00,0x00,0x00,0x00,0x00,0x00,
  0x00,0x00,0x00,0xE3,0xFF,0xFF,0xFF,0x14,0x00,0x00,0x00,0x00,0x00,0x00,0x00,0x00,
  0x00,0x00,0x00,0x00,0x00,0x00,0x00,0x00,0x00,0x00,0x00,0xEF,0xFF,0xFF,0xFF,0x0E,
  0x00,0x00,0x00,0x00,0x00,0x00,0x00,0x00,0x00,0x00,0x00,0x00,0x00,0x00,0x00,0x00,
  0x00,0x00,0x00,0xEE,0xFF,0xFF,0xFF,0x0F,0x00,0x00,0x00,0x00,0x00,0x00,0x00,0x00,
  0x1E,0x6F,0xA1,0xAC,0xAC,0xAC,0xAC,0xAC,0x98,0x66,0x01,0xE3,0xFF,0xFF,0xFF,0x15,
  0x00,0x00,0x00,0x00,0x00,0x00,0x00,0x00,0x00,0x00,0x17,0xD3,0xFF,0xFF,0xFF,0xD8,
  0x10,0x00,0x00,0xC8,0xFF,0xFF,0xFF,0x21,0x00,0x00,0x00,0x00,0x00,0x00,0x00,0x00,
  0x00,0x00,0x00,0x60,0xFF,0xFF,0xFF,0x7E,0x00,0x00,0x00,0xA1,0xFF,0xFF,0xFF,0x37,
  0x00,0x00,0x00,0x00,0x00,0x00,0x00,0x00,0x00,0x00,0x00,0x41,0xFF,0xFF,0xFF,0x65,
  0x00,0x00,0x00,0x66,0xFF,0xFF,0xFF,0x55,0x00,0x00,0x00,0x00,0x00,0x00,0x00,0x00,
  0x00,0x00,0x00,0x40,0xFF,0xFF,0xFF,0x64,0x00,0x00,0x00,0x1E,0xFE,0xFF,0xFF,0x7F,
  0x00,0x00,0x00,0x00,0x00,0x00,0x00,0x00,0x00,0x00,0x00,0x40,0xFF,0xFF,0xFF,0x64,
  0x00,0x00,0x00,0x00,0xBA,0xFF,0xFF,0xB8,0x00,0x00,0x00,0x00,0x00,0x00,0x00,0x00,
  0x00,0x00,0x00,0x40,0xFF,0xFF,0xFF,0x64,0x00,0x00,0x00,0x00,0x3B,0xFF,0xFF,0xF5,
  0x0D,0x00,0x00,0x00,0x00,0x00,0x00,0x00,0x00,0x00,0x00,0x40,0xFF,0xFF,0xFF,0x64,
  0x00,0x00,0x00,0x00,0x00,0x9A,0xFF,0xFF,0x6B,0x00,0x00,0x00,0x00,0x00,0x00,0x00,
  0x00,0x00,0x00,0x40,0xFF,0xFF,0xFF,0x64,0x00,0x00,0x00,0x00,0x00,0x08,0xC1,0xFF,
  0xE9,0x12,0x00,0x00,0x00,0x00,0x00,0x00,0x00,0x00,0x00,0x40,0xFF,0xFF,0xFF,0x64,
  0x00,0x00,0x00,0x00,0x00,0x00,0x0A,0xAC,0xFF,0xBF,0x0B,0x00,0x00,0x00,0x00,0x00,
  0x00,0x00,0x00,0x40,0xFF,0xFF,0xFF,0x64,0x00,0x00,0x00,0x00,0x00,0x00,0x00,0x00,
  0x59,0xD9,0xD4,0x42,0x00,0x00,0x00,0x00,0x00,0x00,0x00,0x40,0xFF,0xFC,0xB1,0x28,
  0x00,0x00,0x00,0x00,0x00,0x00,0x00,0x00,0x00,0x02,0x40,0x8C,0x99,0x7C,0x63,0x5B,
  0x56,0x5E,0x65,0x7B,0x5E,0x16,0x00,0x00,0x00,0x00,0x00,0x36,0x6F,0xB0,0xFF,0xFF,
  0xFF,0xFF,0xFF,0xD7,0x7B,0x53,0x00,0x00,0x00,0x00,0x1B,0x67,0x97,0xF7,0xFF,0xFF,
  0xFF,0xFF,0xED,0x8A,0x64,0x11,0x00,0x00,0x00,0x8F,0xFF,0xFF,0xFF,0xD8,0x08,0x00,
  0x00,0x00,0x00,0x00,0x00,0x00,0x00,0x00,0x4C,0xFF,0xFF,0xFF,0xFB,0x2A,0x00,0x00,
  0x00,0x00,0x00,0x00,0x3C,0xFF,0xFF,0xFF,0x88,0x00,0x00,0x00,0x00,0x00,0x00,0x00,
  0x00,0x00,0x00,0x01,0xF3,0xFF,0xFF,0xD3,0x00,0x00,0x00,0x00,0x00,0x00,0x00,0x2C,
  0xFF,0xFF,0xFF,0x74,0x00,0x00,0x00,0x00,0x00,0x00,0x00,0x00,0x00,0x00,0x00,0xE0,
  0xFF,0xFF,0xC4,0x00,0x00,0x00,0x00,0x00,0x00,0x00,0x2C,0xFF,0xFF,0xFF,0x74,0x00,
  0x00,0x00,0x00,0x00,0x00,0x00,0x00,0x00,0x00,0x00,0xE0,0xFF,0xFF,0xC4,0x00,0x00,
  0x00,0x00,0x00,0x00,0x00,0x2C,0xFF,0xFF,0xFF,0x74,0x00,0x00,0x00,0x00,0x00,0x00,
  0x00,0x00,0x00,0x00,0x00,0xE0,0xFF,0xFF,0xC4,0x00,0x00,0x00,0x00,0x00,0x00,0x00,
  0x2C,0xFF,0xFF,0xFF,0x74,0x00,0x00,0x00,0x00,0x00,0x00,0x00,0x00,0x00,0x00,0x00,
  0xE0,0xFF,0xFF,0xC4,0x00,0x00,0x00,0x00,0x00,0x00,0x00,0x2C,0xFF,0xFF,0xFF,0x74,
  0x00,0x00,0x00,0x00,0x00,0x00,0x00,0x00,0x00,0x00,0x00,0xE0,0xFF,0xFF,0xC4,0x00,
  0x00,0x00,0x00,0x00,0x00,0x00,0x2C,0xFF,0xFF,0xFF,0x74,0x00,0x00,0x00,0x00,0x00,
  0x00,0x00,0x00,0x00,0x00,0x00,0xE0,0xFF,0xFF,0xC4,0x00,0x00,0x00,0x00,0x00,0x00,
  0x00,0x2C,0xFF,0xFF,0xFF,0x74,0x00,0x00,0x00,0x00,0x00,0x00,0x00,0x00,0x00,0x00,
  0x00,0xE0,0xFF,0xFF,0xC4,0x00,0x00,0x00,0x00,0x00,0x00,0x00,0x2C,0xFF,0xFF,0xFF,
  0x74,0x00,0x00,0x00,0x00,0x00,0x00,0x00,0x00,0x00,0x00,0x00,0xE0,0xFF,0xFF,0xC4,
  0x00,0x00,0x00,0x00,0x00,0x00,0x00,0x2C,0xFF,0xFF,0xFF,0x74,0x00,0x00,0x00,0x00,
  0x00,0x00,0x00,0x00,0x00,0x00,0x00,0xE0,0xFF,0xFF,0xC4,0x00,0x00,0x00,0x00,0x00,
  0x00,0x00,0x2C,0xFF,0xFF,0xFF,0xA6,0x5C,0x5C,0x5C,0x5C,0x5C,0x5C,0x5C,0x5C,0x5C,
  0x5C,0x5C,0xEB,0xFF,0xFF,0xC4,0x00,0x00,0x00,0x00,0x00,0x00,0x00,0x2C,0xFF,0xFF,
  0xFF,0x74,0x00,0x00,0x00,0x00,0x00,0x00,0x00,0x00,0x00,0x00,0x00,0xE0,0xFF,0xFF,
  0xC4,0x00,0x00,0x00,0x00,0x00,0x00,0x00,0x2C,0xFF,0xFF,0xFF,0x74,0x00,0x00,0x00,
  0x00,0x00,0x00,0x00,0x00,0x00,0x00,0x00,0xE0,0xFF,0xFF,0xC4,0x00,0x00,0x00,0x00,
  0x00,0x00,0x00,0x2C,0xFF,0xFF,0xFF,0x74,0x00,0x00,0x00,0x00,0x00,0x00,0x00,0x00,
  0x00,0x00,0x00,0xE0,0xFF,0xFF,0xC4,0x00,0x00,0x00,0x00,0x00,0x00,0x00,0x2C,0xFF,
  0xFF,0xFF,0x74,0x00,0x00,0x00,0x00,0x00,0x00,0x00,0x00,0x00,0x00,0x00,0xE0,0xFF,
  0xFF,0xC4,0x00,0x00,0x00,0x00,0x00,0x00,0x00,0x2C,0xFF,0xFF,0xFF,0x74,0x00,0x00,
  0x00,0x00,0x00,0x00,0x00,0x00,0x00,0x00,0x00,0xE0,0xFF,0xFF,0xC4,0x00,0x00,0x00,
  0x00,0x00,0x00,0x00,0x2C,0xFF,0xFF,0xFF,0x74,0x00,0x00,0x00,0x00,0x00,0x00,0x00,
  0x00,0x00,0x00,0x00,0xE0,0xFF,0xFF,0xC4,0x00,0x00,0x00,0x00,0x00,0x00,0x00,0x2C,
  0xFF,0xFF,0xFF,0x74,0x00,0x00,0x00,0x00,0x00,0x00,0x00,0x00,0x00,0x00,0x00,0xE0,
  0xFF,0xFF,0xC4,0x00,0x00,0x00,0x00,0x00,0x00,0x00,0x2C,0xFF,0xFF,0xFF,0x74,0x00,
  0x00,0x00,0x00,0x00,0x00,0x00,0x00,0x00,0x00,0x00,0xE0,0xFF,0xFF,0xC4,0x00,0x00,
  0x00,0x00,0x00,0x00,0x00,0x2C,0xFF,0xFF,0xFF,0x74,0x00,0x00,0x00,0x00,0x00,0x00,
  0x00,0x00,0x00,0x00,0x00,0xE0,0xFF,0xFF,0xC4,0x00,0x00,0x00,0x00,0x00,0x00,0x00,
  0x2C,0xFF,0xFF,0xFF,0x74,0x00,0x00,0x00,0x00,0x00,0x00,0x00,0x00,0x00,0x00,0x00,
  0xE0,0xFF,0xFF,0xC4,0x00,0x00,0x00,0x00,0x00,0x00,0x00,0x40,0xFF,0xFF,0xFF,0x86,
  0x00,0x00,0x00,0x00,0x00,0x00,0x00,0x00,0x00,0x00,0x00,0xF2,0xFF,0xFF,0xD7,0x00,
  0x00,0x00,0x00,0x00,0x00,0x00,0x97,0xFF,0xFF,0xFF,0xD6,0x07,0x00,0x00,0x00,0x00,
  0x00,0x00,0x00,0x00,0x00,0x4A,0xFF,0xFF,0xFF,0xFC,0x31,0x00,0x00,0x00,0x36,0x70,
  0xB4,0xFF,0xFF,0xFF,0xFF,0xFF,0xD5,0x78,0x52,0x00,0x00,0x00,0x00,0x1B,0x66,0x95,
  0xF6,0xFF,0xFF,0xFF,0xFF,0xF1,0x8C,0x64,0x11,0x39,0x70,0xB4,0xFF,0xFF,0xFF,0xFF,
  0xFF,0xD3,0x79,0x50,0x00,0x00,0x00,0x9A,0xFF,0xFF,0xFF,0xD1,0x05,0x00,0x00,0x00,
  0x00,0x00,0x47,0xFF,0xFF,0xFF,0x7F,0x00,0x00,0x00,0x00,0x00,0x00,0x38,0xFF,0xFF,
  0xFF,0x6C,0x00,0x00,0x00,0x00,0x00,0x00,0x38,0xFF,0xFF,0xFF,0x6C,0x00,0x00,0x00,
  0x00,0x00,0x00,0x38,0xFF,0xFF,0xFF,0x6C,0x00,0x00,0x00,0x00,0x00,0x00,0x38,0xFF,
  0xFF,0xFF,0x6C,0x00,0x00,0x00,0x00,0x00,0x00,0x38,0xFF,0xFF,0xFF,0x6C,0x00,0x00,
  0x00,0x00,0x00,0x00,0x38,0xFF,0xFF,0xFF,0x6C,0x00,0x00,0x00,0x00,0x00,0x00,0x38,
  0xFF,0xFF,0xFF,0x6C,0x00,0x00,0x00,0x00,0x00,0x00,0x38,0xFF,0xFF,0xFF,0x6C,0x00,
  0x00,0x00,0x00,0x00,0x00,0x38,0xFF,0xFF,0xFF,0x6C,0x00,0x00,0x00,0x00,0x00,0x00,
  0x38,0xFF,0xFF,0xFF,0x6C,0x00,0x00,0x00,0x00,0x00,0x00,0x38,0xFF,0xFF,0xFF,0x6C,
  0x00,0x00,0x00,0x00,0x00,0x00,0x38,0xFF,0xFF,0xFF,0x6C,0x00,0x00,0x00,0x00,0x00,
  0x00,0x38,0xFF,0xFF,0xFF,0x6C,0x00,0x00,0x00,0x00,0x00,0x00,0x38,0xFF,0xFF,0xFF,
  0x6C,0x00,0x00,0x00,0x00,0x00,0x00,0x38,0xFF,0xFF,0xFF,0x6C,0x00,0x00,0x00,0x00,
  0x00,0x00,0x38,0xFF,0xFF,0xFF,0x6C,0x00,0x00,0x00,0x00,0x00,0x00,0x38,0xFF,0xFF,
  0xFF,0x6C,0x00,0x00,0x00,0x00,0x00,0x00,0x38,0xFF,0xFF,0xFF,0x6C,0x00,0x00,0x00,
  0x00,0x00,0x00,0x38,0xFF,0xFF,0xFF,0x6C,0x00,0x00,0x00,0x00,0x00,0x00,0x38,0xFF,
  0xFF,0xFF,0x6C,0x00,0x00,0x00,0x00,0x00,0x00,0x4C,0xFF,0xFF,0xFF,0x7F,0x00,0x00,
  0x00,0x00,0x00,0x00,0xA2,0xFF,0xFF,0xFF,0xD1,0x05,0x00,0x00,0x39,0x71,0xB9,0xFF,
  0xFF,0xFF,0xFF,0xFF,0xD2,0x78,0x4F,0x00,0x00,0x39,0x70,0xB5,0xFF,0xFF,0xFF,0xFF,
  0xFF,0xD4,0x79,0x50,0x00,0x00,0x00,0x00,0x00,0x9B,0xFF,0xFF,0xFF,0xD2,0x05,0x00,
  0x00,0x00,0x00,0x00,0x00,0x00,0x47,0xFF,0xFF,0xFF,0x80,0x00,0x00,0x00,0x00,0x00,
  0x00,0x00,0x00,0x38,0xFF,0xFF,0xFF,0x6C,0x00,0x00,0x00,0x00,0x00,0x00,0x00,0x00,
  0x38,0xFF,0xFF,0xFF,0x6C,0x00,0x00,0x00,0x00,0x00,0x00,0x00,0x00,0x38,0xFF,0xFF,
  0xFF,0x6C,0x00,0x00,0x00,0x00,0x00,0x00,0x00,0x00,0x38,0xFF,0xFF,0xFF,0x6C,0x00,
  0x00,0x00,0x00,0x00,0x00,0x00,0x00,0x38,0xFF,0xFF,0xFF,0x6C,0x00,0x00,0x00,0x00,
  0x00,0x00,0x00,0x00,0x38,0xFF,0xFF,0xFF,0x6C,0x00,0x00,0x00,0x00,0x00,0x00,0x00,
  0x00,0x38,0xFF,0xFF,0xFF,0x6C,0x00,0x00,0x00,0x00,0x00,0x00,0x00,0x00,0x38,0xFF,
  0xFF,0xFF,0x6C,0x00,0x00,0x00,0x00,0x00,0x00,0x00,0x00,0x38,0xFF,0xFF,0xFF,0x6C,
  0x00,0x00,0x00,0x00,0x00,0x00,0x00,0x00,0x38,0xFF,0xFF,0xFF,0x6C,0x00,0x00,0x00,
  0x00,0x00,0x00,0x00,0x00,0x38,0xFF,0xFF,0xFF,0x6C,0x00,0x00,0x00,0x00,0x00,0x00,
  0x00,0x00,0x38,0xFF,0xFF,0xFF,0x6C,0x00,0x00,0x00,0x00,0x00,0x00,0x00,0x00,0x38,
  0xFF,0xFF,0xFF,0x6C,0x00,0x00,0x00,0x00,0x00,0x00,0x00,0x00,0x38,0xFF,0xFF,0xFF,
  0x6C,0x00,0x00,0x00,0x00,0x00,0x00,0x00,0x00,0x38,0xFF,0xFF,0xFF,0x6C,0x00,0x00,
  0x00,0x00,0x00,0x00,0x00,0x00,0x38,0xFF,0xFF,0xFF,0x6C,0x00,0x00,0x00,0x00,0x00,
  0x00,0x00,0x00,0x38,0xFF,0xFF,0xFF,0x6C,0x00,0x00,0x00,0x00,0x00,0x00,0x00,0x00,
  0x38,0xFF,0xFF,0xFF,0x6C,0x00,0x00,0x00,0x00,0x00,0x00,0x00,0x00,0x38,0xFF,0xFF,
  0xFF,0x6C,0x00,0x00,0x00,0x00,0x00,0x00,0x00,0x00,0x38,0xFF,0xFF,0xFF,0x6C,0x00,
  0x00,0x00,0x00,0x00,0x00,0x00,0x00,0x38,0xFF,0xFF,0xFF,0x6C,0x00,0x00,0x00,0x00,
  0x00,0x00,0x00,0x00,0x38,0xFF,0xFF,0xFF,0x6C,0x00,0x00,0x00,0x00,0x00,0x00,0x00,
  0x00,0x38,0xFF,0xFF,0xFF,0x6C,0x00,0x00,0x00,0x00,0x00,0x00,0x00,0x00,0x38,0xFF,
  0xFF,0xFF,0x6A,0x00,0x00,0x00,0x00,0x00,0x00,0x00,0x00,0x38,0xFF,0xFF,0xFF,0x5F,
  0x00,0x00,0x00,0x00,0x00,0x00,0x00,0x00,0x3D,0xFF,0xFF,0xFF,0x48,0x00,0x00,0x00,
  0x00,0x00,0x00,0x00,0x00,0x4C,0xFF,0xFF,0xFF,0x1C,0x00,0x00,0x00,0x00,0x00,0x00,
  0x00,0x00,0x6D,0xFF,0xFF,0xD1,0x00,0x00,0x00,0x00,0x00,0x00,0x00,0x00,0x00,0xA9,
  0xFF,0xFF,0x5E,0x00,0x00,0x00,0x00,0x00,0x00,0x00,0x00,0x21,0xF9,0xFF,0xB0,0x00,
  0x00,0x00,0x00,0x00,0x00,0x00,0x00,0x13,0xC6,0xFE,0x9D,0x08,0x00,0x00,0x00,0x00,
  0x00,0x24,0x64,0x79,0xB1,0x80,0x2D,0x00,0x00,0x00,0x00,0x00,0x00,0x00,0x39,0x70,
  0xB4,0xFF,0xFF,0xFF,0xFF,0xFF,0xD4,0x79,0x50,0x00,0x00,0x00,0x00,0x59,0x73,0xAA,
  0xFD,0xFF,0xFF,0xBB,0x72,0x04,0x00,0x00,0x00,0x00,0x9A,0xFF,0xFF,0xFF,0xD2,0x05,
  0x00,0x00,0x00,0x00,0x00,0x00,0x00,0x00,0x00,0x9E,0xF2,0x4B,0x00,0x00,0x00,0x00,
  0x00,0x00,0x00,0x47,0xFF,0xFF,0xFF,0x80,0x00,0x00,0x00,0x00,0x00,0x00,0x00,0x00,
  0x00,0x01,0xC2,0x34,0x00,0x00,0x00,0x00,0x00,0x00,0x00,0x00,0x38,0xFF,0xFF,0xFF,
  0x6C,0x00,0x00,0x00,0x00,0x00,0x00,0x00,0x00,0x00,0x69,0x3D,0x00,0x00,0x00,0x00,
  0x00,0x00,0x00,0x00,0x00,0x38,0xFF,0xFF,0xFF,0x6C,0x00,0x00,0x00,0x00,0x00,0x00,
  0x00,0x00,0x3D,0x51,0x00,0x00,0x00,0x00,0x00,0x00,0x00,0x00,0x00,0x00,0x38,0xFF,
  0xFF,0xFF,0x6C,0x00,0x00,0x00,0x00,0x00,0x00,0x00,0x26,0x66,0x00,0x00,0x00,0x00,
  0x00,0x00,0x00,0x00,0x00,0x00,0x00,0x38,0xFF,0xFF,0xFF,0x6C,0x00,0x00,0x00,0x00,
  0x00,0x00,0x15,0x79,0x00,0x00,0x00,0x00,0x00,0x00,0x00,0x00,0x00,0x00,0x00,0x00,
  0x38,0xFF,0xFF,0xFF,0x6C,0x00,0x00,0x00,0x00,0x00,0x08,0x81,0x04,0x00,0x00,0x00,
  0x00,0x00,0x00,0x00,0x00,0x00,0x00,0x00,0x00,0x38,0xFF,0xFF,0xFF,0x6C,0x00,0x00,
  0x00,0x00,0x01,0x7E,0x0F,0x00,0x00,0x00,0x00,0x00,0x00,0x00,0x00,0x00,0x00,0x00,
  0x00,0x00,0x38,0xFF,0xFF,0xFF,0x6C,0x00,0x00,0x00,0x00,0x72,0x1E,0x00,0x00,0x00,
  0x00,0x00,0x00,0x00,0x00,0x00,0x00,0x00,0x00,0x00,0x00,0x38,0xFF,0xFF,0xFF,0x6C,
  0x00,0x00,0x00,0x67,0x84,0x00,0x00,0x00,0x00,0x00,0x00,0x00,0x00,0x00,0x00,0x00,
  0x00,0x00,0x00,0x00,0x38,0xFF,0xFF,0xFF,0x6C,0x00,0x00,0x48,0xFB,0xF7,0x2B,0x00,
  0x00,0x00,0x00,0x00,0x00,0x00,0x00,0x00,0x00,0x00,0x00,0x00,0x00,0x38,0xFF,0xFF,
  0xFF,0x6C,0x00,0x2F,0xF2,0xFF,0xFF,0xD0,0x06,0x00,0x00,0x00,0x00,0x00,0x00,0x00,
  0x00,0x00,0x00,0x00,0x00,0x00,0x38,0xFF,0xFF,0xFF,0x6C,0x1B,0x6C,0xC6,0xFF,0xFF,
  0xFF,0x8C,0x00,0x00,0x00,0x00,0x00,0x00,0x00,0x00,0x00,0x00,0x00,0x00,0x00,0x38,
  0xFF,0xFF,0xFF,0x78,0x75,0x01,0x23,0xF3,0xFF,0xFF,0xFE,0x42,0x00,0x00,0x00,0x00,
  0x00,0x00,0x00,0x00,0x00,0x00,0x00,0x00,0x38,0xFF,0xFF,0xFF,0xB5,0x06,0x00,0x00,
  0x64,0xFF,0xFF,0xFF,0xE3,0x11,0x00,0x00,0x00,0x00,0x00,0x00,0x00,0x00,0x00,0x00,
  0x00,0x38,0xFF,0xFF,0xFF,0x6C,0x00,0x00,0x00,0x00,0xB1,0xFF,0xFF,0xFF,0xA9,0x00,
  0x00,0x00,0x00,0x00,0x00,0x00,0x00,0x00,0x00,0x00,0x38,0xFF,0xFF,0xFF,0x6C,0x00,
  0x00,0x00,0x00,0x16,0xE9,0xFF,0xFF,0xFF,0x5E,0x00,0x00,0x00,0x00,0x00,0x00,0x00,
  0x00,0x00,0x00,0x38,0xFF,0xFF,0xFF,0x6C,0x00,0x00,0x00,0x00,0x00,0x4C,0xFF,0xFF,
  0xFF,0xF1,0x20,0x00,0x00,0x00,0x00,0x00,0x00,0x00,0x00,0x00,0x38,0xFF,0xFF,0xFF,
  0x6C,0x00,0x00,0x00,0x00,0x00,0x00,0x99,0xFF,0xFF,0xFF,0xC4,0x03,0x00,0x00,0x00,
  0x00,0x00,0x00,0x00,0x00,0x38,0xFF,0xFF,0xFF,0x6C,0x00,0x00,0x00,0x00,0x00,0x00,
  0x0B,0xDB,0xFF,0xFF,0xFF,0x7B,0x00,0x00,0x00,0x00,0x00,0x00,0x00,0x00,0x38,0xFF,
  0xFF,0xFF,0x6C,0x00,0x00,0x00,0x00,0x00,0x00,0x00,0x37,0xFC,0xFF,0xFF,0xFB,0x35,
  0x00,0x00,0x00,0x00,0x00,0x00,0x00,0x38,0xFF,0xFF,0xFF,0x6C,0x00,0x00,0x00,0x00,
  0x00,0x00,0x00,0x00,0x80,0xFF,0xFF,0xFF,0xDC,0x0E,0x00,0x00,0x00,0x00,0x00,0x00,
  0x4C,0xFF,0xFF,0xFF,0x7E,0x00,0x00,0x00,0x00,0x00,0x00,0x00,0x00,0x03,0xBF,0xFF,
  0xFF,0xFF,0xB0,0x01,0x00,0x00,0x00,0x00,0x00,0xA2,0xFF,0xFF,0xFF,0xCF,0x05,0x00,
  0x00,0x00,0x00,0x00,0x00,0x00,0x00,0x11,0xBD,0xFF,0xFF,0xFF,0x90,0x01,0x00,0x39,
  0x71,0xB9,0xFF,0xFF,0xFF,0xFF,0xFF,0xD1,0x77,0x4F,0x00,0x00,0x00,0x00,0x00,0x00,
  0x00,0x02,0x66,0xB7,0xDF,0xF4,0xBB,0x43,0x39,0x70,0xB4,0xFF,0xFF,0xFF,0xFF,0xFF,
  0xD3,0x79,0x50,0x00,0x00,0x00,0x00,0x00,0x00,0x00,0x00,0x00,0x00,0x00,0x00,0x9A,
  0xFF,0xFF,0xFF,0xD1,0x05,0x00,0x00,0x00,0x00,0x00,0x00,0x00,0x00,0x00,0x00,0x00,
  0x00,0x00,0x00,0x47,0xFF,0xFF,0xFF,0x7F,0x00,0x00,0x00,0x00,0x00,0x00,0x00,0x00,
  0x00,0x00,0x00,0x00,0x00,0x00,0x00,0x38,0xFF,0xFF,0xFF,0x6C,0x00,0x00,0x00,0x00,
  0x00,0x00,0x00,0x00,0x00,0x00,0x00,0x00,0x00,0x00,0x00,0x38,0xFF,0xFF,0xFF,0x6C,
  0x00,0x00,0x00,0x00,0x00,0x00,0x00,0x00,0x00,0x00,0x00,0x00,0x00,0x00,0x00,0x38,
  0xFF,0xFF,0xFF,0x6C,0x00,0x00,0x00,0x00,0x00,0x00,0x00,0x00,0x00,0x00,0x00,0x00,
  0x00,0x00,0x00,0x38,0xFF,0xFF,0xFF,0x6C,0x00,0x00,0x00,0x00,0x00,0x00,0x00,0x00,
  0x00,0x00,0x00,0x00,0x00,0x00,0x00,0x38,0xFF,0xFF,0xFF,0x6C,0x00,0x00,0x00,0x00,
  0x00,0x00,0x00,0x00,0x00,0x00,0x00,0x00,0x00,0x00,0x00,0x38,0xFF,0xFF,0xFF,0x6C,
  0x00,0x00,0x00,0x00,0x00,0x00,0x00,0x00,0x00,0x00,0x00,0x00,0x00,0x00,0x00,0x38,
  0xFF,0xFF,0xFF,0x6C,0x00,0x00,0x00,0x00,0x00,0x00,0x00,0x00,0x00,0x00,0x00,0x00,
  0x00,0x00,0x00,0x38,0xFF,0xFF,0xFF,0x6C,0x00,0x00,0x00,0x00,0x00,0x00,0x00,0x00,
  0x00,0x00,0x00,0x00,0x00,0x00,0x00,0x38,0xFF,0xFF,0xFF,0x6C,0x00,0x00,0x00,0x00,
  0x00,0x00,0x00,0x00,0x00,0x00,0x00,0x00,0x00,0x00,0x00,0x38,0xFF,0xFF,0xFF,0x6C,
  0x00,0x00,0x00,0x00,0x00,0x00,0x00,0x00,0x00,0x00,0x00,0x00,0x00,0x00,0x00,0x38,
  0xFF,0xFF,0xFF,0x6C,0x00,0x00,0x00,0x00,0x00,0x00,0x00,0x00,0x00,0x00,0x00,0x00,
  0x00,0x00,0x00,0x38,0xFF,0xFF,0xFF,0x6C,0x00,0x00,0x00,0x00,0x00,0x00,0x00,0x00,
  0x00,0x00,0x00,0x00,0x00,0x00,0x00,0x38,0xFF,0xFF,0xFF,0x6C,0x00,0x00,0x00,0x00,
  0x00,0x00,0x00,0x00,0x00,0x00,0x00,0x00,0x00,0x00,0x00,0x38,0xFF,0xFF,0xFF,0x6C,
  0x00,0x00,0x00,0x00,0x00,0x00,0x00,0x00,0x00,0x00,0x00,0x00,0x00,0x00,0x00,0x38,
  0xFF,0xFF,0xFF,0x6C,0x00,0x00,0x00,0x00,0x00,0x00,0x00,0x00,0x00,0x00,0x00,0x00,
  0x00,0x00,0x00,0x38,0xFF,0xFF,0xFF,0x6C,0x00,0x00,0x00,0x00,0x00,0x00,0x00,0x00,
  0x00,0x00,0x00,0x4E,0x00,0x00,0x00,0x38,0xFF,0xFF,0xFF,0x6C,0x00,0x00,0x00,0x00,
  0x00,0x00,0x00,0x00,0x00,0x00,0x00,0x68,0x00,0x00,0x00,0x38,0xFF,0xFF,0xFF,0x6C,
  0x00,0x00,0x00,0x00,0x00,0x00,0x00,0x00,0x00,0x00,0x00,0x7D,0x00,0x00,0x00,0x38,
  0xFF,0xFF,0xFF,0x6C,0x00,0x00,0x00,0x00,0x00,0x00,0x00,0x00,0x00,0x00,0x00,0x95,
  0x00,0x00,0x00,0x38,0xFF,0xFF,0xFF,0x6C,0x00,0x00,0x00,0x00,0x00,0x00,0x00,0x00,
  0x00,0x00,0x0D,0xC0,0x00,0x00,0x00,0x4C,0xFF,0xFF,0xFF,0x6C,0x00,0x00,0x00,0x00,
  0x00,0x00,0x00,0x00,0x00,0x00,0x6A,0xBD,0x00,0x00,0x00,0xA2,0xFF,0xFF,0xFF,0x6C,
  0x00,0x00,0x00,0x00,0x00,0x00,0x00,0x00,0x00,0x3B,0xEE,0xB4,0x39,0x71,0xB9,0xFF,
  0xFF,0xFF,0xFF,0xA1,0x5C,0x5C,0x5C,0x5C,0x5C,0x5C,0x64,0x7A,0xB8,0xFB,0xFF,0xAC,
  0x39,0x5C,0x73,0xBD,0xFF,0xFF,0xFF,0xDE,0x02,0x00,0x00,0x00,0x00,0x00,0x00,0x00,
  0x00,0x00,0x00,0x00,0x00,0x00,0x00,0x00,0x5F,0xFF,0xFF,0xFF,0xFB,0xA0,0x6A,0x25,
  0x00,0x00,0x00,0x00,0xAB,0xFF,0xFF,0xFF,0x4C,0x00,0x00,0x00,0x00,0x00,0x00,0x00,
  0x00,0x00,0x00,0x00,0x00,0x00,0x00,0x00,0xBB,0xFF,0xFF,0xFF,0x66,0x00,0x00,0x00,
  0x00,0x00,0x00,0x00,0x58,0xF7,0xFF,0xFF,0xB7,0x00,0x00,0x00,0x00,0x00,0x00,0x00,
  0x00,0x00,0x00,0x00,0x00,0x00,0x00,0x1A,0xDA,0xFF,0xFF,0xFF,0x0F,0x00,0x00,0x00,
  0x00,0x00,0x00,0x00,0x48,0x9F,0xFF,0xFF,0xFE,0x24,0x00,0x00,0x00,0x00,0x00,0x00,
  0x00,0x00,0x00,0x00,0x00,0x00,0x00,0x6D,0x88,0xFF,0xFF,0xFC,0x00,0x00,0x00,0x00,
  0x00,0x00,0x00,0x00,0x48,0x35,0xFD,0xFF,0xFF,0x8D,0x00,0x00,0x00,0x00,0x00,0x00,
  0x00,0x00,0x00,0x00,0x00,0x00,0x00,0x7B,0x78,0xFF,0xFF,0xFC,0x00,0x00,0x00,0x00,
  0x00,0x00,0x00,0x00,0x48,0x14,0xB4,0xFF,0xFF,0xEE,0x09,0x00,0x00,0x00,0x00,0x00,
  0x00,0x00,0x00,0x00,0x00,0x00,0x2E,0x4C,0x78,0xFF,0xFF,0xFC,0x00,0x00,0x00,0x00,
  0x00,0x00,0x00,0x00,0x48,0x14,0x48,0xFF,0xFF,0xFF,0x63,0x00,0x00,0x00,0x00,0x00,
  0x00,0x00,0x00,0x00,0x00,0x00,0x74,0x04,0x78,0xFF,0xFF,0xFC,0x00,0x00,0x00,0x00,
  0x00,0x00,0x00,0x00,0x48,0x14,0x01,0xDB,0xFF,0xFF,0xCE,0x00,0x00,0x00,0x00,0x00,
  0x00,0x00,0x00,0x00,0x00,0x02,0x74,0x00,0x78,0xFF,0xFF,0xFC,0x00,0x00,0x00,0x00,
  0x00,0x00,0x00,0x00,0x48,0x14,0x00,0x71,0xFF,0xFF,0xFF,0x39,0x00,0x00,0x00,0x00,
  0x00,0x00,0x00,0x00,0x00,0x44,0x32,0x00,0x78,0xFF,0xFF,0xFC,0x00,0x00,0x00,0x00,
  0x00,0x00,0x00,0x00,0x48,0x14,0x00,0x10,0xF5,0xFF,0xFF,0xA4,0x00,0x00,0x00,0x00,
  0x00,0x00,0x00,0x00,0x00,0x75,0x00,0x00,0x78,0xFF,0xFF,0xFC,0x00,0x00,0x00,0x00,
  0x00,0x00,0x00,0x00,0x48,0x14,0x00,0x00,0x9A,0xFF,0xFF,0xF9,0x16,0x00,0x00,0x00,
  0x00,0x00,0x00,0x00,0x0A,0x69,0x00,0x00,0x78,0xFF,0xFF,0xFC,0x00,0x00,0x00,0x00,
  0x00,0x00,0x00,0x00,0x48,0x14,0x00,0x00,0x2F,0xFF,0xFF,0xFF,0x7A,0x00,0x00,0x00,
  0x00,0x00,0x00,0x00,0x58,0x1B,0x00,0x00,0x78,0xFF,0xFF,0xFC,0x00,0x00,0x00,0x00,
  0x00,0x00,0x00,0x00,0x48,0x14,0x00,0x00,0x00,0xC3,0xFF,0xFF,0xE2,0x03,0x00,0x00,
  0x00,0x00,0x00,0x00,0x72,0x00,0x00,0x00,0x78,0xFF,0xFF,0xFC,0x00,0x00,0x00,0x00,
  0x00,0x00,0x00,0x00,0x48,0x14,0x00,0x00,0x00,0x58,0xFF,0xFF,0xFF,0x50,0x00,0x00,
  0x00,0x00,0x00,0x17,0x58,0x00,0x00,0x00,0x78,0xFF,0xFF,0xFC,0x00,0x00,0x00,0x00,
  0x00,0x00,0x00,0x00,0x48,0x14,0x00,0x00,0x00,0x05,0xE7,0xFF,0xFF,0xBB,0x00,0x00,
  0x00,0x00,0x00,0x64,0x0B,0x00,0x00,0x00,0x78,0xFF,0xFF,0xFC,0x00,0x00,0x00,0x00,
  0x00,0x00,0x00,0x00,0x48,0x14,0x00,0x00,0x00,0x00,0x81,0xFF,0xFF,0xFF,0x27,0x00,
  0x00,0x00,0x00,0x6E,0x00,0x00,0x00,0x00,0x78,0xFF,0xFF,0xFC,0x00,0x00,0x00,0x00,
  0x00,0x00,0x00,0x00,0x48,0x14,0x00,0x00,0x00,0x00,0x1A,0xFB,0xFF,0xFF,0x92,0x00,
  0x00,0x00,0x29,0x42,0x00,0x00,0x00,0x00,0x78,0xFF,0xFF,0xFC,0x00,0x00,0x00,0x00,
  0x00,0x00,0x00,0x00,0x48,0x14,0x00,0x00,0x00,0x00,0x00,0xAA,0xFF,0xFF,0xF1,0x0C,
  0x00,0x00,0x6A,0x02,0x00,0x00,0x00,0x00,0x78,0xFF,0xFF,0xFC,0x00,0x00,0x00,0x00,
  0x00,0x00,0x00,0x00,0x48,0x14,0x00,0x00,0x00,0x00,0x00,0x3E,0xFF,0xFF,0xFF,0x68,
  0x00,0x01,0x69,0x00,0x00,0x00,0x00,0x00,0x78,0xFF,0xFF,0xFC,0x00,0x00,0x00,0x00,
  0x00,0x00,0x00,0x00,0x48,0x14,0x00,0x00,0x00,0x00,0x00,0x00,0xD2,0xFF,0xFF,0xD3,
  0x00,0x3F,0x2A,0x00,0x00,0x00,0x00,0x00,0x78,0xFF,0xFF,0xFC,0x00,0x00,0x00,0x00,
  0x00,0x00,0x00,0x00,0x48,0x14,0x00,0x00,0x00,0x00,0x00,0x00,0x67,0xFF,0xFF,0xFF,
  0x3E,0x68,0x00,0x00,0x00,0x00,0x00,0x00,0x78,0xFF,0xFF,0xFC,0x00,0x00,0x00,0x00,
  0x00,0x00,0x00,0x00,0x48,0x14,0x00,0x00,0x00,0x00,0x00,0x00,0x0B,0xF0,0xFF,0xFF,
  0xB1,0x5E,0x00,0x00,0x00,0x00,0x00,0x00,0x78,0xFF,0xFF,0xFC,0x00,0x00,0x00,0x00,
  0x00,0x00,0x00,0x00,0x48,0x14,0x00,0x00,0x00,0x00,0x00,0x00,0x00,0x90,0xFF,0xFF,
  0xFB,0x15,0x00,0x00,0x00,0x00,0x00,0x00,0x78,0xFF,0xFF,0xFC,0x00,0x00,0x00,0x00,
  0x00,0x00,0x00,0x00,0x5C,0x26,0x00,0x00,0x00,0x00,0x00,0x00,0x00,0x26,0xFE,0xFF,
  0xB2,0x00,0x00,0x00,0x00,0x00,0x00,0x00,0x8A,0xFF,0xFF,0xFF,0x0F,0x00,0x00,0x00,
  0x00,0x00,0x00,0x00,0xB3,0x7C,0x00,0x00,0x00,0x00,0x00,0x00,0x00,0x00,0xB9,0xFF,
  0x54,0x00,0x00,0x00,0x00,0x00,0x00,0x05,0xD5,0xFF,0xFF,0xFF,0x66,0x00,0x00,0x00,
  0x39,0x5C,0x73,0xC2,0xFF,0xFE,0xA8,0x6C,0x3F,0x00,0x00,0x00,0x00,0x00,0x4E,0xEF,
  0x07,0x00,0x00,0x00,0x00,0x0F,0x71,0xCD,0xFF,0xFF,0xFF,0xFF,0xFB,0xA0,0x6A,0x25,
  0x39,0x61,0x82,0xE4,0xFF,0xFF,0xFF,0xB7,0x00,0x00,0x00,0x00,0x00,0x00,0x00,0x00,
  0x00,0x4F,0x67,0x97,0xF8,0xFF,0xD8,0x7A,0x5E,0x29,0x00,0x00,0x00,0x18,0xEE,0xFF,
  0xFF,0xFF,0x60,0x00,0x00,0x00,0x00,0x00,0x00,0x00,0x00,0x00,0x00,0x00,0x4F,0xDA,
  0x09,0x00,0x00,0x00,0x00,0x00,0x00,0x00,0x9F,0xFF,0xFF,0xFF,0xEE,0x19,0x00,0x00,
  0x00,0x00,0x00,0x00,0x00,0x00,0x00,0x00,0x02,0x81,0x00,0x00,0x00,0x00,0x00,0x00,
  0x00,0x00,0x5C,0x9D,0xFF,0xFF,0xFF,0xB1,0x00,0x00,0x00,0x00,0x00,0x00,0x00,0x00,
  0x00,0x00,0x00,0x5C,0x00,0x00,0x00,0x00,0x00,0x00,0x00,0x00,0x5C,0x0F,0xE3,0xFF,
  0xFF,0xFF,0x59,0x00,0x00,0x00,0x00,0x00,0x00,0x00,0x00,0x00,0x00,0x5C,0x00,0x00,
  0x00,0x00,0x00,0x00,0x00,0x00,0x5C,0x00,0x48,0xFF,0xFF,0xFF,0xEB,0x16,0x00,0x00,
  0x00,0x00,0x00,0x00,0x00,0x00,0x00,0x5C,0x00,0x00,0x00,0x00,0x00,0x00,0x00,0x00,
  0x5C,0x00,0x00,0x9D,0xFF,0xFF,0xFF,0xAA,0x00,0x00,0x00,0x00,0x00,0x00,0x00,0x00,
  0x00,0x5C,0x00,0x00,0x00,0x00,0x00,0x00,0x00,0x00,0x5C,0x00,0x00,0x0F,0xE3,0xFF,
  0xFF,0xFF,0x52,0x00,0x00,0x00,0x00,0x00,0x00,0x00,0x00,0x5C,0x00,0x00,0x00,0x00,
  0x00,0x00,0x00,0x00,0x5C,0x00,0x00,0x00,0x48,0xFF,0xFF,0xFF,0xE8,0x12,0x00,0x00,
  0x00,0x00,0x00,0x00,0x00,0x5C,0x00,0x00,0x00,0x00,0x00,0x00,0x00,0x00,0x5C,0x00,
  0x00,0x00,0x00,0x9D,0xFF,0xFF,0xFF,0xA3,0x00,0x00,0x00,0x00,0x00,0x00,0x00,0x5C,
  0x00,0x00,0x00,0x00,0x00,0x00,0x00,0x00,0x5C,0x00,0x00,0x00,0x00,0x0F,0xE3,0xFF,
  0xFF,0xFF,0x4B,0x00,0x00,0x00,0x00,0x00,0x00,0x5C,0x00,0x00,0x00,0x00,0x00,0x00,
  0x00,0x00,0x5C,0x00,0x00,0x00,0x00,0x00,0x48,0xFF,0xFF,0xFF,0xE4,0x0F,0x00,0x00,
  0x00,0x00,0x00,0x5C,0x00,0x00,0x00,0x00,0x00,0x00,0x00,0x00,0x5C,0x00,0x00,0x00,
  0x00,0x00,0x00,0x9D,0xFF,0xFF,0xFF,0x9C,0x00,0x00,0x00,0x00,0x00,0x5C,0x00,0x00,
  0x00,0x00,0x00,0x00,0x00,0x00,0x5C,0x00,0x00,0x00,0x00,0x00,0x00,0x0F,0xE3,0xFF,
  0xFF,0xFF,0x45,0x00,0x00,0x00,0x00,0x5C,0x00,0x00,0x00,0x00,0x00,0x00,0x00,0x00,
  0x5C,0x00,0x00,0x00,0x00,0x00,0x00,0x00,0x48,0xFF,0xFF,0xFF,0xE0,0x0C,0x00,0x00,
  0x00,0x5C,0x00,0x00,0x00,0x00,0x00,0x00,0x00,0x00,0x5C,0x00,0x00,0x00,0x00,0x00,
  0x00,0x00,0x00,0x9D,0xFF,0xFF,0xFF,0x95,0x00,0x00,0x00,0x5C,0x00,0x00,0x00,0x00,
  0x00,0x00,0x00,0x00,0x5C,0x00,0x00,0x00,0x00,0x00,0x00,0x00,0x00,0x0F,0xE3,0xFF,
  0xFF,0xFE,0x3F,0x00,0x00,0x5C,0x00,0x00,0x00,0x00,0x00,0x00,0x00,0x00,0x5C,0x00,
  0x00,0x00,0x00,0x00,0x00,0x00,0x00,0x00,0x48,0xFF,0xFF,0xFF,0xDC,0x0A,0x00,0x5C,
  0x00,0x00,0x00,0x00,0x00,0x00,0x00,0x00,0x5C,0x00,0x00,0x00,0x00,0x00,0x00,0x00,
  0x00,0x00,0x00,0x9D,0xFF,0xFF,0xFF,0x8E,0x00,0x5C,0x00,0x00,0x00,0x00,0x00,0x00,
  0x00,0x00,0x5C,0x00,0x00,0x00,0x00,0x00,0x00,0x00,0x00,0x00,0x00,0x0F,0xE3,0xFF,
  0xFF,0xFD,0x39,0x5C,0x00,0x00,0x00,0x00,0x00,0x00,0x00,0x00,0x5C,0x00,0x00,0x00,
  0x00,0x00,0x00,0x00,0x00,0x00,0x00,0x00,0x48,0xFF,0xFF,0xFF,0xD7,0x62,0x00,0x00,
  0x00,0x00,0x00,0x00,0x00,0x00,0x5C,0x00,0x00,0x00,0x00,0x00,0x00,0x00,0x00,0x00,
  0x00,0x00,0x00,0x9C,0xFF,0xFF,0xFF,0x78,0x00,0x00,0x00,0x00,0x00,0x00,0x00,0x00,
  0x5C,0x00,0x00,0x00,0x00,0x00,0x00,0x00,0x00,0x00,0x00,0x00,0x00,0x0E,0xE3,0xFF,
  0xFF,0x78,0x00,0x00,0x00,0x00,0x00,0x00,0x00,0x00,0x83,0x00,0x00,0x00,0x00,0x00,
  0x00,0x00,0x00,0x00,0x00,0x00,0x00,0x00,0x48,0xFF,0xFF,0x78,0x00,0x00,0x00,0x00,
  0x00,0x00,0x00,0x1C,0xEB,0x27,0x00,0x00,0x00,0x00,0x00,0x00,0x00,0x00,0x00,0x00,
  0x00,0x00,0x00,0x9C,0xFF,0x78,0x00,0x00,0x00,0x00,0x39,0x61,0x84,0xE8,0xFF,0xEC,
  0x88,0x63,0x3F,0x00,0x00,0x00,0x00,0x00,0x00,0x00,0x00,0x00,0x00,0x0E,0xE2,0x78,
  0x00,0x00,0x00,0x00,0x00,0x00,0x00,0x00,0x00,0x00,0x21,0x76,0x9F,0x77,0x63,0x5B,
  0x65,0x7D,0x9A,0x56,0x08,0x00,0x00,0x00,0x00,0x00,0x00,0x00,0x00,0x00,0x00,0x17,
  0xA2,0xFA,0x83,0x05,0x00,0x00,0x00,0x00,0x00,0x14,0xB4,0xE6,0x61,0x00,0x00,0x00,
  0x00,0x00,0x00,0x00,0x00,0x36,0xE7,0xFF,0x6E,0x00,0x00,0x00,0x00,0x00,0x00,0x00,
  0x00,0x01,0xB6,0xFF,0xA5,0x05,0x00,0x00,0x00,0x00,0x00,0x2C,0xF0,0xFF,0xBA,0x00,
  0x00,0x00,0x00,0x00,0x00,0x00,0x00,0x00,0x00,0x14,0xF3,0xFF,0xA8,0x00,0x00,0x00,
  0x00,0x07,0xD4,0xFF,0xFF,0x42,0x00,0x00,0x00,0x00,0x00,0x00,0x00,0x00,0x00,0x00,
  0x00,0x92,0xFF,0xFF,0x6A,0x00,0x00,0x00,0x6E,0xFF,0xFF,0xE5,0x00,0x00,0x00,0x00,
  0x00,0x00,0x00,0x00,0x00,0x00,0x00,0x00,0x36,0xFF,0xFF,0xEF,0x11,0x00,0x01,0xE0,
  0xFF,0xFF,0xA4,0x00,0x00,0x00,0x00,0x00,0x00,0x00,0x00,0x00,0x00,0x00,0x00,0x04,
  0xF2,0xFF,0xFF,0x79,0x00,0x3C,0xFF,0xFF,0xFF,0x6D,0x00,0x00,0x00,0x00,0x00,0x00,
  0x00,0x00,0x00,0x00,0x00,0x00,0x00,0xC0,0xFF,0xFF,0xD8,0x00,0x7F,0xFF,0xFF,0xFF,
  0x4C,0x00,0x00,0x00,0x00,0x00,0x00,0x00,0x00,0x00,0x00,0x00,0x00,0x00,0xA0,0xFF,
  0xFF,0xFF,0x20,0xB3,0xFF,0xFF,0xFF,0x2C,0x00,0x00,0x00,0x00,0x00,0x00,0x00,0x00,
  0x00,0x00,0x00,0x00,0x00,0x80,0xFF,0xFF,0xFF,0x59,0xD7,0xFF,0xFF,0xFF,0x19,0x00,
  0x00,0x00,0x00,0x00,0x00,0x00,0x00,0x00,0x00,0x00,0x00,0x00,0x6E,0xFF,0xFF,0xFF,
  0x7D,0xED,0xFF,0xFF,0xFF,0x10,0x00,0x00,0x00,0x00,0x00,0x00,0x00,0x00,0x00,0x00,
  0x00,0x00,0x00,0x65,0xFF,0xFF,0xFF,0x97,0xF7,0xFF,0xFF,0xFF,0x07,0x00,0x00,0x00,
  0x00,0x00,0x00,0x00,0x00,0x00,0x00,0x00,0x00,0x00,0x5C,0xFF,0xFF,0xFF,0xA2,0xF7,
  0xFF,0xFF,0xFF,0x08,0x00,0x00,0x00,0x00,0x00,0x00,0x00,0x00,0x00,0x00,0x00,0x00,
  0x00,0x5D,0xFF,0xFF,0xFF,0xA1,0xEC,0xFF,0xFF,0xFF,0x10,0x00,0x00,0x00,0x00,0x00,
  0x00,0x00,0x00,0x00,0x00,0x00,0x00,0x00,0x66,0xFF,0xFF,0xFF,0x96,0xD4,0xFF,0xFF,
  0xFF,0x19,0x00,0x00,0x00,0x00,0x00,0x00,0x00,0x00,0x00,0x00,0x00,0x00,0x00,0x6F,
  0xFF,0xFF,0xFF,0x7C,0xB0,0xFF,0xFF,0xFF,0x2C,0x00,0x00,0x00,0x00,0x00,0x00,0x00,
  0x00,0x00,0x00,0x00,0x00,0x00,0x81,0xFF,0xFF,0xFF,0x57,0x7A,0xFF,0xFF,0xFF,0x4B,
  0x00,0x00,0x00,0x00,0x00,0x00,0x00,0x00,0x00,0x00,0x00,0x00,0x00,0xA1,0xFF,0xFF,
  0xFF,0x1E,0x36,0xFF,0xFF,0xFF,0x6C,0x00,0x00,0x00,0x00,0x00,0x00,0x00,0x00,0x00,
  0x00,0x00,0x00,0x00,0xC1,0xFF,0xFF,0xD6,0x00,0x00,0xDB,0xFF,0xFF,0xA2,0x00,0x00,
  0x00,0x00,0x00,0x00,0x00,0x00,0x00,0x00,0x00,0x00,0x04,0xF3,0xFF,0xFF,0x76,0x00,
  0x00,0x67,0xFF,0xFF,0xE1,0x00,0x00,0x00,0x00,0x00,0x00,0x00,0x00,0x00,0x00,0x00,
  0x00,0x37,0xFF,0xFF,0xED,0x0F,0x00,0x00,0x05,0xCF,0xFF,0xFF,0x3D,0x00,0x00,0x00,
  0x00,0x00,0x00,0x00,0x00,0x00,0x00,0x00,0x93,0xFF,0xFF,0x64,0x00,0x00,0x00,0x00,
  0x28,0xED,0xFF,0xB3,0x00,0x00,0x00,0x00,0x00,0x00,0x00,0x00,0x00,0x00,0x14,0xF3,
  0xFF,0xA1,0x00,0x00,0x00,0x00,0x00,0x00,0x33,0xE5,0xFF,0x65,0x00,0x00,0x00,0x00,
  0x00,0x00,0x00,0x00,0x01,0xB5,0xFF,0x9C,0x03,0x00,0x00,0x00,0x00,0x00,0x00,0x00,
  0x16,0xA1,0xF9,0x7B,0x03,0x00,0x00,0x00,0x00,0x00,0x15,0xB4,0xE1,0x59,0x00,0x00,
  0x00,0x00,0x00,0x00,0x00,0x00,0x00,0x00,0x00,0x21,0x78,0x9E,0x75,0x62,0x5B,0x66,
  0x7C,0x98,0x52,0x06,0x00,0x00,0x00,0x00,0x00,0x00,0x39,0x70,0xB4,0xFF,0xFF,0xFF,
  0xFF,0xA1,0x5C,0x5C,0x66,0x78,0xB1,0xB0,0x73,0x15,0x00,0x00,0x00,0x00,0x00,0x00,
  0x00,0x9A,0xFF,0xFF,0xFF,0x6C,0x00,0x00,0x00,0x00,0x01,0x6A,0xFD,0xF9,0x7A,0x02,
  0x00,0x00,0x00,0x00,0x00,0x47,0xFF,0xFF,0xFF,0x6C,0x00,0x00,0x00,0x00,0x00,0x00,
  0x8F,0xFF,0xFF,0x9A,0x00,0x00,0x00,0x00,0x00,0x38,0xFF,0xFF,0xFF,0x6C,0x00,0x00,
  0x00,0x00,0x00,0x00,0x1E,0xFF,0xFF,0xFF,0x56,0x00,0x00,0x00,0x00,0x38,0xFF,0xFF,
  0xFF,0x6C,0x00,0x00,0x00,0x00,0x00,0x00,0x00,0xD6,0xFF,0xFF,0xD1,0x00,0x00,0x00,
  0x00,0x38,0xFF,0xFF,0xFF,0x6C,0x00,0x00,0x00,0x00,0x00,0x00,0x00,0xAE,0xFF,0xFF,
  0xFF,0x1C,0x00,0x00,0x00,0x38,0xFF,0xFF,0xFF,0x6C,0x00,0x00,0x00,0x00,0x00,0x00,
  0x00,0x99,0xFF,0xFF,0xFF,0x42,0x00,0x00,0x00,0x38,0xFF,0xFF,0xFF,0x6C,0x00,0x00,
  0x00,0x00,0x00,0x00,0x00,0x8F,0xFF,0xFF,0xFF,0x51,0x00,0x00,0x00,0x38,0xFF,0xFF,
  0xFF,0x6C,0x00,0x00,0x00,0x00,0x00,0x00,0x00,0x97,0xFF,0xFF,0xFF,0x3B,0x00,0x00,
  0x00,0x38,0xFF,0xFF,0xFF,0x6C,0x00,0x00,0x00,0x00,0x00,0x00,0x00,0xA5,0xFF,0xFF,
  0xFF,0x1A,0x00,0x00,0x00,0x38,0xFF,0xFF,0xFF,0x6C,0x00,0x00,0x00,0x00,0x00,0x00,
  0x00,0xC9,0xFF,0xFF,0xC8,0x00,0x00,0x00,0x00,0x38,0xFF,0xFF,0xFF,0x6C,0x00,0x00,
  0x00,0x00,0x00,0x00,0x0A,0xF5,0xFF,0xFF,0x65,0x00,0x00,0x00,0x00,0x38,0xFF,0xFF,
  0xFF,0x6C,0x00,0x00,0x00,0x00,0x00,0x00,0x5B,0xFF,0xFF,0xC3,0x03,0x00,0x00,0x00,
  0x00,0x38,0xFF,0xFF,0xFF,0x6C,0x00,0x00,0x00,0x00,0x00,0x15,0xE1,0xFF,0xC3,0x12,
  0x00,0x00,0x00,0x00,0x00,0x38,0xFF,0xFF,0xFF,0x6C,0x00,0x00,0x00,0x03,0x4D,0xDB,
  0xE4,0x70,0x03,0x00,0x00,0x00,0x00,0x00,0x00,0x38,0xFF,0xFF,0xFF,0xA1,0x5C,0x5F,
  0x69,0x85,0x71,0x3A,0x03,0x00,0x00,0x00,0x00,0x00,0x00,0x00,0x00,0x38,0xFF,0xFF,
  0xFF,0x6C,0x00,0x00,0x00,0x00,0x00,0x00,0x00,0x00,0x00,0x00,0x00,0x00,0x00,0x00,
  0x00,0x38,0xFF,0xFF,0xFF,0x6C,0x00,0x00,0x00,0x00,0x00,0x00,0x00,0x00,0x00,0x00,
  0x00,0x00,0x00,0x00,0x00,0x38,0xFF,0xFF,0xFF,0x6C,0x00,0x00,0x00,0x00,0x00,0x00,
  0x00,0x00,0x00,0x00,0x00,0x00,0x00,0x00,0x00,0x38,0xFF,0xFF,0xFF,0x6C,0x00,0x00,
  0x00,0x00,0x00,0x00,0x00,0x00,0x00,0x00,0x00,0x00,0x00,0x00,0x00,0x38,0xFF,0xFF,
  0xFF,0x6C,0x00,0x00,0x00,0x00,0x00,0x00,0x00,0x00,0x00,0x00,0x00,0x00,0x00,0x00,
  0x00,0x38,0xFF,0xFF,0xFF,0x6C,0x00,0x00,0x00,0x00,0x00,0x00,0x00,0x00,0x00,0x00,
  0x00,0x00,0x00,0x00,0x00,0x38,0xFF,0xFF,0xFF,0x6C,0x00,0x00,0x00,0x00,0x00,0x00,
  0x00,0x00,0x00,0x00,0x00,0x00,0x00,0x00,0x00,0x4C,0xFF,0xFF,0xFF,0x81,0x00,0x00,
  0x00,0x00,0x00,0x00,0x00,0x00,0x00,0x00,0x00,0x00,0x00,0x00,0x00,0xA2,0xFF,0xFF,
  0xFF,0xD3,0x06,0x00,0x00,0x00,0x00,0x00,0x00,0x00,0x00,0x00,0x00,0x00,0x39,0x71,
  0xB9,0xFF,0xFF,0xFF,0xFF,0xFF,0xD3,0x78,0x4F,0x00,0x00,0x00,0x00,0x00,0x00,0x00,
  0x00,0x00,0x00,0x00,0x00,0x00,0x00,0x00,0x1A,0x71,0xA4,0x80,0x6B,0x63,0x6E,0x86,
  0x9B,0x4F,0x05,0x00,0x00,0x00,0x00,0x00,0x00,0x00,0x00,0x00,0x00,0x0F,0x94,0xFA,
  0x96,0x0A,0x00,0x00,0x00,0x00,0x00,0x1E,0xC5,0xDE,0x52,0x00,0x00,0x00,0x00,0x00,
  0x00,0x00,0x00,0x27,0xDB,0xFF,0x84,0x00,0x00,0x00,0x00,0x00,0x00,0x00,0x00,0x05,
  0xC7,0xFF,0x8E,0x01,0x00,0x00,0x00,0x00,0x00,0x1D,0xE4,0xFF,0xCB,0x03,0x00,0x00,
  0x00,0x00,0x00,0x00,0x00,0x00,0x00,0x21,0xFA,0xFF,0x8C,0x00,0x00,0x00,0x00,0x01,
  0xBF,0xFF,0xFF,0x56,0x00,0x00,0x00,0x00,0x00,0x00,0x00,0x00,0x00,0x00,0x00,0xA6,
  0xFF,0xFF,0x4D,0x00,0x00,0x00,0x55,0xFF,0xFF,0xF0,0x04,0x00,0x00,0x00,0x00,0x00,
  0x00,0x00,0x00,0x00,0x00,0x00,0x45,0xFF,0xFF,0xDF,0x05,0x00,0x00,0xCB,0xFF,0xFF,
  0xB4,0x00,0x00,0x00,0x00,0x00,0x00,0x00,0x00,0x00,0x00,0x00,0x00,0x0B,0xFB,0xFF,
  0xFF,0x60,0x00,0x26,0xFF,0xFF,0xFF,0x79,0x00,0x00,0x00,0x00,0x00,0x00,0x00,0x00,
  0x00,0x00,0x00,0x00,0x00,0xCC,0xFF,0xFF,0xC0,0x00,0x6D,0xFF,0xFF,0xFF,0x56,0x00,
  0x00,0x00,0x00,0x00,0x00,0x00,0x00,0x00,0x00,0x00,0x00,0x00,0xAA,0xFF,0xFF,0xFD,
  0x0F,0xA4,0xFF,0xFF,0xFF,0x37,0x00,0x00,0x00,0x00,0x00,0x00,0x00,0x00,0x00,0x00,
  0x00,0x00,0x00,0x8B,0xFF,0xFF,0xFF,0x48,0xCA,0xFF,0xFF,0xFF,0x1E,0x00,0x00,0x00,
  0x00,0x00,0x00,0x00,0x00,0x00,0x00,0x00,0x00,0x00,0x72,0xFF,0xFF,0xFF,0x70,0xE7,
  0xFF,0xFF,0xFF,0x14,0x00,0x00,0x00,0x00,0x00,0x00,0x00,0x00,0x00,0x00,0x00,0x00,
  0x00,0x69,0xFF,0xFF,0xFF,0x90,0xF4,0xFF,0xFF,0xFF,0x0C,0x00,0x00,0x00,0x00,0x00,
  0x00,0x00,0x00,0x00,0x00,0x00,0x00,0x00,0x61,0xFF,0xFF,0xFF,0x9D,0xF9,0xFF,0xFF,
  0xFF,0x06,0x00,0x00,0x00,0x00,0x00,0x00,0x00,0x00,0x00,0x00,0x00,0x00,0x00,0x5A,
  0xFF,0xFF,0xFF,0xA4,0xF2,0xFF,0xFF,0xFF,0x0C,0x00,0x00,0x00,0x00,0x00,0x00,0x00,
  0x00,0x00,0x00,0x00,0x00,0x00,0x61,0xFF,0xFF,0xFF,0x98,0xE3,0xFF,0xFF,0xFF,0x14,
  0x00,0x00,0x00,0x00,0x00,0x00,0x00,0x00,0x00,0x00,0x00,0x00,0x00,0x6A,0xFF,0xFF,
  0xFF,0x8A,0xC5,0xFF,0xFF,0xFF,0x1E,0x00,0x00,0x00,0x00,0x00,0x00,0x00,0x00,0x00,
  0x00,0x00,0x00,0x00,0x73,0xFF,0xFF,0xFF,0x6C,0x9B,0xFF,0xFF,0xFF,0x37,0x00,0x00,
  0x00,0x00,0x00,0x00,0x00,0x00,0x00,0x00,0x00,0x00,0x00,0x8D,0xFF,0xFF,0xFF,0x3D,
  0x63,0xFF,0xFF,0xFF,0x56,0x00,0x00,0x00,0x00,0x00,0x00,0x00,0x00,0x00,0x00,0x00,
  0x00,0x00,0xAC,0xFF,0xFF,0xF9,0x0D,0x19,0xFE,0xFF,0xFF,0x7A,0x00,0x00,0x00,0x00,
  0x00,0x00,0x00,0x00,0x00,0x00,0x00,0x00,0x00,0xCE,0xFF,0xFF,0xB3,0x00,0x00,0xBA,
  0xFF,0xFF,0xB4,0x00,0x00,0x00,0x00,0x00,0x00,0x00,0x00,0x00,0x00,0x00,0x00,0x0C,
  0xFC,0xFF,0xFF,0x56,0x00,0x00,0x43,0xFF,0xFF,0xEF,0x04,0x00,0x00,0x00,0x00,0x00,
  0x00,0x00,0x00,0x00,0x00,0x00,0x48,0xFF,0xFF,0xD3,0x02,0x00,0x00,0x00,0xAB,0xFF,
  0xFF,0x54,0x00,0x00,0x00,0x00,0x00,0x00,0x00,0x00,0x00,0x00,0x00,0xAA,0xFF,0xFD,
  0x44,0x00,0x00,0x00,0x00,0x0F,0xD8,0xFF,0xC9,0x02,0x00,0x00,0x00,0x00,0x00,0x00,
  0x00,0x00,0x00,0x25,0xFB,0xFF,0x7B,0x00,0x00,0x00,0x00,0x00,0x00,0x19,0xD0,0xFF,
  0x81,0x00,0x00,0x00,0x00,0x00,0x00,0x00,0x00,0x07,0xCB,0xFE,0x7B,0x00,0x00,0x00,
  0x00,0x00,0x00,0x00,0x00,0x07,0x82,0xF1,0x95,0x0C,0x00,0x00,0x00,0x00,0x00,0x25,
  0xCB,0xCB,0x42,0x00,0x00,0x00,0x00,0x00,0x00,0x00,0x00,0x00,0x00,0x00,0x0F,0x5E,
  0x96,0x79,0x7E,0x6F,0x86,0xAA,0x85,0x3D,0x00,0x00,0x00,0x00,0x00,0x00,0x00,0x00,
  0x00,0x00,0x00,0x00,0x00,0x00,0x00,0x00,0x1C,0xFF,0xFF,0xFF,0xD4,0x00,0x00,0x00,
  0x00,0x00,0x00,0x00,0x00,0x00,0x00,0x00,0x00,0x00,0x00,0x00,0x00,0x00,0x00,0x02,
  0xF2,0xFF,0xFF,0xEE,0x00,0x00,0x00,0x00,0x00,0x00,0x00,0x00,0x00,0x00,0x00,0x00,
  0x00,0x00,0x00,0x00,0x00,0x00,0x00,0xB6,0xFF,0xFF,0xFF,0x15,0x00,0x00,0x00,0x00,
  0x00,0x00,0x00,0x00,0x00,0x00,0x00,0x00,0x00,0x00,0x00,0x00,0x00,0x00,0x5B,0xFF,
  0xFF,0xFF,0x4D,0x00,0x00,0x00,0x00,0x00,0x00,0x00,0x00,0x00,0x00,0x00,0x00,0x00,
  0x00,0x00,0x00,0x00,0x00,0x03,0xD2,0xFF,0xFF,0xA0,0x00,0x00,0x00,0x00,0x00,0x00,
  0x00,0x00,0x00,0x00,0x00,0x00,0x00,0x00,0x00,0x00,0x00,0x00,0x00,0x27,0xEB,0xFF,
  0xF9,0x24,0x00,0x00,0x00,0x00,0x00,0x00,0x00,0x00,0x00,0x00,0x00,0x00,0x00,0x00,
  0x00,0x00,0x00,0x00,0x00,0x25,0xCB,0xFF,0xD1,0x1B,0x00,0x00,0x00,0x00,0x00,0x00,
  0x00,0x00,0x00,0x00,0x00,0x00,0x00,0x00,0x00,0x00,0x00,0x00,0x00,0x01,0x48,0x99,
  0xCC,0x94,0x71,0x40,0x00,0x00,0x00,0x39,0x70,0xB4,0xFF,0xFF,0xFF,0xFF,0xA1,0x5C,
  0x5C,0x61,0x72,0xA3,0xAB,0x6E,0x19,0x00,0x00,0x00,0x00,0x00,0x00,0x00,0x00,0x00,
  0x00,0x9A,0xFF,0xFF,0xFF,0x6C,0x00,0x00,0x00,0x00,0x00,0x57,0xF7,0xFB,0x8D,0x09,
  0x00,0x00,0x00,0x00,0x00,0x00,0x00,0x00,0x47,0xFF,0xFF,0xFF,0x6C,0x00,0x00,0x00,
  0x00,0x00,0x00,0x76,0xFF,0xFF,0xBE,0x07,0x00,0x00,0x00,0x00,0x00,0x00,0x00,0x38,
  0xFF,0xFF,0xFF,0x6C,0x00,0x00,0x00,0x00,0x00,0x00,0x0E,0xF7,0xFF,0xFF,0x80,0x00,
  0x00,0x00,0x00,0x00,0x00,0x00,0x38,0xFF,0xFF,0xFF,0x6C,0x00,0x00,0x00,0x00,0x00,
  0x00,0x00,0xC6,0xFF,0xFF,0xEB,0x03,0x00,0x00,0x00,0x00,0x00,0x00,0x38,0xFF,0xFF,
  0xFF,0x6C,0x00,0x00,0x00,0x00,0x00,0x00,0x00,0xA0,0xFF,0xFF,0xFF,0x2D,0x00,0x00,
  0x00,0x00,0x00,0x00,0x38,0xFF,0xFF,0xFF,0x6C,0x00,0x00,0x00,0x00,0x00,0x00,0x00,
  0x92,0xFF,0xFF,0xFF,0x44,0x00,0x00,0x00,0x00,0x00,0x00,0x38,0xFF,0xFF,0xFF,0x6C,
  0x00,0x00,0x00,0x00,0x00,0x00,0x00,0x93,0xFF,0xFF,0xFF,0x35,0x00,0x00,0x00,0x00,
  0x00,0x00,0x38,0xFF,0xFF,0xFF,0x6C,0x00,0x00,0x00,0x00,0x00,0x00,0x00,0xA3,0xFF,
  0xFF,0xFD,0x14,0x00,0x00,0x00,0x00,0x00,0x00,0x38,0xFF,0xFF,0xFF,0x6C,0x00,0x00,
  0x00,0x00,0x00,0x00,0x00,0xCB,0xFF,0xFF,0xB6,0x00,0x00,0x00,0x00,0x00,0x00,0x00,
  0x38,0xFF,0xFF,0xFF,0x6C,0x00,0x00,0x00,0x00,0x00,0x00,0x17,0xFC,0xFF,0xF6,0x30,
  0x00,0x00,0x00,0x00,0x00,0x00,0x00,0x38,0xFF,0xFF,0xFF,0x6C,0x00,0x00,0x00,0x00,
  0x00,0x00,0x95,0xFF,0xF0,0x4B,0x00,0x00,0x00,0x00,0x00,0x00,0x00,0x00,0x38,0xFF,
  0xFF,0xFF,0x6C,0x00,0x00,0x00,0x00,0x16,0x95,0xFA,0xA1,0x20,0x00,0x00,0x00,0x00,
  0x00,0x00,0x00,0x00,0x00,0x38,0xFF,0xFF,0xFF,0xA1,0x5C,0x6D,0xB9,0xD3,0xFD,0xD3,
  0x13,0x00,0x00,0x00,0x00,0x00,0x00,0x00,0x00,0x00,0x00,0x00,0x38,0xFF,0xFF,0xFF,
  0x6C,0x00,0x02,0xCB,0xFF,0xFF,0xFF,0x47,0x00,0x00,0x00,0x00,0x00,0x00,0x00,0x00,
  0x00,0x00,0x00,0x38,0xFF,0xFF,0xFF,0x6C,0x00,0x00,0x34,0xFD,0xFF,0xFF,0xDD,0x09,
  0x00,0x00,0x00,0x00,0x00,0x00,0x00,0x00,0x00,0x00,0x38,0xFF,0xFF,0xFF,0x6C,0x00,
  0x00,0x00,0x95,0xFF,0xFF,0xFF,0x85,0x00,0x00,0x00,0x00,0x00,0x00,0x00,0x00,0x00,
  0x00,0x38,0xFF,0xFF,0xFF,0x6C,0x00,0x00,0x00,0x10,0xE8,0xFF,0xFF,0xFA,0x2A,0x00,
  0x00,0x00,0x00,0x00,0x00,0x00,0x00,0x00,0x38,0xFF,0xFF,0xFF,0x6C,0x00,0x00,0x00,
  0x00,0x5C,0xFF,0xFF,0xFF,0xC3,0x01,0x00,0x00,0x00,0x00,0x00,0x00,0x00,0x00,0x38,
  0xFF,0xFF,0xFF,0x6C,0x00,0x00,0x00,0x00,0x00,0xBE,0xFF,0xFF,0xFF,0x63,0x00,0x00,
  0x00,0x00,0x00,0x00,0x00,0x00,0x38,0xFF,0xFF,0xFF,0x6C,0x00,0x00,0x00,0x00,0x00,
  0x28,0xF9,0xFF,0xFF,0xED,0x15,0x00,0x00,0x00,0x00,0x00,0x00,0x00,0x38,0xFF,0xFF,
  0xFF,0x6C,0x00,0x00,0x00,0x00,0x00,0x00,0x86,0xFF,0xFF,0xFF,0xA3,0x00,0x00,0x00,
  0x00,0x00,0x00,0x00,0x38,0xFF,0xFF,0xFF,0x6C,0x00,0x00,0x00,0x00,0x00,0x00,0x09,
  0xDE,0xFF,0xFF,0xFF,0x46,0x00,0x00,0x00,0x00,0x00,0x00,0x4C,0xFF,0xFF,0xFF,0x81,
  0x00,0x00,0x00,0x00,0x00,0x00,0x00,0x42,0xFE,0xFF,0xFF,0xE3,0x11,0x00,0x00,0x00,
  0x00,0x00,0xA2,0xFF,0xFF,0xFF,0xD3,0x06,0x00,0x00,0x00,0x00,0x00,0x00,0x00,0x77,
  0xFF,0xFF,0xFF,0xB8,0x07,0x00,0x39,0x71,0xB9,0xFF,0xFF,0xFF,0xFF,0xFF,0xD3,0x78,
  0x4F,0x00,0x00,0x00,0x00,0x00,0x00,0x44,0xA8,0xDB,0xF2,0xCC,0x5C,0x00,0x00,0x00,
  0x00,0x23,0x85,0x94,0x67,0x58,0x5D,0x8F,0xA8,0x5F,0x06,0x00,0x00,0x00,0x00,0x00,
  0x02,0x86,0xFB,0x7E,0x00,0x00,0x00,0x00,0x00,0x61,0xFF,0xE3,0x3E,0x00,0x00,0x00,
  0x00,0x96,0xFF,0xB7,0x00,0x00,0x00,0x00,0x00,0x00,0x00,0xC0,0xFF,0xF9,0x2E,0x00,
  0x00,0x3A,0xFF,0xFF,0x54,0x00,0x00,0x00,0x00,0x00,0x00,0x00,0x69,0xFF,0xFF,0x9D,
  0x00,0x00,0x98,0xFF,0xFF,0x28,0x00,0x00,0x00,0x00,0x00,0x00,0x00,0x3A,0xFF,0xFF,
  0xA3,0x00,0x00,0xC9,0xFF,0xFF,0x24,0x00,0x00,0x00,0x00,0x00,0x00,0x00,0x25,0xFF,
  0xDD,0x27,0x00,0x00,0xDA,0xFF,0xFF,0x3E,0x00,0x00,0x00,0x00,0x00,0x00,0x00,0x07,
  0x2D,0x03,0x00,0x00,0x00,0xC9,0xFF,0xFF,0x8A,0x00,0x00,0x00,0x00,0x00,0x00,0x00,
  0x00,0x00,0x00,0x00,0x00,0x00,0x9B,0xFF,0xFF,0xF4,0x2E,0x00,0x00,0x00,0x00,0x00,
  0x00,0x00,0x00,0x00,0x00,0x00,0x00,0x41,0xFF,0xFF,0xFF,0xEC,0x4E,0x00,0x00,0x00,
  0x00,0x00,0x00,0x00,0x00,0x00,0x00,0x00,0x00,0xAD,0xFF,0xFF,0xFF,0xFF,0xB6,0x31,
  0x00,0x00,0x00,0x00,0x00,0x00,0x00,0x00,0x00,0x00,0x0B,0xC0,0xFF,0xFF,0xFF,0xFF,
  0xFF,0xB3,0x38,0x00,0x00,0x00,0x00,0x00,0x00,0x00,0x00,0x00,0x03,0x7B,0xFA,0xFF,
  0xFF,0xFF,0xFF,0xFF,0xBC,0x36,0x00,0x00,0x00,0x00,0x00,0x00,0x00,0x00,0x00,0x2A,
  0xA9,0xFD,0xFF,0xFF,0xFF,0xFF,0xFF,0xA0,0x0D,0x00,0x00,0x00,0x00,0x00,0x00,0x00,
  0x00,0x00,0x2A,0xA4,0xFC,0xFF,0xFF,0xFF,0xFF,0xD9,0x15,0x00,0x00,0x00,0x00,0x00,
  0x00,0x00,0x00,0x00,0x00,0x22,0xA7,0xFE,0xFF,0xFF,0xFF,0xC4,0x00,0x00,0x00,0x00,
  0x00,0x00,0x00,0x00,0x00,0x00,0x00,0x00,0x46,0xEA,0xFF,0xFF,0xFF,0x45,0x00,0x00,
  0x00,0x00,0x00,0x00,0x00,0x00,0x00,0x00,0x00,0x00,0x35,0xF9,0xFF,0xFF,0x91,0x00,
  0x02,0x3C,0x1B,0x00,0x00,0x00,0x00,0x00,0x00,0x00,0x00,0x00,0xA4,0xFF,0xFF,0xB0,
  0x01,0xBA,0xFF,0x5C,0x00,0x00,0x00,0x00,0x00,0x00,0x00,0x00,0x00,0x68,0xFF,0xFF,
  0xB4,0x2C,0xFF,0xFF,0x74,0x00,0x00,0x00,0x00,0x00,0x00,0x00,0x00,0x00,0x55,0xFF,
  0xFF,0x97,0x37,0xFF,0xFF,0xA3,0x00,0x00,0x00,0x00,0x00,0x00,0x00,0x00,0x00,0x68,
  0xFF,0xFF,0x51,0x0B,0xF1,0xFF,0xEB,0x04,0x00,0x00,0x00,0x00,0x00,0x00,0x00,0x00,
  0xA2,0xFF,0xD5,0x04,0x00,0x6B,0xFF,0xFF,0x68,0x00,0x00,0x00,0x00,0x00,0x00,0x00,
  0x21,0xF7,0xEF,0x30,0x00,0x00,0x00,0x69,0xF3,0xF5,0x45,0x00,0x00,0x00,0x00,0x00,
  0x25,0xD7,0xCC,0x2B,0x00,0x00,0x00,0x00,0x00,0x16,0x73,0xB7,0x9A,0x68,0x58,0x59,
  0x79,0x95,0x46,0x01,0x00,0x00,0x00,0x15,0xFF,0xFF,0xC6,0x83,0x66,0x5C,0x5C,0x5C,
  0xE1,0xFF,0xFF,0xE1,0x5C,0x5C,0x5C,0x65,0x80,0xC0,0xFF,0xFF,0x23,0x1D,0xFF,0x62,
  0x00,0x00,0x00,0x00,0x00,0x00,0xD0,0xFF,0xFF,0xD0,0x00,0x00,0x00,0x00,0x00,0x00,
  0x51,0xFC,0x2C,0x26,0xB7,0x00,0x00,0x00,0x00,0x00,0x00,0x00,0xD0,0xFF,0xFF,0xD0,
  0x00,0x00,0x00,0x00,0x00,0x00,0x00,0xA1,0x35,0x2F,0x65,0x00,0x00,0x00,0x00,0x00,
  0x00,0x00,0xD0,0xFF,0xFF,0xD0,0x00,0x00,0x00,0x00,0x00,0x00,0x00,0x50,0x3E,0x38,
  0x3A,0x00,0x00,0x00,0x00,0x00,0x00,0x00,0xD0,0xFF,0xFF,0xD0,0x00,0x00,0x00,0x00,
  0x00,0x00,0x00,0x27,0x47,0x41,0x21,0x00,0x00,0x00,0x00,0x00,0x00,0x00,0xD0,0xFF,
  0xFF,0xD0,0x00,0x00,0x00,0x00,0x00,0x00,0x00,0x0F,0x50,0x19,0x08,0x00,0x00,0x00,
  0x00,0x00,0x00,0x00,0xD0,0xFF,0xFF,0xD0,0x00,0x00,0x00,0x00,0x00,0x00,0x00,0x02,
  0x1E,0x00,0x00,0x00,0x00,0x00,0x00,0x00,0x00,0x00,0xD0,0xFF,0xFF,0xD0,0x00,0x00,
  0x00,0x00,0x00,0x00,0x00,0x00,0x00,0x00,0x00,0x00,0x00,0x00,0x00,0x00,0x00,0x00,
  0xD0,0xFF,0xFF,0xD0,0x00,0x00,0x00,0x00,0x00,0x00,0x00,0x00,0x00,0x00,0x00,0x00,
  0x00,0x00,0x00,0x00,0x00,0x00,0xD0,0xFF,0xFF,0xD0,0x00,0x00,0x00,0x00,0x00,0x00,
  0x00,0x00,0x00,0x00,0x00,0x00,0x00,0x00,0x00,0x00,0x00,0x00,0xD0,0xFF,0xFF,0xD0,
  0x00,0x00,0x00,0x00,0x00,0x00,0x00,0x00,0x00,0x00,0x00,0x00,0x00,0x00,0x00,0x00,
  0x00,0x00,0xD0,0xFF,0xFF,0xD0,0x00,0x00,0x00,0x00,0x00,0x00,0x00,0x00,0x00,0x00,
  0x00,0x00,0x00,0x00,0x00,0x00,0x00,0x00,0xD0,0xFF,0xFF,0xD0,0x00,0x00,0x00,0x00,
  0x00,0x00,0x00,0x00,0x00,0x00,0x00,0x00,0x00,0x00,0x00,0x00,0x00,0x00,0xD0,0xFF,
  0xFF,0xD0,0x00,0x00,0x00,0x00,0x00,0x00,0x00,0x00,0x00,0x00,0x00,0x00,0x00,0x00,
  0x00,0x00,0x00,0x00,0xD0,0xFF,0xFF,0xD0,0x00,0x00,0x00,0x00,0x00,0x00,0x00,0x00,
  0x00,0x00,0x00,0x00,0x00,0x00,0x00,0x00,0x00,0x00,0xD0,0xFF,0xFF,0xD0,0x00,0x00,
  0x00,0x00,0x00,0x00,0x00,0x00,0x00,0x00,0x00,0x00,0x00,0x00,0x00,0x00,0x00,0x00,
  0xD0,0xFF,0xFF,0xD0,0x00,0x00,0x00,0x00,0x00,0x00,0x00,0x00,0x00,0x00,0x00,0x00,
  0x00,0x00,0x00,0x00,0x00,0x00,0xD0,0xFF,0xFF,0xD0,0x00,0x00,0x00,0x00,0x00,0x00,
  0x00,0x00,0x00,0x00,0x00,0x00,0x00,0x00,0x00,0x00,0x00,0x00,0xD0,0xFF,0xFF,0xD0,
  0x00,0x00,0x00,0x00,0x00,0x00,0x00,0x00,0x00,0x00,0x00,0x00,0x00,0x00,0x00,0x00,
  0x00,0x00,0xD0,0xFF,0xFF,0xD0,0x00,0x00,0x00,0x00,0x00,0x00,0x00,0x00,0x00,0x00,
  0x00,0x00,0x00,0x00,0x00,0x00,0x00,0x00,0xD0,0xFF,0xFF,0xD0,0x00,0x00,0x00,0x00,
  0x00,0x00,0x00,0x00,0x00,0x00,0x00,0x00,0x00,0x00,0x00,0x00,0x00,0x00,0xD0,0xFF,
  0xFF,0xD0,0x00,0x00,0x00,0x00,0x00,0x00,0x00,0x00,0x00,0x00,0x00,0x00,0x00,0x00,
  0x00,0x00,0x00,0x00,0xD0,0xFF,0xFF,0xD0,0x00,0x00,0x00,0x00,0x00,0x00,0x00,0x00,
  0x00,0x00,0x00,0x00,0x00,0x00,0x00,0x00,0x00,0x00,0xE4,0xFF,0xFF,0xE3,0x00,0x00,
  0x00,0x00,0x00,0x00,0x00,0x00,0x00,0x00,0x00,0x00,0x00,0x00,0x00,0x00,0x00,0x3B,
  0xFF,0xFF,0xFF,0xFF,0x3B,0x00,0x00,0x00,0x00,0x00,0x00,0x00,0x00,0x00,0x00,0x00,
  0x00,0x00,0x15,0x65,0x90,0xF3,0xFF,0xFF,0xFF,0xFF,0xF3,0x90,0x65,0x15,0x00,0x00,
  0x00,0x00,0x00,0x29,0x6A,0xA1,0xFB,0xFF,0xFF,0xFF,0xFF,0xE1,0x80,0x60,0x01,0x00,
  0x00,0x00,0x00,0x00,0x00,0x57,0x7A,0xD6,0xFF,0xF5,0x93,0x66,0x18,0x00,0x00,0x00,
  0x6B,0xFF,0xFF,0xFF,0xEA,0x14,0x00,0x00,0x00,0x00,0x00,0x00,0x00,0x00,0x00,0x00,
  0x00,0x09,0xD9,0x43,0x00,0x00,0x00,0x00,0x00,0x00,0x1A,0xFF,0xFF,0xFF,0xA9,0x00,
  0x00,0x00,0x00,0x00,0x00,0x00,0x00,0x00,0x00,0x00,0x00,0x00,0x80,0x00,0x00,0x00,
  0x00,0x00,0x00,0x00,0x0C,0xFF,0xFF,0xFF,0x98,0x00,0x00,0x00,0x00,0x00,0x00,0x00,
  0x00,0x00,0x00,0x00,0x00,0x00,0x60,0x00,0x00,0x00,0x00,0x00,0x00,0x00,0x0C,0xFF,
  0xFF,0xFF,0x98,0x00,0x00,0x00,0x00,0x00,0x00,0x00,0x00,0x00,0x00,0x00,0x00,0x00,
  0x60,0x00,0x00,0x00,0x00,0x00,0x00,0x00,0x0C,0xFF,0xFF,0xFF,0x98,0x00,0x00,0x00,
  0x00,0x00,0x00,0x00,0x00,0x00,0x00,0x00,0x00,0x00,0x60,0x00,0x00,0x00,0x00,0x00,
  0x00,0x00,0x0C,0xFF,0xFF,0xFF,0x98,0x00,0x00,0x00,0x00,0x00,0x00,0x00,0x00,0x00,
  0x00,0x00,0x00,0x00,0x60,0x00,0x00,0x00,0x00,0x00,0x00,0x00,0x0C,0xFF,0xFF,0xFF,
  0x98,0x00,0x00,0x00,0x00,0x00,0x00,0x00,0x00,0x00,0x00,0x00,0x00,0x00,0x60,0x00,
  0x00,0x00,0x00,0x00,0x00,0x00,0x0C,0xFF,0xFF,0xFF,0x98,0x00,0x00,0x00,0x00,0x00,
  0x00,0x00,0x00,0x00,0x00,0x00,0x00,0x00,0x60,0x00,0x00,0x00,0x00,0x00,0x00,0x00,
  0x0C,0xFF,0xFF,0xFF,0x98,0x00,0x00,0x00,0x00,0x00,0x00,0x00,0x00,0x00,0x00,0x00,
  0x00,0x00,0x60,0x00,0x00,0x00,0x00,0x00,0x00,0x00,0x0C,0xFF,0xFF,0xFF,0x98,0x00,
  0x00,0x00,0x00,0x00,0x00,0x00,0x00,0x00,0x00,0x00,0x00,0x00,0x60,0x00,0x00,0x00,
  0x00,0x00,0x00,0x00,0x0C,0xFF,0xFF,0xFF,0x98,0x00,0x00,0x00,0x00,0x00,0x00,0x00,
  0x00,0x00,0x00,0x00,0x00,0x00,0x60,0x00,0x00,0x00,0x00,0x00,0x00,0x00,0x0C,0xFF,
  0xFF,0xFF,0x98,0x00,0x00,0x00,0x00,0x00,0x00,0x00,0x00,0x00,0x00,0x00,0x00,0x00,
  0x60,0x00,0x00,0x00,0x00,0x00,0x00,0x00,0x0C,0xFF,0xFF,0xFF,0x98,0x00,0x00,0x00,
  0x00,0x00,0x00,0x00,0x00,0x00,0x00,0x00,0x00,0x00,0x60,0x00,0x00,0x00,0x00,0x00,
  0x00,0x00,0x0C,0xFF,0xFF,0xFF,0x98,0x00,0x00,0x00,0x00,0x00,0x00,0x00,0x00,0x00,
  0x00,0x00,0x00,0x00,0x60,0x00,0x00,0x00,0x00,0x00,0x00,0x00,0x0C,0xFF,0xFF,0xFF,
  0x98,0x00,0x00,0x00,0x00,0x00,0x00,0x00,0x00,0x00,0x00,0x00,0x00,0x00,0x60,0x00,
  0x00,0x00,0x00,0x00,0x00,0x00,0x0C,0xFF,0xFF,0xFF,0x98,0x00,0x00,0x00,0x00,0x00,
  0x00,0x00,0x00,0x00,0x00,0x00,0x00,0x00,0x60,0x00,0x00,0x00,0x00,0x00,0x00,0x00,
  0x0B,0xFF,0xFF,0xFF,0x98,0x00,0x00,0x00,0x00,0x00,0x00,0x00,0x00,0x00,0x00,0x00,
  0x00,0x00,0x60,0x00,0x00,0x00,0x00,0x00,0x00,0x00,0x02,0xFE,0xFF,0xFF,0x9B,0x00,
  0x00,0x00,0x00,0x00,0x00,0x00,0x00,0x00,0x00,0x00,0x00,0x00,0x60,0x00,0x00,0x00,
  0x00,0x00,0x00,0x00,0x00,0xEE,0xFF,0xFF,0xA7,0x00,0x00,0x00,0x00,0x00,0x00,0x00,
  0x00,0x00,0x00,0x00,0x00,0x00,0x61,0x00,0x00,0x00,0x00,0x00,0x00,0x00,0x00,0xBF,
  0xFF,0xFF,0xC5,0x00,0x00,0x00,0x00,0x00,0x00,0x00,0x00,0x00,0x00,0x00,0x00,0x00,
  0x68,0x00,0x00,0x00,0x00,0x00,0x00,0x00,0x00,0x77,0xFF,0xFF,0xF4,0x05,0x00,0x00,
  0x00,0x00,0x00,0x00,0x00,0x00,0x00,0x00,0x00,0x2E,0x43,0x00,0x00,0x00,0x00,0x00,
  0x00,0x00,0x00,0x0F,0xED,0xFF,0xFF,0x57,0x00,0x00,0x00,0x00,0x00,0x00,0x00,0x00,
  0x00,0x00,0x03,0x7D,0x00,0x00,0x00,0x00,0x00,0x00,0x00,0x00,0x00,0x00,0x48,0xF9,
  0xFF,0xE5,0x11,0x00,0x00,0x00,0x00,0x00,0x00,0x00,0x00,0x05,0x7D,0x1A,0x00,0x00,
  0x00,0x00,0x00,0x00,0x00,0x00,0x00,0x00,0x00,0x3A,0xD3,0xFF,0xD5,0x34,0x00,0x00,
  0x00,0x00,0x00,0x01,0x48,0x80,0x18,0x00,0x00,0x00,0x00,0x00,0x00,0x00,0x00,0x00,
  0x00,0x00,0x00,0x00,0x02,0x43,0x95,0xC9,0xC0,0x9B,0x86,0x80,0x78,0x78,0x32,0x00,
  0x00,0x00,0x00,0x00,0x00,0x00,0x00,0x5F,0x86,0xF1,0xFF,0xFF,0xFF,0xFF,0xA9,0x66,
  0x53,0x00,0x00,0x00,0x00,0x00,0x2C,0x5C,0x5D,0x70,0xC8,0xFF,0xDD,0x72,0x5C,0x1B,
  0x00,0x00,0x53,0xFF,0xFF,0xFF,0xDC,0x00,0x00,0x00,0x00,0x00,0x00,0x00,0x00,0x00,
  0x00,0x00,0x00,0x0E,0xEE,0x1B,0x00,0x00,0x00,0x00,0x00,0x01,0xE0,0xFF,0xFF,0xE6,
  0x00,0x00,0x00,0x00,0x00,0x00,0x00,0x00,0x00,0x00,0x00,0x00,0x0A,0x8C,0x00,0x00,
  0x00,0x00,0x00,0x00,0x00,0x88,0xFF,0xFF,0xFF,0x2D,0x00,0x00,0x00,0x00,0x00,0x00,
  0x00,0x00,0x00,0x00,0x00,0x46,0x2F,0x00,0x00,0x00,0x00,0x00,0x00,0x00,0x2F,0xFF,
  0xFF,0xFF,0x83,0x00,0x00,0x00,0x00,0x00,0x00,0x00,0x00,0x00,0x00,0x00,0x72,0x00,
  0x00,0x00,0x00,0x00,0x00,0x00,0x00,0x00,0xD6,0xFF,0xFF,0xDA,0x00,0x00,0x00,0x00,
  0x00,0x00,0x00,0x00,0x00,0x00,0x01,0x6E,0x00,0x00,0x00,0x00,0x00,0x00,0x00,0x00,
  0x00,0x7D,0xFF,0xFF,0xFF,0x33,0x00,0x00,0x00,0x00,0x00,0x00,0x00,0x00,0x00,0x3B,
  0x34,0x00,0x00,0x00,0x00,0x00,0x00,0x00,0x00,0x00,0x23,0xFF,0xFF,0xFF,0x8B,0x00,
  0x00,0x00,0x00,0x00,0x00,0x00,0x00,0x00,0x6F,0x00,0x00,0x00,0x00,0x00,0x00,0x00,
  0x00,0x00,0x00,0x00,0xCA,0xFF,0xFF,0xE1,0x01,0x00,0x00,0x00,0x00,0x00,0x00,0x00,
  0x00,0x6E,0x00,0x00,0x00,0x00,0x00,0x00,0x00,0x00,0x00,0x00,0x00,0x71,0xFF,0xFF,
  0xFF,0x3A,0x00,0x00,0x00,0x00,0x00,0x00,0x00,0x33,0x3A,0x00,0x00,0x00,0x00,0x00,
  0x00,0x00,0x00,0x00,0x00,0x00,0x1A,0xFD,0xFF,0xFF,0x92,0x00,0x00,0x00,0x00,0x00,
  0x00,0x00,0x6C,0x01,0x00,0x00,0x00,0x00,0x00,0x00,0x00,0x00,0x00,0x00,0x00,0x00,
  0xBF,0xFF,0xFF,0xE7,0x02,0x00,0x00,0x00,0x00,0x00,0x00,0x6C,0x00,0x00,0x00,0x00,
  0x00,0x00,0x00,0x00,0x00,0x00,0x00,0x00,0x00,0x66,0xFF,0xFF,0xFF,0x42,0x00,0x00,
  0x00,0x00,0x00,0x2B,0x40,0x00,0x00,0x00,0x00,0x00,0x00,0x00,0x00,0x00,0x00,0x00,
  0x00,0x00,0x12,0xFA,0xFF,0xFF,0x99,0x00,0x00,0x00,0x00,0x00,0x68,0x03,0x00,0x00,
  0x00,0x00,0x00,0x00,0x00,0x00,0x00,0x00,0x00,0x00,0x00,0x00,0xB4,0xFF,0xFF,0xEC,
  0x04,0x00,0x00,0x00,0x00,0x6A,0x00,0x00,0x00,0x00,0x00,0x00,0x00,0x00,0x00,0x00,
  0x00,0x00,0x00,0x00,0x00,0x5B,0xFF,0xFF,0xFF,0x49,0x00,0x00,0x00,0x22,0x46,0x00,
  0x00,0x00,0x00,0x00,0x00,0x00,0x00,0x00,0x00,0x00,0x00,0x00,0x00,0x00,0x0C,0xF5,
  0xFF,0xFF,0xA0,0x00,0x00,0x00,0x63,0x05,0x00,0x00,0x00,0x00,0x00,0x00,0x00,0x00,
  0x00,0x00,0x00,0x00,0x00,0x00,0x00,0x00,0xA9,0xFF,0xFF,0xEF,0x06,0x00,0x00,0x68,
  0x00,0x00,0x00,0x00,0x00,0x00,0x00,0x00,0x00,0x00,0x00,0x00,0x00,0x00,0x00,0x00,
  0x00,0x50,0xFF,0xFF,0xFF,0x4A,0x00,0x1B,0x4B,0x00,0x00,0x00,0x00,0x00,0x00,0x00,
  0x00,0x00,0x00,0x00,0x00,0x00,0x00,0x00,0x00,0x00,0x07,0xF0,0xFF,0xFF,0x9E,0x00,
  0x5D,0x07,0x00,0x00,0x00,0x00,0x00,0x00,0x00,0x00,0x00,0x00,0x00,0x00,0x00,0x00,
  0x00,0x00,0x00,0x00,0x9E,0xFF,0xFF,0xEA,0x01,0x61,0x00,0x00,0x00,0x00,0x00,0x00,
  0x00,0x00,0x00,0x00,0x00,0x00,0x00,0x00,0x00,0x00,0x00,0x00,0x00,0x45,0xFF,0xFF,
  0xFF,0x42,0x4D,0x00,0x00,0x00,0x00,0x00,0x00,0x00,0x00,0x00,0x00,0x00,0x00,0x00,
  0x00,0x00,0x00,0x00,0x00,0x00,0x03,0xE8,0xFF,0xFF,0xC3,0x0A,0x00,0x00,0x00,0x00,
  0x00,0x00,0x00,0x00,0x00,0x00,0x00,0x00,0x00,0x00,0x00,0x00,0x00,0x00,0x00,0x00,
  0x93,0xFF,0xFF,0xAC,0x00,0x00,0x00,0x00,0x00,0x00,0x00,0x00,0x00,0x00,0x00,0x00,
  0x00,0x00,0x00,0x00,0x00,0x00,0x00,0x00,0x00,0x3A,0xFF,0xFF,0x58,0x00,0x00,0x00,
  0x00,0x00,0x00,0x00,0x00,0x00,0x00,0x00,0x00,0x00,0x00,0x00,0x00,0x00,0x00,0x00,
  0x00,0x00,0x01,0xDF,0xF8,0x0D,0x00,0x00,0x00,0x00,0x00,0x00,0x00,0x00,0x00,0x00,
  0x00,0x3E,0x71,0xD2,0xFF,0xFF,0xFF,0xFF,0xDE,0x76,0x5D,0x14,0x00,0x00,0x00,0x00,
  0x00,0x00,0x00,0x70,0xFF,0x5D,0x00,0x00,0x00,0x00,0x00,0x00,0x00,0x00,0x18,0x5E,
  0x75,0xD5,0xFF,0xD8,0x72,0x42,0x00,0x00,0x11,0xF0,0xFF,0xFF,0xFF,0x4D,0x00,0x00,
  0x00,0x00,0x00,0x00,0x00,0x00,0x00,0x00,0xB0,0xFF,0xB2,0x00,0x00,0x00,0x00,0x00,
  0x00,0x00,0x00,0x00,0x00,0x00,0x1E,0xEB,0x14,0x00,0x00,0x00,0x00,0x00,0x99,0xFF,
  0xFF,0xFF,0x52,0x00,0x00,0x00,0x00,0x00,0x00,0x00,0x00,0x00,0x01,0xED,0xFF,0xF8,
  0x0D,0x00,0x00,0x00,0x00,0x00,0x00,0x00,0x00,0x00,0x00,0x06,0x8A,0x00,0x00,0x00,
  0x00,0x00,0x00,0x4B,0xFF,0xFF,0xFF,0x8C,0x00,0x00,0x00,0x00,0x00,0x00,0x00,0x00,
  0x00,0x2F,0xFF,0xFF,0xFF,0x5A,0x00,0x00,0x00,0x00,0x00,0x00,0x00,0x00,0x00,0x00,
  0x31,0x38,0x00,0x00,0x00,0x00,0x00,0x00,0x08,0xF5,0xFF,0xFF,0xD7,0x00,0x00,0x00,
  0x00,0x00,0x00,0x00,0x00,0x00,0x6A,0xF1,0xFF,0xFF,0xAE,0x00,0x00,0x00,0x00,0x00,
  0x00,0x00,0x00,0x00,0x00,0x5F,0x03,0x00,0x00,0x00,0x00,0x00,0x00,0x00,0xB2,0xFF,
  0xFF,0xFF,0x24,0x00,0x00,0x00,0x00,0x00,0x00,0x00,0x00,0x75,0xA2,0xFF,0xFF,0xF7,
  0x0C,0x00,0x00,0x00,0x00,0x00,0x00,0x00,0x00,0x00,0x63,0x00,0x00,0x00,0x00,0x00,
  0x00,0x00,0x00,0x65,0xFF,0xFF,0xFF,0x71,0x00,0x00,0x00,0x00,0x00,0x00,0x00,0x01,
  0x73,0x4D,0xFF,0xFF,0xFF,0x57,0x00,0x00,0x00,0x00,0x00,0x00,0x00,0x00,0x03,0x5F,
  0x00,0x00,0x00,0x00,0x00,0x00,0x00,0x00,0x19,0xFE,0xFF,0xFF,0xBD,0x00,0x00,0x00,
  0x00,0x00,0x00,0x00,0x2E,0x48,0x07,0xF1,0xFF,0xFF,0xAB,0x00,0x00,0x00,0x00,0x00,
  0x00,0x00,0x00,0x37,0x2B,0x00,0x00,0x00,0x00,0x00,0x00,0x00,0x00,0x00,0xCB,0xFF,
  0xFF,0xFA,0x0F,0x00,0x00,0x00,0x00,0x00,0x00,0x69,0x0D,0x00,0xA4,0xFF,0xFF,0xF5,
  0x0A,0x00,0x00,0x00,0x00,0x00,0x00,0x00,0x62,0x00,0x00,0x00,0x00,0x00,0x00,0x00,
  0x00,0x00,0x00,0x7E,0xFF,0xFF,0xFF,0x56,0x00,0x00,0x00,0x00,0x00,0x00,0x76,0x00,
  0x00,0x4F,0xFF,0xFF,0xFF,0x54,0x00,0x00,0x00,0x00,0x00,0x00,0x00,0x63,0x00,0x00,
  0x00,0x00,0x00,0x00,0x00,0x00,0x00,0x00,0x31,0xFF,0xFF,0xFF,0xA3,0x00,0x00,0x00,
  0x00,0x00,0x01,0x75,0x00,0x00,0x07,0xF2,0xFF,0xFF,0xA8,0x00,0x00,0x00,0x00,0x00,
  0x00,0x08,0x5A,0x00,0x00,0x00,0x00,0x00,0x00,0x00,0x00,0x00,0x00,0x00,0xE3,0xFF,
  0xFF,0xED,0x03,0x00,0x00,0x00,0x00,0x2C,0x4A,0x00,0x00,0x00,0xA5,0xFF,0xFF,0xF3,
  0x08,0x00,0x00,0x00,0x00,0x00,0x42,0x1F,0x00,0x00,0x00,0x00,0x00,0x00,0x00,0x00,
  0x00,0x00,0x00,0x97,0xFF,0xFF,0xFF,0x3C,0x00,0x00,0x00,0x00,0x68,0x0E,0x00,0x00,
  0x00,0x51,0xFF,0xFF,0xFF,0x50,0x00,0x00,0x00,0x00,0x00,0x62,0x00,0x00,0x00,0x00,
  0x00,0x00,0x00,0x00,0x00,0x00,0x00,0x00,0x4A,0xFF,0xFF,0xFF,0x89,0x00,0x00,0x00,
  0x00,0x78,0x00,0x00,0x00,0x00,0x08,0xF3,0xFF,0xFF,0xA5,0x00,0x00,0x00,0x00,0x00,
  0x62,0x00,0x00,0x00,0x00,0x00,0x00,0x00,0x00,0x00,0x00,0x00,0x00,0x08,0xF4,0xFF,
  0xFF,0xD6,0x00,0x00,0x00,0x00,0x76,0x00,0x00,0x00,0x00,0x00,0xA7,0xFF,0xFF,0xF1,
  0x07,0x00,0x00,0x00,0x0E,0x52,0x00,0x00,0x00,0x00,0x00,0x00,0x00,0x00,0x00,0x00,
  0x00,0x00,0x00,0xB0,0xFF,0xFF,0xFF,0x22,0x00,0x00,0x2B,0x4D,0x00,0x00,0x00,0x00,
  0x00,0x52,0xFF,0xFF,0xFF,0x4D,0x00,0x00,0x00,0x4D,0x15,0x00,0x00,0x00,0x00,0x00,
  0x00,0x00,0x00,0x00,0x00,0x00,0x00,0x00,0x63,0xFF,0xFF,0xFF,0x6D,0x00,0x00,0x68,
  0x10,0x00,0x00,0x00,0x00,0x00,0x09,0xF4,0xFF,0xFF,0xA0,0x00,0x00,0x00,0x62,0x00,
  0x00,0x00,0x00,0x00,0x00,0x00,0x00,0x00,0x00,0x00,0x00,0x00,0x00,0x18,0xFE,0xFF,
  0xFF,0xB0,0x00,0x00,0x78,0x00,0x00,0x00,0x00,0x00,0x00,0x00,0xA9,0xFF,0xFF,0xED,
  0x04,0x00,0x00,0x62,0x00,0x00,0x00,0x00,0x00,0x00,0x00,0x00,0x00,0x00,0x00,0x00,
  0x00,0x00,0x00,0xC9,0xFF,0xFF,0xF0,0x03,0x00,0x77,0x00,0x00,0x00,0x00,0x00,0x00,
  0x00,0x54,0xFF,0xFF,0xFF,0x40,0x00,0x17,0x49,0x00,0x00,0x00,0x00,0x00,0x00,0x00,
  0x00,0x00,0x00,0x00,0x00,0x00,0x00,0x00,0x7C,0xFF,0xFF,0xFF,0x35,0x27,0x4F,0x00,
  0x00,0x00,0x00,0x00,0x00,0x00,0x0A,0xF5,0xFF,0xFF,0x8B,0x00,0x54,0x0C,0x00,0x00,
  0x00,0x00,0x00,0x00,0x00,0x00,0x00,0x00,0x00,0x00,0x00,0x00,0x00,0x2F,0xFF,0xFF,
  0xFF,0x6E,0x64,0x12,0x00,0x00,0x00,0x00,0x00,0x00,0x00,0x00,0xAA,0xFF,0xFF,0xD4,
  0x00,0x5F,0x00,0x00,0x00,0x00,0x00,0x00,0x00,0x00,0x00,0x00,0x00,0x00,0x00,0x00,
  0x00,0x00,0x00,0xE1,0xFF,0xFF,0xA6,0x73,0x00,0x00,0x00,0x00,0x00,0x00,0x00,0x00,
  0x00,0x56,0xFF,0xFF,0xFF,0x1A,0x5E,0x00,0x00,0x00,0x00,0x00,0x00,0x00,0x00,0x00,
  0x00,0x00,0x00,0x00,0x00,0x00,0x00,0x00,0x95,0xFF,0xFF,0xDD,0x6F,0x00,0x00,0x00,
  0x00,0x00,0x00,0x00,0x00,0x00,0x0B,0xF5,0xFF,0xFF,0x7A,0x3E,0x00,0x00,0x00,0x00,
  0x00,0x00,0x00,0x00,0x00,0x00,0x00,0x00,0x00,0x00,0x00,0x00,0x00,0x48,0xFF,0xFF,
  0xFF,0x51,0x00,0x00,0x00,0x00,0x00,0x00,0x00,0x00,0x00,0x00,0xAC,0xFF,0xFF,0xE2,
  0x06,0x00,0x00,0x00,0x00,0x00,0x00,0x00,0x00,0x00,0x00,0x00,0x00,0x00,0x00,0x00,
  0x00,0x00,0x07,0xF3,0xFF,0xFE,0x14,0x00,0x00,0x00,0x00,0x00,0x00,0x00,0x00,0x00,
  0x00,0x57,0xFF,0xFF,0xB8,0x00,0x00,0x00,0x00,0x00,0x00,0x00,0x00,0x00,0x00,0x00,
  0x00,0x00,0x00,0x00,0x00,0x00,0x00,0x00,0xAE,0xFF,0xD3,0x00,0x00,0x00,0x00,0x00,
  0x00,0x00,0x00,0x00,0x00,0x00,0x0B,0xF6,0xFF,0x75,0x00,0x00,0x00,0x00,0x00,0x00,
  0x00,0x00,0x00,0x17,0x64,0x96,0xF9,0xFF,0xFF,0xFF,0xFF,0xCC,0x6D,0x2F,0x00,0x00,
  0x00,0x19,0x5C,0x5E,0x78,0xE2,0xFF,0xC1,0x6D,0x38,0x00,0x00,0x00,0x00,0x4D,0xFF,
  0xFF,0xFF,0xFF,0x42,0x00,0x00,0x00,0x00,0x00,0x00,0x00,0x00,0x00,0x7B,0x92,0x00,
  0x00,0x00,0x00,0x00,0x00,0x00,0x00,0xA3,0xFF,0xFF,0xFF,0x7C,0x00,0x00,0x00,0x00,
  0x00,0x00,0x00,0x00,0x00,0x8B,0x02,0x00,0x00,0x00,0x00,0x00,0x00,0x00,0x00,0x1E,
  0xF7,0xFF,0xFF,0xE9,0x0A,0x00,0x00,0x00,0x00,0x00,0x00,0x00,0x50,0x20,0x00,0x00,
  0x00,0x00,0x00,0x00,0x00,0x00,0x00,0x00,0x8A,0xFF,0xFF,0xFF,0x7C,0x00,0x00,0x00,
  0x00,0x00,0x00,0x12,0x5B,0x00,0x00,0x00,0x00,0x00,0x00,0x00,0x00,0x00,0x00,0x00,
  0x10,0xED,0xFF,0xFF,0xF2,0x15,0x00,0x00,0x00,0x00,0x00,0x6C,0x03,0x00,0x00,0x00,
  0x00,0x00,0x00,0x00,0x00,0x00,0x00,0x00,0x00,0x71,0xFF,0xFF,0xFF,0x93,0x00,0x00,
  0x00,0x00,0x3F,0x2F,0x00,0x00,0x00,0x00,0x00,0x00,0x00,0x00,0x00,0x00,0x00,0x00,
  0x00,0x06,0xDE,0xFF,0xFF,0xFA,0x23,0x00,0x00,0x09,0x65,0x00,0x00,0x00,0x00,0x00,
  0x00,0x00,0x00,0x00,0x00,0x00,0x00,0x00,0x00,0x00,0x59,0xFF,0xFF,0xFF,0xAA,0x00,
  0x00,0x68,0x09,0x00,0x00,0x00,0x00,0x00,0x00,0x00,0x00,0x00,0x00,0x00,0x00,0x00,
  0x00,0x00,0x01,0xCB,0xFF,0xFF,0xFF,0x36,0x31,0x40,0x00,0x00,0x00,0x00,0x00,0x00,
  0x00,0x00,0x00,0x00,0x00,0x00,0x00,0x00,0x00,0x00,0x00,0x40,0xFF,0xFF,0xFF,0xC2,
  0x6E,0x00,0x00,0x00,0x00,0x00,0x00,0x00,0x00,0x00,0x00,0x00,0x00,0x00,0x00,0x00,
  0x00,0x00,0x00,0x00,0xB4,0xFF,0xFF,0xFF,0x50,0x00,0x00,0x00,0x00,0x00,0x00,0x00,
  0x00,0x00,0x00,0x00,0x00,0x00,0x00,0x00,0x00,0x00,0x00,0x00,0x2A,0xFC,0xFF,0xFF,
  0xD1,0x02,0x00,0x00,0x00,0x00,0x00,0x00,0x00,0x00,0x00,0x00,0x00,0x00,0x00,0x00,
  0x00,0x00,0x00,0x00,0x00,0x9C,0xFF,0xFF,0xFF,0x63,0x00,0x00,0x00,0x00,0x00,0x00,
  0x00,0x00,0x00,0x00,0x00,0x00,0x00,0x00,0x00,0x00,0x00,0x00,0x01,0x79,0xF7,0xFF,
  0xFF,0xE6,0x0C,0x00,0x00,0x00,0x00,0x00,0x00,0x00,0x00,0x00,0x00,0x00,0x00,0x00,
  0x00,0x00,0x00,0x00,0x55,0x15,0x86,0xFF,0xFF,0xFF,0x82,0x00,0x00,0x00,0x00,0x00,
  0x00,0x00,0x00,0x00,0x00,0x00,0x00,0x00,0x00,0x00,0x00,0x1E,0x4C,0x00,0x0D,0xE9,
  0xFF,0xFF,0xF5,0x1B,0x00,0x00,0x00,0x00,0x00,0x00,0x00,0x00,0x00,0x00,0x00,0x00,
  0x00,0x00,0x00,0x6B,0x00,0x00,0x00,0x67,0xFF,0xFF,0xFF,0xA1,0x00,0x00,0x00,0x00,
  0x00,0x00,0x00,0x00,0x00,0x00,0x00,0x00,0x00,0x00,0x52,0x1B,0x00,0x00,0x00,0x03,
  0xD4,0xFF,0xFF,0xFE,0x32,0x00,0x00,0x00,0x00,0x00,0x00,0x00,0x00,0x00,0x00,0x00,
  0x00,0x19,0x54,0x00,0x00,0x00,0x00,0x00,0x49,0xFF,0xFF,0xFF,0xBF,0x00,0x00,0x00,
  0x00,0x00,0x00,0x00,0x00,0x00,0x00,0x00,0x00,0x6E,0x01,0x00,0x00,0x00,0x00,0x00,
  0x00,0xBA,0xFF,0xFF,0xFF,0x4E,0x00,0x00,0x00,0x00,0x00,0x00,0x00,0x00,0x00,0x00,
  0x4E,0x22,0x00,0x00,0x00,0x00,0x00,0x00,0x00,0x2E,0xFD,0xFF,0xFF,0xD9,0x05,0x00,
  0x00,0x00,0x00,0x00,0x00,0x00,0x00,0x15,0x5E,0x00,0x00,0x00,0x00,0x00,0x00,0x00,
  0x00,0x00,0x9E,0xFF,0xFF,0xFF,0x6D,0x00,0x00,0x00,0x00,0x00,0x00,0x00,0x00,0x8B,
  0x03,0x00,0x00,0x00,0x00,0x00,0x00,0x00,0x00,0x00,0x25,0xFF,0xFF,0xFF,0xEC,0x11,
  0x00,0x00,0x00,0x00,0x00,0x00,0x83,0x87,0x00,0x00,0x00,0x00,0x00,0x00,0x00,0x00,
  0x00,0x00,0x00,0xE7,0xFF,0xFF,0xFF,0xA5,0x01,0x00,0x00,0x42,0x6B,0xBA,0xFF,0xE5,
  0x78,0x5E,0x5C,0x4F,0x00,0x00,0x00,0x00,0x17,0x62,0x99,0xFF,0xFF,0xFF,0xFF,0xFF,
  0xBD,0x6D,0x2B,0x11,0x5F,0x90,0xFB,0xFF,0xFF,0xFF,0xFE,0x8C,0x5F,0x42,0x00,0x00,
  0x00,0x00,0x00,0x4D,0x5D,0x6E,0xC3,0xFF,0xE5,0x74,0x4F,0x00,0x00,0x00,0x6C,0xFF,
  0xFF,0xFF,0xE6,0x00,0x00,0x00,0x00,0x00,0x00,0x00,0x00,0x00,0x00,0x00,0x17,0xEF,
  0x22,0x00,0x00,0x00,0x00,0x00,0x02,0xCE,0xFF,0xFF,0xFF,0x26,0x00,0x00,0x00,0x00,
  0x00,0x00,0x00,0x00,0x00,0x00,0x36,0x6C,0x00,0x00,0x00,0x00,0x00,0x00,0x00,0x4B,
  0xFF,0xFF,0xFF,0x94,0x00,0x00,0x00,0x00,0x00,0x00,0x00,0x00,0x00,0x00,0x73,0x04,
  0x00,0x00,0x00,0x00,0x00,0x00,0x00,0x00,0xC6,0xFF,0xFF,0xF8,0x1B,0x00,0x00,0x00,
  0x00,0x00,0x00,0x00,0x00,0x18,0x53,0x00,0x00,0x00,0x00,0x00,0x00,0x00,0x00,0x00,
  0x43,0xFF,0xFF,0xFF,0x95,0x00,0x00,0x00,0x00,0x00,0x00,0x00,0x00,0x68,0x03,0x00,
  0x00,0x00,0x00,0x00,0x00,0x00,0x00,0x00,0x00,0xBF,0xFF,0xFF,0xF9,0x1E,0x00,0x00,
  0x00,0x00,0x00,0x00,0x1A,0x50,0x00,0x00,0x00,0x00,0x00,0x00,0x00,0x00,0x00,0x00,
  0x00,0x3A,0xFF,0xFF,0xFF,0x99,0x00,0x00,0x00,0x00,0x00,0x00,0x68,0x02,0x00,0x00,
  0x00,0x00,0x00,0x00,0x00,0x00,0x00,0x00,0x00,0x00,0xB6,0xFF,0xFF,0xFA,0x20,0x00,
  0x00,0x00,0x00,0x1C,0x4C,0x00,0x00,0x00,0x00,0x00,0x00,0x00,0x00,0x00,0x00,0x00,
  0x00,0x00,0x32,0xFF,0xFF,0xFF,0x9D,0x00,0x00,0x00,0x00,0x67,0x01,0x00,0x00,0x00,
  0x00,0x00,0x00,0x00,0x00,0x00,0x00,0x00,0x00,0x00,0x00,0xAE,0xFF,0xFF,0xFB,0x20,
  0x00,0x00,0x1E,0x49,0x00,0x00,0x00,0x00,0x00,0x00,0x00,0x00,0x00,0x00,0x00,0x00,
  0x00,0x00,0x00,0x2C,0xFD,0xFF,0xFF,0x9A,0x00,0x00,0x67,0x00,0x00,0x00,0x00,0x00,
  0x00,0x00,0x00,0x00,0x00,0x00,0x00,0x00,0x00,0x00,0x00,0x00,0xA6,0xFF,0xFF,0xFA,
  0x1D,0x1F,0x46,0x00,0x00,0x00,0x00,0x00,0x00,0x00,0x00,0x00,0x00,0x00,0x00,0x00,
  0x00,0x00,0x00,0x00,0x25,0xFC,0xFF,0xFF,0x8E,0x62,0x00,0x00,0x00,0x00,0x00,0x00,
  0x00,0x00,0x00,0x00,0x00,0x00,0x00,0x00,0x00,0x00,0x00,0x00,0x00,0xA2,0xFF,0xFF,
  0xF3,0x45,0x00,0x00,0x00,0x00,0x00,0x00,0x00,0x00,0x00,0x00,0x00,0x00,0x00,0x00,
  0x00,0x00,0x00,0x00,0x00,0x80,0xFF,0xFF,0xFF,0x24,0x00,0x00,0x00,0x00,0x00,0x00,
  0x00,0x00,0x00,0x00,0x00,0x00,0x00,0x00,0x00,0x00,0x00,0x00,0x00,0x80,0xFF,0xFF,
  0xFF,0x24,0x00,0x00,0x00,0x00,0x00,0x00,0x00,0x00,0x00,0x00,0x00,0x00,0x00,0x00,
  0x00,0x00,0x00,0x00,0x00,0x80,0xFF,0xFF,0xFF,0x24,0x00,0x00,0x00,0x00,0x00,0x00,
  0x00,0x00,0x00,0x00,0x00,0x00,0x00,0x00,0x00,0x00,0x00,0x00,0x00,0x80,0xFF,0xFF,
  0xFF,0x24,0x00,0x00,0x00,0x00,0x00,0x00,0x00,0x00,0x00,0x00,0x00,0x00,0x00,0x00,
  0x00,0x00,0x00,0x00,0x00,0x80,0xFF,0xFF,0xFF,0x24,0x00,0x00,0x00,0x00,0x00,0x00,
  0x00,0x00,0x00,0x00,0x00,0x00,0x00,0x00,0x00,0x00,0x00,0x00,0x00,0x80,0xFF,0xFF,
  0xFF,0x24,0x00,0x00,0x00,0x00,0x00,0x00,0x00,0x00,0x00,0x00,0x00,0x00,0x00,0x00,
  0x00,0x00,0x00,0x00,0x00,0x80,0xFF,0xFF,0xFF,0x24,0x00,0x00,0x00,0x00,0x00,0x00,
  0x00,0x00,0x00,0x00,0x00,0x00,0x00,0x00,0x00,0x00,0x00,0x00,0x00,0x80,0xFF,0xFF,
  0xFF,0x24,0x00,0x00,0x00,0x00,0x00,0x00,0x00,0x00,0x00,0x00,0x00,0x00,0x00,0x00,
  0x00,0x00,0x00,0x00,0x00,0x93,0xFF,0xFF,0xFF,0x36,0x00,0x00,0x00,0x00,0x00,0x00,
  0x00,0x00,0x00,0x00,0x00,0x00,0x00,0x00,0x00,0x00,0x00,0x00,0x0B,0xDE,0xFF,0xFF,
  0xFF,0x8C,0x00,0x00,0x00,0x00,0x00,0x00,0x00,0x00,0x00,0x00,0x00,0x00,0x00,0x00,
  0x00,0x19,0x5F,0x7B,0xDA,0xFF,0xFF,0xFF,0xFF,0xFF,0xAF,0x6E,0x54,0x00,0x00,0x00,
  0x00,0x00,0x00,0x00,0xDD,0xFF,0xE6,0x9B,0x72,0x60,0x5C,0x5C,0x5C,0x5C,0x5C,0x5C,
  0x64,0xFA,0xFF,0xFF,0xFB,0x1F,0x00,0xE5,0xA5,0x0A,0x00,0x00,0x00,0x00,0x00,0x00,
  0x00,0x00,0x00,0x78,0xFF,0xFF,0xFF,0x97,0x00,0x00,0xD4,0x09,0x00,0x00,0x00,0x00,
  0x00,0x00,0x00,0x00,0x00,0x13,0xF0,0xFF,0xFF,0xF3,0x17,0x00,0x00,0x90,0x00,0x00,
  0x00,0x00,0x00,0x00,0x00,0x00,0x00,0x00,0x91,0xFF,0xFF,0xFF,0x7F,0x00,0x00,0x01,
  0x6E,0x00,0x00,0x00,0x00,0x00,0x00,0x00,0x00,0x00,0x23,0xF9,0xFF,0xFF,0xE7,0x0B,
  0x00,0x00,0x09,0x58,0x00,0x00,0x00,0x00,0x00,0x00,0x00,0x00,0x00,0xAA,0xFF,0xFF,
  0xFF,0x66,0x00,0x00,0x00,0x05,0x1C,0x00,0x00,0x00,0x00,0x00,0x00,0x00,0x00,0x36,
  0xFF,0xFF,0xFF,0xD6,0x03,0x00,0x00,0x00,0x00,0x00,0x00,0x00,0x00,0x00,0x00,0x00,
  0x00,0x00,0xC1,0xFF,0xFF,0xFF,0x4D,0x00,0x00,0x00,0x00,0x00,0x00,0x00,0x00,0x00,
  0x00,0x00,0x00,0x00,0x4F,0xFF,0xFF,0xFF,0xC1,0x00,0x00,0x00,0x00,0x00,0x00,0x00,
  0x00,0x00,0x00,0x00,0x00,0x00,0x03,0xD7,0xFF,0xFF,0xFF,0x36,0x00,0x00,0x00,0x00,
  0x00,0x00,0x00,0x00,0x00,0x00,0x00,0x00,0x00,0x67,0xFF,0xFF,0xFF,0xA8,0x00,0x00,
  0x00,0x00,0x00,0x00,0x00,0x00,0x00,0x00,0x00,0x00,0x00,0x0B,0xE7,0xFF,0xFF,0xF9,
  0x22,0x00,0x00,0x00,0x00,0x00,0x00,0x00,0x00,0x00,0x00,0x00,0x00,0x00,0x80,0xFF,
  0xFF,0xFF,0x8F,0x00,0x00,0x00,0x00,0x00,0x00,0x00,0x00,0x00,0x00,0x00,0x00,0x00,
  0x18,0xF4,0xFF,0xFF,0xF0,0x13,0x00,0x00,0x00,0x00,0x00,0x00,0x00,0x00,0x00,0x00,
  0x00,0x00,0x00,0x99,0xFF,0xFF,0xFF,0x77,0x00,0x00,0x00,0x00,0x00,0x00,0x00,0x00,
  0x00,0x00,0x00,0x00,0x00,0x29,0xFC,0xFF,0xFF,0xE2,0x08,0x00,0x00,0x00,0x00,0x00,
  0x00,0x00,0x00,0x00,0x00,0x00,0x00,0x00,0xB2,0xFF,0xFF,0xFF,0x5E,0x00,0x00,0x00,
  0x00,0x00,0x00,0x00,0x00,0x00,0x00,0x00,0x00,0x00,0x3D,0xFF,0xFF,0xFF,0xD0,0x02,
  0x00,0x00,0x00,0x00,0x00,0x00,0x00,0x00,0x00,0x00,0x00,0x00,0x00,0xC9,0xFF,0xFF,
  0xFF,0x46,0x00,0x00,0x00,0x00,0x00,0x00,0x00,0x00,0x00,0x00,0x00,0x00,0x00,0x57,
  0xFF,0xFF,0xFF,0xB9,0x00,0x00,0x00,0x00,0x00,0x00,0x00,0x00,0x00,0x00,0x24,0x00,
  0x00,0x05,0xDC,0xFF,0xFF,0xFD,0x2F,0x00,0x00,0x00,0x00,0x00,0x00,0x00,0x00,0x00,
  0x00,0x69,0x00,0x00,0x6F,0xFF,0xFF,0xFF,0xA0,0x00,0x00,0x00,0x00,0x00,0x00,0x00,
  0x00,0x00,0x00,0x00,0x83,0x00,0x0F,0xEC,0xFF,0xFF,0xF7,0x1D,0x00,0x00,0x00,0x00,
  0x00,0x00,0x00,0x00,0x00,0x00,0x03,0xA9,0x00,0x88,0xFF,0xFF,0xFF,0x88,0x00,0x00,
  0x00,0x00,0x00,0x00,0x00,0x00,0x00,0x00,0x00,0x4E,0xB5,0x1D,0xF7,0xFF,0xFF,0xEC,
  0x0F,0x00,0x00,0x00,0x00,0x00,0x00,0x00,0x00,0x00,0x00,0x2A,0xE5,0xAC,0x97,0xFF,
  0xFF,0xFF,0xB3,0x5C,0x5C,0x5C,0x5C,0x5C,0x5C,0x5C,0x5C,0x64,0x78,0xB0,0xF9,0xFF,
  0xA4,0x68,0xFF,0xFF,0xFF,0xF8,0x9B,0x6C,0x5C,0x39,0x68,0xFF,0xFF,0xFF,0x71,0x00,
  0x00,0x00,0x00,0x68,0xFF,0xFF,0xFF,0x30,0x00,0x00,0x00,0x00,0x68,0xFF,0xFF,0xFF,
  0x20,0x00,0x00,0x00,0x00,0x68,0xFF,0xFF,0xFF,0x20,0x00,0x00,0x00,0x00,0x68,0xFF,
  0xFF,0xFF,0x20,0x00,0x00,0x00,0x00,0x68,0xFF,0xFF,0xFF,0x20,0x00,0x00,0x00,0x00,
  0x68,0xFF,0xFF,0xFF,0x20,0x00,0x00,0x00,0x00,0x68,0xFF,0xFF,0xFF,0x20,0x00,0x00,
  0x00,0x00,0x68,0xFF,0xFF,0xFF,0x20,0x00,0x00,0x00,0x00,0x68,0xFF,0xFF,0xFF,0x20,
  0x00,0x00,0x00,0x00,0x68,0xFF,0xFF,0xFF,0x20,0x00,0x00,0x00,0x00,0x68,0xFF,0xFF,
  0xFF,0x20,0x00,0x00,0x00,0x00,0x68,0xFF,0xFF,0xFF,0x20,0x00,0x00,0x00,0x00,0x68,
  0xFF,0xFF,0xFF,0x20,0x00,0x00,0x00,0x00,0x68,0xFF,0xFF,0xFF,0x20,0x00,0x00,0x00,
  0x00,0x68,0xFF,0xFF,0xFF,0x20,0x00,0x00,0x00,0x00,0x68,0xFF,0xFF,0xFF,0x20,0x00,
  0x00,0x00,0x00,0x68,0xFF,0xFF,0xFF,0x20,0x00,0x00,0x00,0x00,0x68,0xFF,0xFF,0xFF,
  0x20,0x00,0x00,0x00,0x00,0x68,0xFF,0xFF,0xFF,0x20,0x00,0x00,0x00,0x00,0x68,0xFF,
  0xFF,0xFF,0x20,0x00,0x00,0x00,0x00,0x68,0xFF,0xFF,0xFF,0x20,0x00,0x00,0x00,0x00,
  0x68,0xFF,0xFF,0xFF,0x20,0x00,0x00,0x00,0x00,0x68,0xFF,0xFF,0xFF,0x20,0x00,0x00,
  0x00,0x00,0x68,0xFF,0xFF,0xFF,0x20,0x00,0x00,0x00,0x00,0x68,0xFF,0xFF,0xFF,0x20,
  0x00,0x00,0x00,0x00,0x68,0xFF,0xFF,0xFF,0x20,0x00,0x00,0x00,0x00,0x68,0xFF,0xFF,
  0xFF,0x20,0x00,0x00,0x00,0x00,0x68,0xFF,0xFF,0xFF,0x21,0x00,0x00,0x00,0x00,0x68,
  0xFF,0xFF,0xFF,0x3A,0x00,0x00,0x00,0x00,0x68,0xFF,0xFF,0xFF,0xA4,0x05,0x00,0x00,
  0x00,0x45,0xAC,0xAC,0xAC,0xAC,0x93,0x6A,0x5C,0x39,0x5B,0x00,0x00,0x00,0x00,0x00,
  0x00,0x00,0x00,0x5C,0x00,0x00,0x00,0x00,0x00,0x00,0x00,0x00,0x53,0x08,0x00,0x00,
  0x00,0x00,0x00,0x00,0x00,0x19,0x42,0x00,0x00,0x00,0x00,0x00,0x00,0x00,0x00,0x5C,
  0x00,0x00,0x00,0x00,0x00,0x00,0x00,0x00,0x5C,0x00,0x00,0x00,0x00,0x00,0x00,0x00,
  0x00,0x4E,0x0E,0x00,0x00,0x00,0x00,0x00,0x00,0x00,0x11,0x4A,0x00,0x00,0x00,0x00,
  0x00,0x00,0x00,0x00,0x5C,0x00,0x00,0x00,0x00,0x00,0x00,0x00,0x00,0x5C,0x00,0x00,
  0x00,0x00,0x00,0x00,0x00,0x00,0x47,0x15,0x00,0x00,0x00,0x00,0x00,0x00,0x00,0x0B,
  0x50,0x00,0x00,0x00,0x00,0x00,0x00,0x00,0x00,0x5C,0x00,0x00,0x00,0x00,0x00,0x00,
  0x00,0x00,0x5C,0x00,0x00,0x00,0x00,0x00,0x00,0x00,0x00,0x3F,0x1D,0x00,0x00,0x00,
  0x00,0x00,0x00,0x00,0x06,0x55,0x00,0x00,0x00,0x00,0x00,0x00,0x00,0x00,0x5C,0x00,
  0x00,0x00,0x00,0x00,0x00,0x00,0x00,0x5B,0x00,0x00,0x00,0x00,0x00,0x00,0x00,0x00,
  0x36,0x26,0x00,0x00,0x00,0x00,0x00,0x00,0x00,0x03,0x58,0x00,0x00,0x00,0x00,0x00,
  0x00,0x00,0x00,0x5C,0x00,0x00,0x00,0x00,0x00,0x00,0x00,0x00,0x5A,0x01,0x00,0x00,
  0x00,0x00,0x00,0x00,0x00,0x2D,0x2F,0x00,0x00,0x00,0x00,0x00,0x00,0x00,0x01,0x5A,
  0x00,0x00,0x00,0x00,0x00,0x00,0x00,0x00,0x5C,0x00,0x00,0x00,0x00,0x00,0x00,0x00,
  0x00,0x58,0x04,0x00,0x00,0x00,0x00,0x00,0x00,0x00,0x24,0x38,0x00,0x00,0x00,0x00,
  0x00,0x00,0x00,0x00,0x5B,0x00,0x00,0x00,0x00,0x00,0x00,0x00,0x00,0x5C,0x00,0x00,
  0x00,0x00,0x00,0x00,0x00,0x00,0x54,0x07,0x00,0x00,0x00,0x00,0x00,0x00,0x00,0x1A,
  0x40,0x00,0x00,0x00,0x00,0x00,0x00,0x00,0x00,0x5A,0x3D,0x5C,0x65,0x96,0xF9,0xFF,
  0xFF,0xFF,0x5C,0x00,0x00,0x00,0x00,0x7B,0xFF,0xFF,0xFF,0x5C,0x00,0x00,0x00,0x00,
  0x3C,0xFF,0xFF,0xFF,0x5C,0x00,0x00,0x00,0x00,0x2C,0xFF,0xFF,0xFF,0x5C,0x00,0x00,
  0x00,0x00,0x2C,0xFF,0xFF,0xFF,0x5C,0x00,0x00,0x00,0x00,0x2C,0xFF,0xFF,0xFF,0x5C,
  0x00,0x00,0x00,0x00,0x2C,0xFF,0xFF,0xFF,0x5C,0x00,0x00,0x00,0x00,0x2C,0xFF,0xFF,
  0xFF,0x5C,0x00,0x00,0x00,0x00,0x2C,0xFF,0xFF,0xFF,0x5C,0x00,0x00,0x00,0x00,0x2C,
  0xFF,0xFF,0xFF,0x5C,0x00,0x00,0x00,0x00,0x2C,0xFF,0xFF,0xFF,0x5C,0x00,0x00,0x00,
  0x00,0x2C,0xFF,0xFF,0xFF,0x5C,0x00,0x00,0x00,0x00,0x2C,0xFF,0xFF,0xFF,0x5C,0x00,
  0x00,0x00,0x00,0x2C,0xFF,0xFF,0xFF,0x5C,0x00,0x00,0x00,0x00,0x2C,0xFF,0xFF,0xFF,
  0x5C,0x00,0x00,0x00,0x00,0x2C,0xFF,0xFF,0xFF,0x5C,0x00,0x00,0x00,0x00,0x2C,0xFF,
  0xFF,0xFF,0x5C,0x00,0x00,0x00,0x00,0x2C,0xFF,0xFF,0xFF,0x5C,0x00,0x00,0x00,0x00,
  0x2C,0xFF,0xFF,0xFF,0x5C,0x00,0x00,0x00,0x00,0x2C,0xFF,0xFF,0xFF,0x5C,0x00,0x00,
  0x00,0x00,0x2C,0xFF,0xFF,0xFF,0x5C,0x00,0x00,0x00,0x00,0x2C,0xFF,0xFF,0xFF,0x5C,
  0x00,0x00,0x00,0x00,0x2C,0xFF,0xFF,0xFF,0x5C,0x00,0x00,0x00,0x00,0x2C,0xFF,0xFF,
  0xFF,0x5C,0x00,0x00,0x00,0x00,0x2C,0xFF,0xFF,0xFF,0x5C,0x00,0x00,0x00,0x00,0x2C,
  0xFF,0xFF,0xFF,0x5C,0x00,0x00,0x00,0x00,0x2C,0xFF,0xFF,0xFF,0x5C,0x00,0x00,0x00,
  0x00,0x2C,0xFF,0xFF,0xFF,0x5C,0x00,0x00,0x00,0x00,0x2C,0xFF,0xFF,0xFF,0x5C,0x00,
  0x00,0x00,0x00,0x2D,0xFF,0xFF,0xFF,0x5C,0x00,0x00,0x00,0x00,0x46,0xFF,0xFF,0xFF,
  0x5C,0x00,0x00,0x00,0x02,0xAC,0xFF,0xFF,0xFF,0x5C,0x3D,0x5C,0x64,0x91,0xAC,0xAC,
  0xAC,0xAC,0x3D,0x00,0x00,0x00,0x00,0x00,0x00,0x3F,0x48,0x00,0x00,0x00,0x00,0x00,
  0x00,0x00,0x00,0x00,0x00,0x00,0x00,0x00,0xBC,0xC5,0x01,0x00,0x00,0x00,0x00,0x00,
  0x00,0x00,0x00,0x00,0x00,0x00,0x31,0x95,0x85,0x47,0x00,0x00,0x00,0x00,0x00,0x00,
  0x00,0x00,0x00,0x00,0x00,0x98,0x2F,0x1F,0xAC,0x00,0x00,0x00,0x00,0x00,0x00,0x00,
  0x00,0x00,0x00,0x0C,0xBA,0x00,0x00,0xB0,0x1A,0x00,0x00,0x00,0x00,0x00,0x00,0x00,
  0x00,0x00,0x66,0x61,0x00,0x00,0x4D,0x7E,0x00,0x00,0x00,0x00,0x00,0x00,0x00,0x00,
  0x00,0xBD,0x0A,0x00,0x00,0x02,0xC4,0x03,0x00,0x00,0x00,0x00,0x00,0x00,0x00,0x34,
  0x93,0x00,0x00,0x00,0x00,0x7D,0x4E,0x00,0x00,0x00,0x00,0x00,0x00,0x00,0x9A,0x2D,
  0x00,0x00,0x00,0x00,0x19,0xB0,0x00,0x00,0x00,0x00,0x00,0x00,0x0D,0xBA,0x00,0x00,
  0x00,0x00,0x00,0x00,0xAA,0x1F,0x00,0x00,0x00,0x00,0x00,0x68,0x5F,0x00,0x00,0x00,
  0x00,0x00,0x00,0x45,0x85,0x00,0x00,0x00,0x00,0x00,0xBE,0x09,0x00,0x00,0x00,0x00,
  0x00,0x00,0x01,0xC3,0x05,0x00,0x00,0x00,0x36,0x92,0x00,0x00,0x00,0x00,0x00,0x00,
  0x00,0x00,0x75,0x54,0x00,0x00,0x00,0x9C,0x2B,0x00,0x00,0x00,0x00,0x00,0x00,0x00,
  0x00,0x14,0xB4,0x00,0x00,0x0E,0xB9,0x00,0x00,0x00,0x00,0x00,0x00,0x00,0x00,0x00,
  0x00,0xA3,0x25,0x00,0x6A,0x5D,0x00,0x00,0x00,0x00,0x00,0x00,0x00,0x00,0x00,0x00,
  0x3D,0x8C,0x00,0xBF,0x08,0x00,0x00,0x00,0x00,0x00,0x00,0x00,0x00,0x00,0x00,0x00,
  0xC0,0x07,0x24,0xC0,0xC0,0xC0,0xC0,0xC0,0xC0,0xC0,0xC0,0xC0,0xC0,0xC0,0xC0,0xC0,
  0xC0,0xC0,0xC0,0x87,0x67,0xFF,0xFF,0xE4,0x06,0x00,0x00,0x00,0x8E,0xFF,0xFF,0x65,
  0x00,0x00,0x00,0x00,0x8C,0xFF,0xE1,0x06,0x00,0x00,0x00,0x00,0x7C,0xFF,0x73,0x00,
  0x00,0x00,0x00,0x00,0x67,0xEC,0x15,0x00,0x00,0x00,0x00,0x00,0x4B,0x87,0x00,0x00,
  0x00,0x00,0x3E,0x96,0xB5,0x72,0x5D,0x6D,0xB1,0xAB,0x4F,0x00,0x00,0x00,0x00,0x00,
  0x00,0x00,0x03,0xA9,0xFF,0xF9,0x25,0x00,0x00,0x00,0x05,0xCB,0xFF,0xB3,0x06,0x00,
  0x00,0x00,0x00,0x00,0x6B,0xFF,0xFF,0xB7,0x00,0x00,0x00,0x00,0x00,0x60,0xFF,0xFF,
  0x89,0x00,0x00,0x00,0x00,0x00,0xA3,0xFF,0xFF,0x85,0x00,0x00,0x00,0x00,0x00,0x2B,
  0xFF,0xFF,0xF3,0x06,0x00,0x00,0x00,0x00,0x7E,0xFF,0xFF,0x6B,0x00,0x00,0x00,0x00,
  0x00,0x11,0xFF,0xFF,0xFF,0x35,0x00,0x00,0x00,0x00,0x07,0x86,0xCA,0x54,0x00,0x00,
  0x00,0x00,0x00,0x07,0xFF,0xFF,0xFF,0x51,0x00,0x00,0x00,0x00,0x00,0x00,0x00,0x00,
  0x00,0x00,0x00,0x00,0x00,0x00,0xFF,0xFF,0xFF,0x5E,0x00,0x00,0x00,0x00,0x00,0x00,
  0x00,0x00,0x00,0x00,0x00,0x00,0x00,0x00,0xFF,0xFF,0xFF,0x60,0x00,0x00,0x00,0x00,
  0x00,0x00,0x00,0x00,0x00,0x00,0x00,0x00,0x00,0x00,0xFF,0xFF,0xFF,0x60,0x00,0x00,
  0x00,0x00,0x00,0x00,0x16,0x59,0x83,0x86,0x67,0x5F,0x5C,0x5C,0xFF,0xFF,0xFF,0x60,
  0x00,0x00,0x00,0x00,0x20,0xAC,0xFD,0xD6,0x3C,0x00,0x00,0x00,0x00,0x00,0xFF,0xFF,
  0xFF,0x60,0x00,0x00,0x00,0x25,0xEA,0xFF,0xF4,0x1D,0x00,0x00,0x00,0x00,0x00,0x00,
  0xFF,0xFF,0xFF,0x60,0x00,0x00,0x00,0xB8,0xFF,0xFF,0xA3,0x00,0x00,0x00,0x00,0x00,
  0x00,0x00,0xFF,0xFF,0xFF,0x60,0x00,0x00,0x10,0xFD,0xFF,0xFF,0x6B,0x00,0x00,0x00,
  0x00,0x00,0x00,0x00,0xFF,0xFF,0xFF,0x60,0x00,0x00,0x2C,0xFF,0xFF,0xFF,0x53,0x00,
  0x00,0x00,0x00,0x00,0x00,0x01,0xFF,0xFF,0xFF,0x60,0x00,0x00,0x23,0xFF,0xFF,0xFF,
  0x50,0x00,0x00,0x00,0x00,0x00,0x00,0x18,0xFF,0xFF,0xFF,0x60,0x00,0x00,0x02,0xEB,
  0xFF,0xFF,0x66,0x00,0x00,0x00,0x00,0x00,0x00,0x5A,0xD7,0xFF,0xFF,0x60,0x00,0x00,
  0x00,0x7C,0xFF,0xFF,0xA5,0x00,0x00,0x00,0x00,0x00,0x08,0x7D,0xB8,0xFF,0xFF,0x67,
  0x00,0x00,0x00,0x03,0xA4,0xFF,0xFA,0x37,0x00,0x00,0x00,0x10,0x84,0x11,0xB8,0xFF,
  0xFF,0x94,0x00,0x00,0x00,0x00,0x00,0x4D,0xB1,0xDF,0x9B,0x6B,0x64,0x53,0x07,0x00,
  0xB8,0xFF,0xFF,0xF9,0x90,0x47,0x0F,0x6E,0xA9,0xFE,0xFF,0xFF,0xFF,0x44,0x00,0x00,
  0x00,0x00,0x00,0x00,0x00,0x00,0x00,0x00,0x00,0x00,0x00,0x00,0x00,0x00,0x86,0xFF,
  0xFF,0xFF,0x44,0x00,0x00,0x00,0x00,0x00,0x00,0x00,0x00,0x00,0x00,0x00,0x00,0x00,
  0x00,0x00,0x00,0x35,0xFF,0xFF,0xFF,0x44,0x00,0x00,0x00,0x00,0x00,0x00,0x00,0x00,
  0x00,0x00,0x00,0x00,0x00,0x00,0x00,0x00,0x1C,0xFF,0xFF,0xFF,0x44,0x00,0x00,0x00,
  0x00,0x00,0x00,0x00,0x00,0x00,0x00,0x00,0x00,0x00,0x00,0x00,0x00,0x1C,0xFF,0xFF,
  0xFF,0x44,0x00,0x00,0x00,0x00,0x00,0x00,0x00,0x00,0x00,0x00,0x00,0x00,0x00,0x00,
  0x00,0x00,0x1C,0xFF,0xFF,0xFF,0x44,0x00,0x00,0x00,0x00,0x00,0x00,0x00,0x00,0x00,
  0x00,0x00,0x00,0x00,0x00,0x00,0x00,0x1C,0xFF,0xFF,0xFF,0x44,0x00,0x00,0x00,0x00,
  0x00,0x00,0x00,0x00,0x00,0x00,0x00,0x00,0x00,0x00,0x00,0x00,0x1C,0xFF,0xFF,0xFF,
  0x44,0x00,0x00,0x00,0x00,0x00,0x00,0x00,0x00,0x00,0x00,0x00,0x00,0x00,0x00,0x00,
  0x00,0x1C,0xFF,0xFF,0xFF,0x44,0x00,0x0F,0x66,0x74,0x89,0xB4,0xD6,0x90,0x25,0x00,
  0x00,0x00,0x00,0x00,0x00,0x00,0x1C,0xFF,0xFF,0xFF,0x43,0x17,0x64,0x03,0x00,0x00,
  0x00,0x4D,0xF9,0xF7,0x63,0x00,0x00,0x00,0x00,0x00,0x00,0x1C,0xFF,0xFF,0xFF,0x40,
  0x67,0x00,0x00,0x00,0x00,0x00,0x00,0x87,0xFF,0xFD,0x4C,0x00,0x00,0x00,0x00,0x00,
  0x1C,0xFF,0xFF,0xFF,0x69,0x34,0x00,0x00,0x00,0x00,0x00,0x00,0x1E,0xFE,0xFF,0xDD,
  0x06,0x00,0x00,0x00,0x00,0x1C,0xFF,0xFF,0xFF,0x97,0x00,0x00,0x00,0x00,0x00,0x00,
  0x00,0x00,0xD8,0xFF,0xFF,0x4F,0x00,0x00,0x00,0x00,0x1C,0xFF,0xFF,0xFF,0x96,0x00,
  0x00,0x00,0x00,0x00,0x00,0x00,0x00,0xA7,0xFF,0xFF,0xA0,0x00,0x00,0x00,0x00,0x1C,
  0xFF,0xFF,0xFF,0x7B,0x00,0x00,0x00,0x00,0x00,0x00,0x00,0x00,0x8B,0xFF,0xFF,0xD2,
  0x00,0x00,0x00,0x00,0x1C,0xFF,0xFF,0xFF,0x5E,0x00,0x00,0x00,0x00,0x00,0x00,0x00,
  0x00,0x74,0xFF,0xFF,0xF9,0x01,0x00,0x00,0x00,0x1C,0xFF,0xFF,0xFF,0x4F,0x00,0x00,
  0x00,0x00,0x00,0x00,0x00,0x00,0x6A,0xFF,0xFF,0xFF,0x0D,0x00,0x00,0x00,0x1C,0xFF,
  0xFF,0xFF,0x47,0x00,0x00,0x00,0x00,0x00,0x00,0x00,0x00,0x63,0xFF,0xFF,0xFF,0x19,
  0x00,0x00,0x00,0x1C,0xFF,0xFF,0xFF,0x48,0x00,0x00,0x00,0x00,0x00,0x00,0x00,0x00,
  0x64,0xFF,0xFF,0xFF,0x18,0x00,0x00,0x00,0x1C,0xFF,0xFF,0xFF,0x50,0x00,0x00,0x00,
  0x00,0x00,0x00,0x00,0x00,0x6B,0xFF,0xFF,0xFF,0x0B,0x00,0x00,0x00,0x1C,0xFF,0xFF,
  0xFF,0x60,0x00,0x00,0x00,0x00,0x00,0x00,0x00,0x00,0x76,0xFF,0xFF,0xF5,0x01,0x00,
  0x00,0x00,0x1C,0xFF,0xFF,0xFF,0x7E,0x00,0x00,0x00,0x00,0x00,0x00,0x00,0x00,0x8D,
  0xFF,0xFF,0xCC,0x00,0x00,0x00,0x00,0x1C,0xFF,0xFF,0xFF,0xA3,0x00,0x00,0x00,0x00,
  0x00,0x00,0x00,0x00,0xAA,0xFF,0xFF,0x95,0x00,0x00,0x00,0x00,0x1C,0xFF,0xFF,0xFF,
  0xA6,0x00,0x00,0x00,0x00,0x00,0x00,0x00,0x00,0xDA,0xFF,0xFF,0x41,0x00,0x00,0x00,
  0x00,0x1C,0xFF,0xFF,0xFF,0x74,0x3D,0x00,0x00,0x00,0x00,0x00,0x00,0x20,0xFF,0xFF,
  0xCD,0x01,0x00,0x00,0x00,0x00,0x34,0xFF,0xFF,0xFF,0x3C,0x81,0x01,0x00,0x00,0x00,
  0x00,0x00,0x89,0xFF,0xF8,0x37,0x00,0x00,0x00,0x00,0x00,0x84,0xFF,0xFF,0xFF,0x3C,
  0x20,0x7E,0x06,0x00,0x00,0x00,0x4D,0xFA,0xF0,0x4D,0x00,0x00,0x00,0x21,0x6C,0xA6,
  0xFD,0xFF,0xFF,0xFF,0x3C,0x00,0x14,0x74,0x7A,0x8A,0xB2,0xD2,0x88,0x1A,0x00,0x00,
  0x00,0x00,0x00,0x00,0x00,0x00,0x02,0x47,0xA3,0x81,0x5C,0x5F,0x9D,0xAE,0x62,0x0B,
  0x00,0x00,0x00,0x00,0x00,0x1E,0xCA,0xFD,0x4C,0x00,0x00,0x00,0x01,0xB6,0xFF,0xE2,
  0x38,0x00,0x00,0x00,0x13,0xDF,0xFF,0x9D,0x00,0x00,0x00,0x00,0x00,0x4D,0xFF,0xFF,
  0xE7,0x09,0x00,0x00,0xA4,0xFF,0xFF,0x34,0x00,0x00,0x00,0x00,0x00,0x18,0xFF,0xFF,
  0xFF,0x34,0x00,0x22,0xFE,0xFF,0xED,0x01,0x00,0x00,0x00,0x00,0x00,0x01,0xFC,0xFF,
  0xFB,0x1A,0x00,0x7A,0xFF,0xFF,0xBF,0x00,0x00,0x00,0x00,0x00,0x00,0x00,0xD6,0xBE,
  0x4D,0x00,0x00,0xB7,0xFF,0xFF,0x9F,0x00,0x00,0x00,0x00,0x00,0x00,0x00,0x00,0x00,
  0x00,0x00,0x00,0xDD,0xFF,0xFF,0x8B,0x00,0x00,0x00,0x00,0x00,0x00,0x00,0x00,0x00,
  0x00,0x00,0x00,0xF6,0xFF,0xFF,0x7F,0x00,0x00,0x00,0x00,0x00,0x00,0x00,0x00,0x00,
  0x00,0x00,0x01,0xFE,0xFF,0xFF,0x79,0x00,0x00,0x00,0x00,0x00,0x00,0x00,0x00,0x00,
  0x00,0x00,0x00,0xFE,0xFF,0xFF,0x7A,0x00,0x00,0x00,0x00,0x00,0x00,0x00,0x00,0x00,
  0x00,0x00,0x00,0xF4,0xFF,0xFF,0x7F,0x00,0x00,0x00,0x00,0x00,0x00,0x00,0x00,0x00,
  0x00,0x00,0x00,0xD9,0xFF,0xFF,0x8E,0x00,0x00,0x00,0x00,0x00,0x00,0x00,0x00,0x00,
  0x00,0x00,0x00,0xB0,0xFF,0xFF,0xA4,0x00,0x00,0x00,0x00,0x00,0x00,0x00,0x00,0x00,
  0x00,0x00,0x00,0x72,0xFF,0xFF,0xC6,0x00,0x00,0x00,0x00,0x00,0x00,0x00,0x00,0x00,
  0x00,0x00,0x00,0x1B,0xFC,0xFF,0xF5,0x05,0x00,0x00,0x00,0x00,0x00,0x00,0x00,0x00,
  0x53,0x2B,0x00,0x00,0x97,0xFF,0xFF,0x47,0x00,0x00,0x00,0x00,0x00,0x00,0x00,0x00,
  0xB9,0x64,0x00,0x00,0x0D,0xD4,0xFF,0xBD,0x00,0x00,0x00,0x00,0x00,0x00,0x00,0x33,
  0xF3,0x1D,0x00,0x00,0x00,0x15,0xBA,0xFF,0x88,0x04,0x00,0x00,0x00,0x00,0x26,0xCB,
  0x47,0x00,0x00,0x00,0x00,0x00,0x00,0x39,0x96,0xAD,0x71,0x5E,0x5B,0x68,0x77,0x12,
  0x00,0x00,0x00,0x00,0x00,0x00,0x00,0x00,0x00,0x00,0x00,0x15,0x70,0xAF,0xFF,0xFF,
  0xFF,0xFF,0x38,0x00,0x00,0x00,0x00,0x00,0x00,0x00,0x00,0x00,0x00,0x00,0x00,0x00,
  0x00,0x00,0x96,0xFF,0xFF,0xFF,0x38,0x00,0x00,0x00,0x00,0x00,0x00,0x00,0x00,0x00,
  0x00,0x00,0x00,0x00,0x00,0x00,0x45,0xFF,0xFF,0xFF,0x38,0x00,0x00,0x00,0x00,0x00,
  0x00,0x00,0x00,0x00,0x00,0x00,0x00,0x00,0x00,0x00,0x2D,0xFF,0xFF,0xFF,0x38,0x00,
  0x00,0x00,0x00,0x00,0x00,0x00,0x00,0x00,0x00,0x00,0x00,0x00,0x00,0x00,0x2C,0xFF,
  0xFF,0xFF,0x38,0x00,0x00,0x00,0x00,0x00,0x00,0x00,0x00,0x00,0x00,0x00,0x00,0x00,
  0x00,0x00,0x2C,0xFF,0xFF,0xFF,0x38,0x00,0x00,0x00,0x00,0x00,0x00,0x00,0x00,0x00,
  0x00,0x00,0x00,0x00,0x00,0x00,0x2C,0xFF,0xFF,0xFF,0x38,0x00,0x00,0x00,0x00,0x00,
  0x00,0x00,0x00,0x00,0x00,0x00,0x00,0x00,0x00,0x00,0x2B,0xFF,0xFF,0xFF,0x38,0x00,
  0x00,0x00,0x00,0x00,0x00,0x1B,0x88,0xD2,0xBA,0x8C,0x77,0x6B,0x19,0x00,0x2B,0xFF,
  0xFF,0xFF,0x38,0x00,0x00,0x00,0x00,0x00,0x50,0xF2,0xFE,0x5E,0x00,0x00,0x00,0x01,
  0x5E,0x28,0x28,0xFF,0xFF,0xFF,0x38,0x00,0x00,0x00,0x00,0x37,0xF8,0xFF,0x9B,0x00,
  0x00,0x00,0x00,0x00,0x00,0x6D,0x27,0xFF,0xFF,0xFF,0x38,0x00,0x00,0x00,0x00,0xC9,
  0xFF,0xFF,0x30,0x00,0x00,0x00,0x00,0x00,0x00,0x1F,0x6A,0xFF,0xFF,0xFF,0x38,0x00,
  0x00,0x00,0x36,0xFF,0xFF,0xEC,0x00,0x00,0x00,0x00,0x00,0x00,0x00,0x00,0x7F,0xFF,
  0xFF,0xFF,0x38,0x00,0x00,0x00,0x86,0xFF,0xFF,0xBE,0x00,0x00,0x00,0x00,0x00,0x00,
  0x00,0x00,0x7D,0xFF,0xFF,0xFF,0x38,0x00,0x00,0x00,0xB8,0xFF,0xFF,0xA1,0x00,0x00,
  0x00,0x00,0x00,0x00,0x00,0x00,0x64,0xFF,0xFF,0xFF,0x38,0x00,0x00,0x00,0xE0,0xFF,
  0xFF,0x8B,0x00,0x00,0x00,0x00,0x00,0x00,0x00,0x00,0x47,0xFF,0xFF,0xFF,0x38,0x00,
  0x00,0x00,0xF3,0xFF,0xFF,0x81,0x00,0x00,0x00,0x00,0x00,0x00,0x00,0x00,0x39,0xFF,
  0xFF,0xFF,0x38,0x00,0x00,0x00,0xFD,0xFF,0xFF,0x7A,0x00,0x00,0x00,0x00,0x00,0x00,
  0x00,0x00,0x30,0xFF,0xFF,0xFF,0x38,0x00,0x00,0x00,0xFD,0xFF,0xFF,0x7B,0x00,0x00,
  0x00,0x00,0x00,0x00,0x00,0x00,0x31,0xFF,0xFF,0xFF,0x38,0x00,0x00,0x00,0xF1,0xFF,
  0xFF,0x82,0x00,0x00,0x00,0x00,0x00,0x00,0x00,0x00,0x3A,0xFF,0xFF,0xFF,0x38,0x00,
  0x00,0x00,0xDC,0xFF,0xFF,0x8C,0x00,0x00,0x00,0x00,0x00,0x00,0x00,0x00,0x49,0xFF,
  0xFF,0xFF,0x38,0x00,0x00,0x00,0xB2,0xFF,0xFF,0xA3,0x00,0x00,0x00,0x00,0x00,0x00,
  0x00,0x00,0x67,0xFF,0xFF,0xFF,0x38,0x00,0x00,0x00,0x7B,0xFF,0xFF,0xC0,0x00,0x00,
  0x00,0x00,0x00,0x00,0x00,0x00,0x8B,0xFF,0xFF,0xFF,0x38,0x00,0x00,0x00,0x28,0xFF,
  0xFF,0xEE,0x00,0x00,0x00,0x00,0x00,0x00,0x00,0x00,0x8E,0xFF,0xFF,0xFF,0x38,0x00,
  0x00,0x00,0x00,0xB6,0xFF,0xFF,0x33,0x00,0x00,0x00,0x00,0x00,0x00,0x25,0x75,0xFF,
  0xFF,0xFF,0x38,0x00,0x00,0x00,0x00,0x27,0xF0,0xFF,0x9D,0x00,0x00,0x00,0x00,0x00,
  0x00,0x80,0x26,0xFF,0xFF,0xFF,0x4E,0x00,0x00,0x00,0x00,0x00,0x3C,0xE8,0xFE,0x5F,
  0x00,0x00,0x00,0x02,0x6E,0x32,0x20,0xFF,0xFF,0xFF,0x9D,0x00,0x00,0x00,0x00,0x00,
  0x00,0x11,0x7E,0xCD,0xB7,0x8D,0x7B,0x76,0x1E,0x00,0x20,0xFF,0xFF,0xFF,0xFF,0xB1,
  0x70,0x2A,0x00,0x00,0x00,0x00,0x48,0x9F,0x82,0x5A,0x61,0xA0,0x9C,0x39,0x00,0x00,
  0x00,0x00,0x00,0x00,0x0F,0xB7,0xFF,0x55,0x00,0x00,0x00,0x02,0xA9,0xFF,0x9D,0x05,
  0x00,0x00,0x00,0x09,0xCC,0xFF,0xAA,0x00,0x00,0x00,0x00,0x00,0x18,0xFB,0xFF,0xA7,
  0x00,0x00,0x00,0x89,0xFF,0xFF,0x45,0x00,0x00,0x00,0x00,0x00,0x00,0xBC,0xFF,0xFF,
  0x52,0x00,0x11,0xF8,0xFF,0xFA,0x09,0x00,0x00,0x00,0x00,0x00,0x00,0x86,0xFF,0xFF,
  0xC3,0x00,0x67,0xFF,0xFF,0xD2,0x00,0x00,0x00,0x00,0x00,0x00,0x00,0x5F,0xFF,0xFF,
  0xFF,0x12,0xA5,0xFF,0xFF,0xB0,0x00,0x00,0x00,0x00,0x00,0x00,0x00,0x48,0xFF,0xFF,
  0xFF,0x45,0xD4,0xFF,0xFF,0x95,0x00,0x00,0x00,0x00,0x00,0x00,0x00,0x38,0xFF,0xFF,
  0xFF,0x5F,0xEE,0xFF,0xFF,0x85,0x00,0x00,0x00,0x00,0x00,0x00,0x00,0x32,0xFF,0xFF,
  0xFF,0x6E,0xFB,0xFF,0xFF,0xA8,0x58,0x58,0x58,0x58,0x58,0x58,0x58,0x66,0xAC,0xAC,
  0xAC,0x4D,0xFC,0xFF,0xFF,0x7F,0x00,0x00,0x00,0x00,0x00,0x00,0x00,0x00,0x00,0x00,
  0x00,0x00,0xEE,0xFF,0xFF,0x88,0x00,0x00,0x00,0x00,0x00,0x00,0x00,0x00,0x00,0x00,
  0x00,0x00,0xD5,0xFF,0xFF,0x98,0x00,0x00,0x00,0x00,0x00,0x00,0x00,0x00,0x00,0x00,
  0x00,0x00,0xA0,0xFF,0xFF,0xB4,0x00,0x00,0x00,0x00,0x00,0x00,0x00,0x00,0x00,0x00,
  0x00,0x00,0x5B,0xFF,0xFF,0xD7,0x00,0x00,0x00,0x00,0x00,0x00,0x00,0x00,0x00,0x00,
  0x00,0x00,0x07,0xEB,0xFF,0xFE,0x0E,0x00,0x00,0x00,0x00,0x00,0x00,0x00,0x00,0x2B,
  0x31,0x00,0x00,0x64,0xFF,0xFF,0x57,0x00,0x00,0x00,0x00,0x00,0x00,0x00,0x00,0x84,
  0x9A,0x00,0x00,0x00,0xA1,0xFF,0xC7,0x02,0x00,0x00,0x00,0x00,0x00,0x00,0x16,0xEC,
  0x52,0x00,0x00,0x00,0x01,0x85,0xF9,0x8C,0x02,0x00,0x00,0x00,0x00,0x1F,0xCA,0x78,
  0x00,0x00,0x00,0x00,0x00,0x00,0x23,0x85,0x9C,0x65,0x59,0x57,0x75,0x86,0x27,0x00,
  0x00,0x00,0x00,0x00,0x00,0x00,0x00,0x00,0x00,0x05,0x4E,0x6B,0x5A,0x93,0x9A,0x6A,
  0x12,0x00,0x00,0x00,0x00,0x00,0x00,0x00,0x45,0xE3,0xBC,0x06,0x00,0x0B,0xCD,0xFF,
  0xEE,0x37,0x00,0x00,0x00,0x00,0x00,0x40,0xFC,0xFF,0x3C,0x00,0x00,0x00,0x61,0xFF,
  0xFF,0xB7,0x00,0x00,0x00,0x00,0x02,0xD9,0xFF,0xFB,0x06,0x00,0x00,0x00,0x38,0xFF,
  0xFF,0xA5,0x00,0x00,0x00,0x00,0x3E,0xFF,0xFF,0xE1,0x00,0x00,0x00,0x00,0x28,0xED,
  0xAA,0x16,0x00,0x00,0x00,0x00,0x78,0xFF,0xFF,0xCF,0x00,0x00,0x00,0x00,0x00,0x00,
  0x00,0x00,0x00,0x00,0x00,0x00,0x91,0xFF,0xFF,0xC9,0x00,0x00,0x00,0x00,0x00,0x00,
  0x00,0x00,0x00,0x00,0x00,0x00,0x9B,0xFF,0xFF,0xC8,0x00,0x00,0x00,0x00,0x00,0x00,
  0x00,0x00,0x00,0x00,0x00,0x00,0x9C,0xFF,0xFF,0xC8,0x00,0x00,0x00,0x00,0x00,0x00,
  0x00,0x00,0x00,0x51,0x5C,0x5C,0xBF,0xFF,0xFF,0xDC,0x5C,0x5C,0x5C,0x5C,0x4F,0x00,
  0x00,0x00,0x00,0x00,0x00,0x00,0x9C,0xFF,0xFF,0xC8,0x00,0x00,0x00,0x00,0x00,0x00,
  0x00,0x00,0x00,0x00,0x00,0x00,0x9C,0xFF,0xFF,0xC8,0x00,0x00,0x00,0x00,0x00,0x00,
  0x00,0x00,0x00,0x00,0x00,0x00,0x9C,0xFF,0xFF,0xC8,0x00,0x00,0x00,0x00,0x00,0x00,
  0x00,0x00,0x00,0x00,0x00,0x00,0x9C,0xFF,0xFF,0xC8,0x00,0x00,0x00,0x00,0x00,0x00,
  0x00,0x00,0x00,0x00,0x00,0x00,0x9C,0xFF,0xFF,0xC8,0x00,0x00,0x00,0x00,0x00,0x00,
  0x00,0x00,0x00,0x00,0x00,0x00,0x9C,0xFF,0xFF,0xC8,0x00,0x00,0x00,0x00,0x00,0x00,
  0x00,0x00,0x00,0x00,0x00,0x00,0x9C,0xFF,0xFF,0xC8,0x00,0x00,0x00,0x00,0x00,0x00,
  0x00,0x00,0x00,0x00,0x00,0x00,0x9C,0xFF,0xFF,0xC8,0x00,0x00,0x00,0x00,0x00,0x00,
  0x00,0x00,0x00,0x00,0x00,0x00,0x9C,0xFF,0xFF,0xC8,0x00,0x00,0x00,0x00,0x00,0x00,
  0x00,0x00,0x00,0x00,0x00,0x00,0x9C,0xFF,0xFF,0xC8,0x00,0x00,0x00,0x00,0x00,0x00,
  0x00,0x00,0x00,0x00,0x00,0x00,0x9C,0xFF,0xFF,0xC8,0x00,0x00,0x00,0x00,0x00,0x00,
  0x00,0x00,0x00,0x00,0x00,0x00,0x9C,0xFF,0xFF,0xC8,0x00,0x00,0x00,0x00,0x00,0x00,
  0x00,0x00,0x00,0x00,0x00,0x00,0x9C,0xFF,0xFF,0xC8,0x00,0x00,0x00,0x00,0x00,0x00,
  0x00,0x00,0x00,0x00,0x00,0x00,0x9C,0xFF,0xFF,0xC8,0x00,0x00,0x00,0x00,0x00,0x00,
  0x00,0x00,0x00,0x00,0x00,0x00,0x9C,0xFF,0xFF,0xC8,0x00,0x00,0x00,0x00,0x00,0x00,
  0x00,0x00,0x00,0x00,0x00,0x00,0x9C,0xFF,0xFF,0xCA,0x00,0x00,0x00,0x00,0x00,0x00,
  0x00,0x00,0x00,0x00,0x00,0x00,0xB5,0xFF,0xFF,0xE3,0x00,0x00,0x00,0x00,0x00,0x00,
  0x00,0x00,0x00,0x00,0x00,0x15,0xF0,0xFF,0xFF,0xFF,0x39,0x00,0x00,0x00,0x00,0x00,
  0x00,0x00,0x02,0x60,0x7F,0xE2,0xFF,0xFF,0xFF,0xFF,0xF1,0x8C,0x64,0x5C,0x08,0x00,
  0x00,0x00,0x00,0x00,0x00,0x00,0x00,0x00,0x00,0x00,0x00,0x00,0x00,0x00,0x00,0x00,
  0x00,0x00,0x07,0x02,0x00,0x00,0x00,0x00,0x00,0x00,0x25,0x92,0xAC,0x64,0x60,0x93,
  0x73,0x05,0x00,0x36,0xC6,0xFD,0xF3,0x56,0x00,0x00,0x00,0x00,0x65,0xFB,0xDE,0x0E,
  0x00,0x00,0x02,0xB9,0xC8,0x5B,0x7D,0x51,0xBA,0xFF,0xDD,0x00,0x00,0x00,0x45,0xFE,
  0xFF,0x6B,0x00,0x00,0x00,0x00,0x3E,0xFF,0xDB,0x13,0x00,0x20,0xFF,0xC8,0x00,0x00,
  0x00,0xD3,0xFF,0xFF,0x25,0x00,0x00,0x00,0x00,0x04,0xF7,0xFF,0xB0,0x00,0x00,0x7D,
  0x1E,0x00,0x00,0x31,0xFF,0xFF,0xF9,0x01,0x00,0x00,0x00,0x00,0x00,0xD4,0xFF,0xFF,
  0x2E,0x00,0x00,0x00,0x00,0x00,0x69,0xFF,0xFF,0xE2,0x00,0x00,0x00,0x00,0x00,0x00,
  0xBD,0xFF,0xFF,0x7A,0x00,0x00,0x00,0x00,0x00,0x81,0xFF,0xFF,0xD8,0x00,0x00,0x00,
  0x00,0x00,0x00,0xB4,0xFF,0xFF,0xA0,0x00,0x00,0x00,0x00,0x00,0x86,0xFF,0xFF,0xD7,
  0x00,0x00,0x00,0x00,0x00,0x00,0xB3,0xFF,0xFF,0xAE,0x00,0x00,0x00,0x00,0x00,0x6F,
  0xFF,0xFF,0xE1,0x00,0x00,0x00,0x00,0x00,0x00,0xBD,0xFF,0xFF,0x9A,0x00,0x00,0x00,
  0x00,0x00,0x36,0xFF,0xFF,0xF9,0x01,0x00,0x00,0x00,0x00,0x00,0xD4,0xFF,0xFF,0x62,
  0x00,0x00,0x00,0x00,0x00,0x00,0xCE,0xFF,0xFF,0x29,0x00,0x00,0x00,0x00,0x06,0xF8,
  0xFF,0xF0,0x0E,0x00,0x00,0x00,0x00,0x00,0x00,0x29,0xEC,0xFF,0x7B,0x00,0x00,0x00,
  0x00,0x4A,0xFF,0xFF,0x5E,0x00,0x00,0x00,0x00,0x00,0x00,0x00,0x00,0x2F,0xC9,0xF2,
  0x33,0x00,0x00,0x16,0xD5,0xF0,0x62,0x00,0x00,0x00,0x00,0x00,0x00,0x00,0x00,0x00,
  0x09,0x67,0x72,0x7F,0x66,0x61,0x87,0x5F,0x10,0x00,0x00,0x00,0x00,0x00,0x00,0x00,
  0x00,0x00,0x07,0xC5,0x58,0x00,0x00,0x00,0x00,0x00,0x00,0x00,0x00,0x00,0x00,0x00,
  0x00,0x00,0x00,0x00,0x00,0x6C,0xFF,0x49,0x00,0x00,0x00,0x00,0x00,0x00,0x00,0x00,
  0x00,0x00,0x00,0x00,0x00,0x00,0x00,0x00,0x9C,0xFF,0xE2,0x6E,0x47,0x40,0x40,0x40,
  0x3F,0x35,0x1D,0x00,0x00,0x00,0x00,0x00,0x00,0x00,0x00,0x6F,0xFF,0xFF,0xFF,0xFF,
  0xFF,0xFF,0xFF,0xFF,0xFF,0xFF,0xE3,0x74,0x02,0x00,0x00,0x00,0x00,0x00,0x0A,0xD1,
  0xFF,0xFF,0xFF,0xFF,0xFF,0xFF,0xFF,0xFF,0xFF,0xFF,0xFF,0xA0,0x00,0x00,0x00,0x00,
  0x00,0x00,0x1D,0xAD,0xFE,0xFF,0xFF,0xFF,0xFF,0xFF,0xFF,0xFF,0xFF,0xFF,0xFF,0x45,
  0x00,0x00,0x00,0x4A,0xCA,0xEA,0x68,0x19,0x01,0x00,0x00,0x00,0x0A,0x2A,0x82,0xF5,
  0xFF,0xFF,0xA2,0x00,0x00,0x56,0xFE,0xFD,0x33,0x00,0x00,0x00,0x00,0x00,0x00,0x00,
  0x00,0x00,0x5D,0xFF,0xFF,0xCE,0x00,0x01,0xE4,0xFF,0xB9,0x00,0x00,0x00,0x00,0x00,
  0x00,0x00,0x00,0x00,0x00,0x00,0xEC,0xFF,0xD3,0x00,0x20,0xFF,0xFF,0x8C,0x00,0x00,
  0x00,0x00,0x00,0x00,0x00,0x00,0x00,0x00,0x00,0xC6,0xFF,0xB7,0x00,0x1F,0xFF,0xFF,
  0x82,0x00,0x00,0x00,0x00,0x00,0x00,0x00,0x00,0x00,0x00,0x00,0xCF,0xFF,0x70,0x00,
  0x02,0xE4,0xFF,0xA7,0x00,0x00,0x00,0x00,0x00,0x00,0x00,0x00,0x00,0x00,0x10,0xFA,
  0xE6,0x0F,0x00,0x00,0x63,0xFF,0xF3,0x16,0x00,0x00,0x00,0x00,0x00,0x00,0x00,0x00,
  0x00,0x8E,0xF3,0x3D,0x00,0x00,0x00,0x00,0x71,0xF8,0xC7,0x1A,0x00,0x00,0x00,0x00,
  0x00,0x00,0x0B,0x8C,0xC7,0x2E,0x00,0x00,0x00,0x00,0x00,0x00,0x1E,0x7C,0xB2,0x8B,
  0x68,0x5C,0x58,0x5E,0x66,0x7C,0x37,0x00,0x00,0x00,0x00,0x00,0x0F,0x64,0x9B,0xFC,
  0xFF,0xFF,0xFF,0x44,0x00,0x00,0x00,0x00,0x00,0x00,0x00,0x00,0x00,0x00,0x00,0x00,
  0x00,0x00,0x00,0x00,0x00,0x81,0xFF,0xFF,0xFF,0x44,0x00,0x00,0x00,0x00,0x00,0x00,
  0x00,0x00,0x00,0x00,0x00,0x00,0x00,0x00,0x00,0x00,0x00,0x33,0xFF,0xFF,0xFF,0x44,
  0x00,0x00,0x00,0x00,0x00,0x00,0x00,0x00,0x00,0x00,0x00,0x00,0x00,0x00,0x00,0x00,
  0x00,0x1E,0xFF,0xFF,0xFF,0x44,0x00,0x00,0x00,0x00,0x00,0x00,0x00,0x00,0x00,0x00,
  0x00,0x00,0x00,0x00,0x00,0x00,0x00,0x1C,0xFF,0xFF,0xFF,0x44,0x00,0x00,0x00,0x00,
  0x00,0x00,0x00,0x00,0x00,0x00,0x00,0x00,0x00,0x00,0x00,0x00,0x00,0x1C,0xFF,0xFF,
  0xFF,0x44,0x00,0x00,0x00,0x00,0x00,0x00,0x00,0x00,0x00,0x00,0x00,0x00,0x00,0x00,
  0x00,0x00,0x00,0x1C,0xFF,0xFF,0xFF,0x44,0x00,0x00,0x00,0x00,0x00,0x00,0x00,0x00,
  0x00,0x00,0x00,0x00,0x00,0x00,0x00,0x00,0x00,0x1C,0xFF,0xFF,0xFF,0x44,0x00,0x00,
  0x00,0x00,0x00,0x00,0x00,0x00,0x00,0x00,0x00,0x00,0x00,0x00,0x00,0x00,0x00,0x1C,
  0xFF,0xFF,0xFF,0x44,0x00,0x3E,0x6B,0x72,0x99,0xD6,0xCC,0x84,0x16,0x00,0x00,0x00,
  0x00,0x00,0x00,0x00,0x00,0x1C,0xFF,0xFF,0xFF,0x43,0x59,0x35,0x00,0x00,0x00,0x0A,
  0xB7,0xFF,0xEB,0x38,0x00,0x00,0x00,0x00,0x00,0x00,0x00,0x1C,0xFF,0xFF,0xFF,0x68,
  0x44,0x00,0x00,0x00,0x00,0x00,0x1E,0xFD,0xFF,0xE4,0x0D,0x00,0x00,0x00,0x00,0x00,
  0x00,0x1C,0xFF,0xFF,0xFF,0x9E,0x00,0x00,0x00,0x00,0x00,0x00,0x00,0xBC,0xFF,0xFF,
  0x68,0x00,0x00,0x00,0x00,0x00,0x00,0x1C,0xFF,0xFF,0xFF,0x88,0x00,0x00,0x00,0x00,
  0x00,0x00,0x00,0x8E,0xFF,0xFF,0xB0,0x00,0x00,0x00,0x00,0x00,0x00,0x1C,0xFF,0xFF,
  0xFF,0x5C,0x00,0x00,0x00,0x00,0x00,0x00,0x00,0x73,0xFF,0xFF,0xDC,0x00,0x00,0x00,
  0x00,0x00,0x00,0x1C,0xFF,0xFF,0xFF,0x49,0x00,0x00,0x00,0x00,0x00,0x00,0x00,0x68,
  0xFF,0xFF,0xEE,0x00,0x00,0x00,0x00,0x00,0x00,0x1C,0xFF,0xFF,0xFF,0x44,0x00,0x00,
  0x00,0x00,0x00,0x00,0x00,0x68,0xFF,0xFF,0xF7,0x00,0x00,0x00,0x00,0x00,0x00,0x1C,
  0xFF,0xFF,0xFF,0x44,0x00,0x00,0x00,0x00,0x00,0x00,0x00,0x68,0xFF,0xFF,0xF8,0x00,
  0x00,0x00,0x00,0x00,0x00,0x1C,0xFF,0xFF,0xFF,0x44,0x00,0x00,0x00,0x00,0x00,0x00,
  0x00,0x68,0xFF,0xFF,0xF8,0x00,0x00,0x00,0x00,0x00,0x00,0x1C,0xFF,0xFF,0xFF,0x44,
  0x00,0x00,0x00,0x00,0x00,0x00,0x00,0x68,0xFF,0xFF,0xF8,0x00,0x00,0x00,0x00,0x00,
  0x00,0x1C,0xFF,0xFF,0xFF,0x44,0x00,0x00,0x00,0x00,0x00,0x00,0x00,0x68,0xFF,0xFF,
  0xF8,0x00,0x00,0x00,0x00,0x00,0x00,0x1C,0xFF,0xFF,0xFF,0x44,0x00,0x00,0x00,0x00,
  0x00,0x00,0x00,0x68,0xFF,0xFF,0xF8,0x00,0x00,0x00,0x00,0x00,0x00,0x1C,0xFF,0xFF,
  0xFF,0x44,0x00,0x00,0x00,0x00,0x00,0x00,0x00,0x68,0xFF,0xFF,0xF8,0x00,0x00,0x00,
  0x00,0x00,0x00,0x1C,0xFF,0xFF,0xFF,0x44,0x00,0x00,0x00,0x00,0x00,0x00,0x00,0x68,
  0xFF,0xFF,0xF8,0x00,0x00,0x00,0x00,0x00,0x00,0x1C,0xFF,0xFF,0xFF,0x44,0x00,0x00,
  0x00,0x00,0x00,0x00,0x00,0x68,0xFF,0xFF,0xF8,0x00,0x00,0x00,0x00,0x00,0x00,0x1F,
  0xFF,0xFF,0xFF,0x46,0x00,0x00,0x00,0x00,0x00,0x00,0x00,0x68,0xFF,0xFF,0xFA,0x00,
  0x00,0x00,0x00,0x00,0x00,0x36,0xFF,0xFF,0xFF,0x5B,0x00,0x00,0x00,0x00,0x00,0x00,
  0x00,0x68,0xFF,0xFF,0xFF,0x0F,0x00,0x00,0x00,0x00,0x00,0x87,0xFF,0xFF,0xFF,0xA8,
  0x00,0x00,0x00,0x00,0x00,0x00,0x00,0x68,0xFF,0xFF,0xFF,0x58,0x00,0x00,0x21,0x65,
  0x9F,0xFD,0xFF,0xFF,0xFF,0xFF,0xAD,0x68,0x1E,0x00,0x00,0x00,0x00,0x68,0xFF,0xFF,
  0xFF,0xF7,0x8F,0x57,0x00,0x00,0x00,0x00,0x52,0xEF,0xBF,0x06,0x00,0x00,0x00,0x00,
  0x00,0x00,0x00,0x00,0xC1,0xFF,0xFF,0x44,0x00,0x00,0x00,0x00,0x00,0x00,0x00,0x00,
  0xC9,0xFF,0xFF,0x4C,0x00,0x00,0x00,0x00,0x00,0x00,0x00,0x00,0x86,0xFF,0xF1,0x16,
  0x00,0x00,0x00,0x00,0x00,0x00,0x00,0x00,0x01,0x3E,0x1B,0x00,0x00,0x00,0x00,0x00,
  0x00,0x00,0x00,0x00,0x00,0x00,0x00,0x00,0x00,0x00,0x00,0x00,0x00,0x00,0x00,0x00,
  0x00,0x00,0x00,0x00,0x00,0x00,0x00,0x00,0x00,0x00,0x00,0x00,0x00,0x00,0x00,0x00,
  0x00,0x00,0x00,0x00,0x00,0x52,0x89,0xEE,0xFF,0xFF,0xFF,0xA0,0x00,0x00,0x00,0x00,
  0x00,0x00,0x00,0x2E,0xFD,0xFF,0xFF,0xA0,0x00,0x00,0x00,0x00,0x00,0x00,0x00,0x00,
  0xDA,0xFF,0xFF,0xA0,0x00,0x00,0x00,0x00,0x00,0x00,0x00,0x00,0xC1,0xFF,0xFF,0xA0,
  0x00,0x00,0x00,0x00,0x00,0x00,0x00,0x00,0xC0,0xFF,0xFF,0xA0,0x00,0x00,0x00,0x00,
  0x00,0x00,0x00,0x00,0xC0,0xFF,0xFF,0xA0,0x00,0x00,0x00,0x00,0x00,0x00,0x00,0x00,
  0xC0,0xFF,0xFF,0xA0,0x00,0x00,0x00,0x00,0x00,0x00,0x00,0x00,0xC0,0xFF,0xFF,0xA0,
  0x00,0x00,0x00,0x00,0x00,0x00,0x00,0x00,0xC0,0xFF,0xFF,0xA0,0x00,0x00,0x00,0x00,
  0x00,0x00,0x00,0x00,0xC0,0xFF,0xFF,0xA0,0x00,0x00,0x00,0x00,0x00,0x00,0x00,0x00,
  0xC0,0xFF,0xFF,0xA0,0x00,0x00,0x00,0x00,0x00,0x00,0x00,0x00,0xC0,0xFF,0xFF,0xA0,
  0x00,0x00,0x00,0x00,0x00,0x00,0x00,0x00,0xC0,0xFF,0xFF,0xA0,0x00,0x00,0x00,0x00,
  0x00,0x00,0x00,0x00,0xC0,0xFF,0xFF,0xA0,0x00,0x00,0x00,0x00,0x00,0x00,0x00,0x00,
  0xC0,0xFF,0xFF,0xA0,0x00,0x00,0x00,0x00,0x00,0x00,0x00,0x00,0xC0,0xFF,0xFF,0xA0,
  0x00,0x00,0x00,0x00,0x00,0x00,0x00,0x00,0xC0,0xFF,0xFF,0xA2,0x00,0x00,0x00,0x00,
  0x00,0x00,0x00,0x00,0xD9,0xFF,0xFF,0xBC,0x00,0x00,0x00,0x00,0x00,0x00,0x00,0x2D,
  0xFC,0xFF,0xFF,0xF6,0x1C,0x00,0x00,0x00,0x0F,0x63,0x88,0xED,0xFF,0xFF,0xFF,0xFF,
  0xE6,0x82,0x61,0x04,0x00,0x00,0x00,0x00,0x00,0xA2,0xF3,0x70,0x00,0x00,0x00,0x00,
  0x00,0x1D,0xFF,0xFF,0xE8,0x00,0x00,0x00,0x00,0x00,0x25,0xFF,0xFF,0xF0,0x00,0x00,
  0x00,0x00,0x00,0x04,0xDD,0xFF,0xAB,0x00,0x00,0x00,0x00,0x00,0x00,0x12,0x43,0x06,
  0x00,0x00,0x00,0x00,0x00,0x00,0x00,0x00,0x00,0x00,0x00,0x00,0x00,0x00,0x00,0x00,
  0x00,0x00,0x00,0x00,0x00,0x00,0x00,0x00,0x00,0x00,0x00,0x00,0x00,0x0F,0x6E,0xA9,
  0xFE,0xFF,0xFF,0xFF,0x44,0x00,0x00,0x00,0x00,0x87,0xFF,0xFF,0xFF,0x44,0x00,0x00,
  0x00,0x00,0x36,0xFF,0xFF,0xFF,0x44,0x00,0x00,0x00,0x00,0x1D,0xFF,0xFF,0xFF,0x44,
  0x00,0x00,0x00,0x00,0x1C,0xFF,0xFF,0xFF,0x44,0x00,0x00,0x00,0x00,0x1C,0xFF,0xFF,
  0xFF,0x44,0x00,0x00,0x00,0x00,0x1C,0xFF,0xFF,0xFF,0x44,0x00,0x00,0x00,0x00,0x1C,
  0xFF,0xFF,0xFF,0x44,0x00,0x00,0x00,0x00,0x1C,0xFF,0xFF,0xFF,0x44,0x00,0x00,0x00,
  0x00,0x1C,0xFF,0xFF,0xFF,0x44,0x00,0x00,0x00,0x00,0x1C,0xFF,0xFF,0xFF,0x44,0x00,
  0x00,0x00,0x00,0x1C,0xFF,0xFF,0xFF,0x44,0x00,0x00,0x00,0x00,0x1C,0xFF,0xFF,0xFF,
  0x44,0x00,0x00,0x00,0x00,0x1C,0xFF,0xFF,0xFF,0x44,0x00,0x00,0x00,0x00,0x1C,0xFF,
  0xFF,0xFF,0x44,0x00,0x00,0x00,0x00,0x1C,0xFF,0xFF,0xFF,0x44,0x00,0x00,0x00,0x00,
  0x1C,0xFF,0xFF,0xFF,0x44,0x00,0x00,0x00,0x00,0x1C,0xFF,0xFF,0xFF,0x44,0x00,0x00,
  0x00,0x00,0x1C,0xFF,0xFF,0xFF,0x44,0x00,0x00,0x00,0x00,0x1C,0xFF,0xFF,0xFF,0x44,
  0x00,0x00,0x00,0x00,0x1D,0xFF,0xFF,0xFF,0x41,0x00,0x00,0x00,0x00,0x22,0xFF,0xFF,
  0xFF,0x38,0x00,0x00,0x00,0x00,0x2D,0xFF,0xFF,0xFF,0x22,0x00,0x00,0x00,0x00,0x40,
  0xFF,0xFF,0xF6,0x04,0x00,0x00,0x00,0x00,0x62,0xFF,0xFF,0xBB,0x00,0x00,0x00,0x00,
  0x00,0x98,0xFF,0xFF,0x59,0x00,0x00,0x00,0x00,0x06,0xE7,0xFF,0xC5,0x02,0x00,0x00,
  0x00,0x00,0x87,0xFF,0xCB,0x17,0x00,0x00,0x28,0x6A,0xA3,0xAD,0x57,0x03,0x00,0x00,
  0x00,0x0F,0x6E,0xA9,0xFE,0xFF,0xFF,0xFF,0x44,0x00,0x00,0x00,0x00,0x00,0x00,0x00,
  0x00,0x00,0x00,0x00,0x00,0x00,0x00,0x00,0x00,0x00,0x86,0xFF,0xFF,0xFF,0x44,0x00,
  0x00,0x00,0x00,0x00,0x00,0x00,0x00,0x00,0x00,0x00,0x00,0x00,0x00,0x00,0x00,0x00,
  0x35,0xFF,0xFF,0xFF,0x44,0x00,0x00,0x00,0x00,0x00,0x00,0x00,0x00,0x00,0x00,0x00,
  0x00,0x00,0x00,0x00,0x00,0x00,0x1C,0xFF,0xFF,0xFF,0x44,0x00,0x00,0x00,0x00,0x00,
  0x00,0x00,0x00,0x00,0x00,0x00,0x00,0x00,0x00,0x00,0x00,0x00,0x1C,0xFF,0xFF,0xFF,
  0x44,0x00,0x00,0x00,0x00,0x00,0x00,0x00,0x00,0x00,0x00,0x00,0x00,0x00,0x00,0x00,
  0x00,0x00,0x1C,0xFF,0xFF,0xFF,0x44,0x00,0x00,0x00,0x00,0x00,0x00,0x00,0x00,0x00,
  0x00,0x00,0x00,0x00,0x00,0x00,0x00,0x00,0x1C,0xFF,0xFF,0xFF,0x44,0x00,0x00,0x00,
  0x00,0x00,0x00,0x00,0x00,0x00,0x00,0x00,0x00,0x00,0x00,0x00,0x00,0x00,0x1C,0xFF,
  0xFF,0xFF,0x44,0x00,0x00,0x00,0x00,0x00,0x00,0x00,0x00,0x00,0x00,0x00,0x00,0x00,
  0x00,0x00,0x00,0x00,0x1C,0xFF,0xFF,0xFF,0x44,0x00,0x00,0x00,0x0E,0x64,0x79,0xC4,
  0xFF,0xFF,0xDA,0x85,0x53,0x00,0x00,0x00,0x00,0x00,0x1C,0xFF,0xFF,0xFF,0x44,0x00,
  0x00,0x00,0x00,0x00,0x00,0x05,0xFA,0x9A,0x06,0x00,0x00,0x00,0x00,0x00,0x00,0x00,
  0x1C,0xFF,0xFF,0xFF,0x44,0x00,0x00,0x00,0x00,0x00,0x00,0x48,0x93,0x00,0x00,0x00,
  0x00,0x00,0x00,0x00,0x00,0x00,0x1C,0xFF,0xFF,0xFF,0x44,0x00,0x00,0x00,0x00,0x00,
  0x11,0x8A,0x02,0x00,0x00,0x00,0x00,0x00,0x00,0x00,0x00,0x00,0x1C,0xFF,0xFF,0xFF,
  0x44,0x00,0x00,0x00,0x00,0x04,0x82,0x08,0x00,0x00,0x00,0x00,0x00,0x00,0x00,0x00,
  0x00,0x00,0x1C,0xFF,0xFF,0xFF,0x44,0x00,0x00,0x00,0x00,0x7A,0x17,0x00,0x00,0x00,
  0x00,0x00,0x00,0x00,0x00,0x00,0x00,0x00,0x1C,0xFF,0xFF,0xFF,0x44,0x00,0x00,0x00,
  0x67,0x2C,0x00,0x00,0x00,0x00,0x00,0x00,0x00,0x00,0x00,0x00,0x00,0x00,0x1C,0xFF,
  0xFF,0xFF,0x44,0x00,0x00,0x52,0xD1,0x04,0x00,0x00,0x00,0x00,0x00,0x00,0x00,0x00,
  0x00,0x00,0x00,0x00,0x1C,0xFF,0xFF,0xFF,0x44,0x00,0x35,0xF6,0xFF,0x75,0x00,0x00,
  0x00,0x00,0x00,0x00,0x00,0x00,0x00,0x00,0x00,0x00,0x1C,0xFF,0xFF,0xFF,0x42,0x1F,
  0xD1,0xFF,0xFF,0xF5,0x21,0x00,0x00,0x00,0x00,0x00,0x00,0x00,0x00,0x00,0x00,0x00,
  0x1C,0xFF,0xFF,0xFF,0x4A,0x7D,0x22,0xF6,0xFF,0xFF,0xB8,0x00,0x00,0x00,0x00,0x00,
  0x00,0x00,0x00,0x00,0x00,0x00,0x1C,0xFF,0xFF,0xFF,0xA6,0x08,0x00,0x7B,0xFF,0xFF,
  0xFF,0x59,0x00,0x00,0x00,0x00,0x00,0x00,0x00,0x00,0x00,0x00,0x1C,0xFF,0xFF,0xFF,
  0x46,0x00,0x00,0x06,0xD7,0xFF,0xFF,0xE9,0x11,0x00,0x00,0x00,0x00,0x00,0x00,0x00,
  0x00,0x00,0x1C,0xFF,0xFF,0xFF,0x44,0x00,0x00,0x00,0x41,0xFF,0xFF,0xFF,0x9C,0x00,
  0x00,0x00,0x00,0x00,0x00,0x00,0x00,0x00,0x1C,0xFF,0xFF,0xFF,0x44,0x00,0x00,0x00,
  0x00,0xA4,0xFF,0xFF,0xFE,0x3F,0x00,0x00,0x00,0x00,0x00,0x00,0x00,0x00,0x1C,0xFF,
  0xFF,0xFF,0x44,0x00,0x00,0x00,0x00,0x17,0xEF,0xFF,0xFF,0xD8,0x07,0x00,0x00,0x00,
  0x00,0x00,0x00,0x00,0x1C,0xFF,0xFF,0xFF,0x46,0x00,0x00,0x00,0x00,0x00,0x69,0xFF,
  0xFF,0xFF,0x85,0x00,0x00,0x00,0x00,0x00,0x00,0x00,0x34,0xFF,0xFF,0xFF,0x60,0x00,
  0x00,0x00,0x00,0x00,0x02,0xBB,0xFF,0xFF,0xFB,0x36,0x00,0x00,0x00,0x00,0x00,0x00,
  0x84,0xFF,0xFF,0xFF,0xB6,0x00,0x00,0x00,0x00,0x00,0x00,0x14,0xD1,0xFF,0xFF,0xE0,
  0x19,0x00,0x00,0x21,0x6C,0xA6,0xFD,0xFF,0xFF,0xFF,0xFF,0xBF,0x73,0x1E,0x00,0x00,
  0x00,0x00,0x09,0x7A,0xCA,0xEB,0xDE,0x77,0x08,0x30,0x6E,0xA9,0xFE,0xFF,0xFF,0xFF,
  0x44,0x00,0x00,0x00,0x00,0x00,0x00,0x86,0xFF,0xFF,0xFF,0x44,0x00,0x00,0x00,0x00,
  0x00,0x00,0x35,0xFF,0xFF,0xFF,0x44,0x00,0x00,0x00,0x00,0x00,0x00,0x1C,0xFF,0xFF,
  0xFF,0x44,0x00,0x00,0x00,0x00,0x00,0x00,0x1C,0xFF,0xFF,0xFF,0x44,0x00,0x00,0x00,
  0x00,0x00,0x00,0x1C,0xFF,0xFF,0xFF,0x44,0x00,0x00,0x00,0x00,0x00,0x00,0x1C,0xFF,
  0xFF,0xFF,0x44,0x00,0x00,0x00,0x00,0x00,0x00,0x1C,0xFF,0xFF,0xFF,0x44,0x00,0x00,
  0x00,0x00,0x00,0x00,0x1C,0xFF,0xFF,0xFF,0x44,0x00,0x00,0x00,0x00,0x00,0x00,0x1C,
  0xFF,0xFF,0xFF,0x44,0x00,0x00,0x00,0x00,0x00,0x00,0x1C,0xFF,0xFF,0xFF,0x44,0x00,
  0x00,0x00,0x00,0x00,0x00,0x1C,0xFF,0xFF,0xFF,0x44,0x00,0x00,0x00,0x00,0x00,0x00,
  0x1C,0xFF,0xFF,0xFF,0x44,0x00,0x00,0x00,0x00,0x00,0x00,0x1C,0xFF,0xFF,0xFF,0x44,
  0x00,0x00,0x00,0x00,0x00,0x00,0x1C,0xFF,0xFF,0xFF,0x44,0x00,0x00,0x00,0x00,0x00,
  0x00,0x1C,0xFF,0xFF,0xFF,0x44,0x00,0x00,0x00,0x00,0x00,0x00,0x1C,0xFF,0xFF,0xFF,
  0x44,0x00,0x00,0x00,0x00,0x00,0x00,0x1C,0xFF,0xFF,0xFF,0x44,0x00,0x00,0x00,0x00,
  0x00,0x00,0x1C,0xFF,0xFF,0xFF,0x44,0x00,0x00,0x00,0x00,0x00,0x00,0x1C,0xFF,0xFF,
  0xFF,0x44,0x00,0x00,0x00,0x00,0x00,0x00,0x1C,0xFF,0xFF,0xFF,0x44,0x00,0x00,0x00,
  0x00,0x00,0x00,0x1C,0xFF,0xFF,0xFF,0x44,0x00,0x00,0x00,0x00,0x00,0x00,0x1C,0xFF,
  0xFF,0xFF,0x44,0x00,0x00,0x00,0x00,0x00,0x00,0x1C,0xFF,0xFF,0xFF,0x44,0x00,0x00,
  0x00,0x00,0x00,0x00,0x1C,0xFF,0xFF,0xFF,0x46,0x00,0x00,0x00,0x00,0x00,0x00,0x34,
  0xFF,0xFF,0xFF,0x5F,0x00,0x00,0x00,0x00,0x00,0x00,0x84,0xFF,0xFF,0xFF,0xB6,0x00,
  0x00,0x00,0x30,0x6C,0xA6,0xFD,0xFF,0xFF,0xFF,0xFF,0xBF,0x73,0x40,0x9D,0xE2,0xFF,
  0xFF,0xFF,0xFF,0x98,0x00,0x13,0x79,0x98,0xBC,0xE7,0xCD,0x7A,0x14,0x00,0x00,0x00,
  0x08,0x75,0x9D,0xB6,0xE3,0xDA,0x95,0x21,0x00,0x00,0x00,0x00,0x00,0x00,0x00,0x01,
  0x73,0xFF,0xFF,0xFF,0x98,0x1D,0x6E,0x09,0x00,0x00,0x14,0xC2,0xFF,0xEA,0x32,0x00,
  0x08,0x88,0x1F,0x00,0x00,0x06,0x9D,0xFF,0xF6,0x49,0x00,0x00,0x00,0x00,0x00,0x00,
  0x00,0x01,0xE6,0xFF,0xFF,0x98,0x67,0x00,0x00,0x00,0x00,0x00,0x1C,0xF9,0xFF,0xDE,
  0x06,0x68,0x0F,0x00,0x00,0x00,0x00,0x05,0xE2,0xFF,0xF0,0x19,0x00,0x00,0x00,0x00,
  0x00,0x00,0x00,0xC5,0xFF,0xFF,0xC7,0x2E,0x00,0x00,0x00,0x00,0x00,0x00,0xBB,0xFF,
  0xFF,0x63,0x62,0x00,0x00,0x00,0x00,0x00,0x00,0x91,0xFF,0xFF,0x83,0x00,0x00,0x00,
  0x00,0x00,0x00,0x00,0xC0,0xFF,0xFF,0xE5,0x00,0x00,0x00,0x00,0x00,0x00,0x00,0x8C,
  0xFF,0xFF,0xE5,0x32,0x00,0x00,0x00,0x00,0x00,0x00,0x63,0xFF,0xFF,0xD0,0x00,0x00,
  0x00,0x00,0x00,0x00,0x00,0xC0,0xFF,0xFF,0xBB,0x00,0x00,0x00,0x00,0x00,0x00,0x00,
  0x72,0xFF,0xFF,0xFF,0x0A,0x00,0x00,0x00,0x00,0x00,0x00,0x4A,0xFF,0xFF,0xFA,0x04,
  0x00,0x00,0x00,0x00,0x00,0x00,0xC0,0xFF,0xFF,0xA8,0x00,0x00,0x00,0x00,0x00,0x00,
  0x00,0x69,0xFF,0xFF,0xFB,0x00,0x00,0x00,0x00,0x00,0x00,0x00,0x41,0xFF,0xFF,0xFF,
  0x14,0x00,0x00,0x00,0x00,0x00,0x00,0xC0,0xFF,0xFF,0xA0,0x00,0x00,0x00,0x00,0x00,
  0x00,0x00,0x68,0xFF,0xFF,0xF8,0x00,0x00,0x00,0x00,0x00,0x00,0x00,0x40,0xFF,0xFF,
  0xFF,0x1F,0x00,0x00,0x00,0x00,0x00,0x00,0xC0,0xFF,0xFF,0xA0,0x00,0x00,0x00,0x00,
  0x00,0x00,0x00,0x68,0xFF,0xFF,0xF8,0x00,0x00,0x00,0x00,0x00,0x00,0x00,0x40,0xFF,
  0xFF,0xFF,0x20,0x00,0x00,0x00,0x00,0x00,0x00,0xC0,0xFF,0xFF,0xA0,0x00,0x00,0x00,
  0x00,0x00,0x00,0x00,0x68,0xFF,0xFF,0xF8,0x00,0x00,0x00,0x00,0x00,0x00,0x00,0x40,
  0xFF,0xFF,0xFF,0x20,0x00,0x00,0x00,0x00,0x00,0x00,0xC0,0xFF,0xFF,0xA0,0x00,0x00,
  0x00,0x00,0x00,0x00,0x00,0x68,0xFF,0xFF,0xF8,0x00,0x00,0x00,0x00,0x00,0x00,0x00,
  0x40,0xFF,0xFF,0xFF,0x20,0x00,0x00,0x00,0x00,0x00,0x00,0xC0,0xFF,0xFF,0xA0,0x00,
  0x00,0x00,0x00,0x00,0x00,0x00,0x68,0xFF,0xFF,0xF8,0x00,0x00,0x00,0x00,0x00,0x00,
  0x00,0x40,0xFF,0xFF,0xFF,0x20,0x00,0x00,0x00,0x00,0x00,0x00,0xC0,0xFF,0xFF,0xA0,
  0x00,0x00,0x00,0x00,0x00,0x00,0x00,0x68,0xFF,0xFF,0xF8,0x00,0x00,0x00,0x00,0x00,
  0x00,0x00,0x40,0xFF,0xFF,0xFF,0x20,0x00,0x00,0x00,0x00,0x00,0x00,0xC0,0xFF,0xFF,
  0xA0,0x00,0x00,0x00,0x00,0x00,0x00,0x00,0x68,0xFF,0xFF,0xF8,0x00,0x00,0x00,0x00,
  0x00,0x00,0x00,0x40,0xFF,0xFF,0xFF,0x20,0x00,0x00,0x00,0x00,0x00,0x00,0xC0,0xFF,
  0xFF,0xA0,0x00,0x00,0x00,0x00,0x00,0x00,0x00,0x68,0xFF,0xFF,0xF8,0x00,0x00,0x00,
  0x00,0x00,0x00,0x00,0x40,0xFF,0xFF,0xFF,0x20,0x00,0x00,0x00,0x00,0x00,0x00,0xC0,
  0xFF,0xFF,0xA0,0x00,0x00,0x00,0x00,0x00,0x00,0x00,0x68,0xFF,0xFF,0xF8,0x00,0x00,
  0x00,0x00,0x00,0x00,0x00,0x40,0xFF,0xFF,0xFF,0x20,0x00,0x00,0x00,0x00,0x00,0x00,
  0xC0,0xFF,0xFF,0xA1,0x00,0x00,0x00,0x00,0x00,0x00,0x00,0x68,0xFF,0xFF,0xF9,0x00,
  0x00,0x00,0x00,0x00,0x00,0x00,0x40,0xFF,0xFF,0xFF,0x21,0x00,0x00,0x00,0x00,0x00,
  0x00,0xD8,0xFF,0xFF,0xBB,0x00,0x00,0x00,0x00,0x00,0x00,0x00,0x68,0xFF,0xFF,0xFF,
  0x13,0x00,0x00,0x00,0x00,0x00,0x00,0x40,0xFF,0xFF,0xFF,0x3B,0x00,0x00,0x00,0x00,
  0x00,0x2B,0xFC,0xFF,0xFF,0xF5,0x1A,0x00,0x00,0x00,0x00,0x00,0x00,0x68,0xFF,0xFF,
  0xFF,0x68,0x00,0x00,0x00,0x00,0x00,0x00,0x40,0xFF,0xFF,0xFF,0x90,0x00,0x00,0x00,
  0x61,0x87,0xEC,0xFF,0xFF,0xFF,0xFF,0xE5,0x81,0x44,0x00,0x00,0x00,0x00,0x68,0xFF,
  0xFF,0xFF,0xFB,0x9B,0x69,0x02,0x00,0x00,0x00,0x40,0xFF,0xFF,0xFF,0xFF,0xAC,0x6E,
  0x11,0x4D,0x7E,0xE4,0xFF,0xFF,0xFF,0x98,0x00,0x1F,0x6E,0x75,0x86,0xC0,0xDE,0xA3,
  0x39,0x00,0x00,0x00,0x00,0x00,0x00,0x00,0x00,0x26,0xFE,0xFF,0xFF,0x98,0x34,0x6D,
  0x03,0x00,0x00,0x00,0x66,0xFF,0xFF,0x80,0x00,0x00,0x00,0x00,0x00,0x00,0x00,0x00,
  0xD8,0xFF,0xFF,0x99,0x7E,0x00,0x00,0x00,0x00,0x00,0x00,0xC0,0xFF,0xFF,0x4D,0x00,
  0x00,0x00,0x00,0x00,0x00,0x00,0xC3,0xFF,0xFF,0xE2,0x2C,0x00,0x00,0x00,0x00,0x00,
  0x00,0x60,0xFF,0xFF,0xC4,0x00,0x00,0x00,0x00,0x00,0x00,0x00,0xC0,0xFF,0xFF,0xE4,
  0x00,0x00,0x00,0x00,0x00,0x00,0x00,0x32,0xFF,0xFF,0xFE,0x0D,0x00,0x00,0x00,0x00,
  0x00,0x00,0xC0,0xFF,0xFF,0xB8,0x00,0x00,0x00,0x00,0x00,0x00,0x00,0x17,0xFF,0xFF,
  0xFF,0x38,0x00,0x00,0x00,0x00,0x00,0x00,0xC0,0xFF,0xFF,0xA5,0x00,0x00,0x00,0x00,
  0x00,0x00,0x00,0x0C,0xFF,0xFF,0xFF,0x4A,0x00,0x00,0x00,0x00,0x00,0x00,0xC0,0xFF,
  0xFF,0xA0,0x00,0x00,0x00,0x00,0x00,0x00,0x00,0x0C,0xFF,0xFF,0xFF,0x53,0x00,0x00,
  0x00,0x00,0x00,0x00,0xC0,0xFF,0xFF,0xA0,0x00,0x00,0x00,0x00,0x00,0x00,0x00,0x0C,
  0xFF,0xFF,0xFF,0x54,0x00,0x00,0x00,0x00,0x00,0x00,0xC0,0xFF,0xFF,0xA0,0x00,0x00,
  0x00,0x00,0x00,0x00,0x00,0x0C,0xFF,0xFF,0xFF,0x54,0x00,0x00,0x00,0x00,0x00,0x00,
  0xC0,0xFF,0xFF,0xA0,0x00,0x00,0x00,0x00,0x00,0x00,0x00,0x0C,0xFF,0xFF,0xFF,0x54,
  0x00,0x00,0x00,0x00,0x00,0x00,0xC0,0xFF,0xFF,0xA0,0x00,0x00,0x00,0x00,0x00,0x00,
  0x00,0x0C,0xFF,0xFF,0xFF,0x54,0x00,0x00,0x00,0x00,0x00,0x00,0xC0,0xFF,0xFF,0xA0,
  0x00,0x00,0x00,0x00,0x00,0x00,0x00,0x0C,0xFF,0xFF,0xFF,0x54,0x00,0x00,0x00,0x00,
  0x00,0x00,0xC0,0xFF,0xFF,0xA0,0x00,0x00,0x00,0x00,0x00,0x00,0x00,0x0C,0xFF,0xFF,
  0xFF,0x54,0x00,0x00,0x00,0x00,0x00,0x00,0xC0,0xFF,0xFF,0xA0,0x00,0x00,0x00,0x00,
  0x00,0x00,0x00,0x0C,0xFF,0xFF,0xFF,0x54,0x00,0x00,0x00,0x00,0x00,0x00,0xC0,0xFF,
  0xFF,0xA0,0x00,0x00,0x00,0x00,0x00,0x00,0x00,0x0C,0xFF,0xFF,0xFF,0x54,0x00,0x00,
  0x00,0x00,0x00,0x00,0xC3,0xFF,0xFF,0xA2,0x00,0x00,0x00,0x00,0x00,0x00,0x00,0x0C,
  0xFF,0xFF,0xFF,0x56,0x00,0x00,0x00,0x00,0x00,0x00,0xDB,0xFF,0xFF,0xB7,0x00,0x00,
  0x00,0x00,0x00,0x00,0x00,0x0C,0xFF,0xFF,0xFF,0x6B,0x00,0x00,0x00,0x00,0x00,0x2E,
  0xFF,0xFF,0xFF,0xF2,0x12,0x00,0x00,0x00,0x00,0x00,0x00,0x0C,0xFF,0xFF,0xFF,0xB4,
  0x00,0x00,0x00,0x5E,0x82,0xE8,0xFF,0xFF,0xFF,0xFF,0xD8,0x76,0x41,0x00,0x00,0x00,
  0x00,0x0C,0xFF,0xFF,0xFF,0xFF,0xB6,0x6F,0x14,0x00,0x00,0x00,0x00,0x3B,0x93,0x91,
  0x5F,0x5A,0x67,0x9E,0x7F,0x1A,0x00,0x00,0x00,0x00,0x00,0x00,0x0E,0xAF,0xFF,0x6A,
  0x00,0x00,0x00,0x00,0x05,0xA4,0xF5,0x72,0x00,0x00,0x00,0x00,0x0A,0xCE,0xFF,0xAA,
  0x00,0x00,0x00,0x00,0x00,0x00,0x09,0xE0,0xFF,0x89,0x00,0x00,0x00,0x91,0xFF,0xFF,
  0x3D,0x00,0x00,0x00,0x00,0x00,0x00,0x00,0x7D,0xFF,0xFF,0x49,0x00,0x16,0xFA,0xFF,
  0xF4,0x03,0x00,0x00,0x00,0x00,0x00,0x00,0x00,0x36,0xFF,0xFF,0xCC,0x00,0x6F,0xFF,
  0xFF,0xC4,0x00,0x00,0x00,0x00,0x00,0x00,0x00,0x00,0x06,0xFB,0xFF,0xFF,0x30,0xAA,
  0xFF,0xFF,0xA5,0x00,0x00,0x00,0x00,0x00,0x00,0x00,0x00,0x00,0xE3,0xFF,0xFF,0x6D,
  0xDA,0xFF,0xFF,0x8D,0x00,0x00,0x00,0x00,0x00,0x00,0x00,0x00,0x00,0xCA,0xFF,0xFF,
  0x9F,0xEF,0xFF,0xFF,0x82,0x00,0x00,0x00,0x00,0x00,0x00,0x00,0x00,0x00,0xC0,0xFF,
  0xFF,0xB5,0xFC,0xFF,0xFF,0x7B,0x00,0x00,0x00,0x00,0x00,0x00,0x00,0x00,0x00,0xB7,
  0xFF,0xFF,0xC4,0xFB,0xFF,0xFF,0x7B,0x00,0x00,0x00,0x00,0x00,0x00,0x00,0x00,0x00,
  0xB8,0xFF,0xFF,0xC3,0xEE,0xFF,0xFF,0x83,0x00,0x00,0x00,0x00,0x00,0x00,0x00,0x00,
  0x00,0xC0,0xFF,0xFF,0xB5,0xD6,0xFF,0xFF,0x8D,0x00,0x00,0x00,0x00,0x00,0x00,0x00,
  0x00,0x00,0xCA,0xFF,0xFF,0x9E,0xA5,0xFF,0xFF,0xA6,0x00,0x00,0x00,0x00,0x00,0x00,
  0x00,0x00,0x00,0xE3,0xFF,0xFF,0x6F,0x67,0xFF,0xFF,0xC5,0x00,0x00,0x00,0x00,0x00,
  0x00,0x00,0x00,0x06,0xFB,0xFF,0xFF,0x33,0x0F,0xF5,0xFF,0xF4,0x03,0x00,0x00,0x00,
  0x00,0x00,0x00,0x00,0x35,0xFF,0xFF,0xD3,0x00,0x00,0x80,0xFF,0xFF,0x3E,0x00,0x00,
  0x00,0x00,0x00,0x00,0x00,0x7B,0xFF,0xFF,0x54,0x00,0x00,0x04,0xBD,0xFF,0xAC,0x00,
  0x00,0x00,0x00,0x00,0x00,0x08,0xDF,0xFF,0x9D,0x00,0x00,0x00,0x00,0x07,0x9E,0xFE,
  0x6C,0x00,0x00,0x00,0x00,0x04,0xA0,0xFA,0x87,0x01,0x00,0x00,0x00,0x00,0x00,0x00,
  0x31,0x90,0x93,0x61,0x59,0x64,0x9E,0x85,0x22,0x00,0x00,0x00,0x00,0x30,0x6E,0xA9,
  0xFE,0xFF,0xFF,0xFF,0x34,0x00,0x16,0x6F,0x77,0x8A,0xB4,0xD6,0x90,0x25,0x00,0x00,
  0x00,0x00,0x00,0x00,0x00,0x87,0xFF,0xFF,0xFF,0x34,0x25,0x70,0x03,0x00,0x00,0x00,
  0x4D,0xF9,0xF7,0x63,0x00,0x00,0x00,0x00,0x00,0x00,0x36,0xFF,0xFF,0xFF,0x35,0x7E,
  0x00,0x00,0x00,0x00,0x00,0x00,0x87,0xFF,0xFD,0x4C,0x00,0x00,0x00,0x00,0x00,0x1D,
  0xFF,0xFF,0xFF,0x78,0x34,0x00,0x00,0x00,0x00,0x00,0x00,0x1E,0xFE,0xFF,0xDD,0x06,
  0x00,0x00,0x00,0x00,0x1C,0xFF,0xFF,0xFF,0xA7,0x00,0x00,0x00,0x00,0x00,0x00,0x00,
  0x00,0xD8,0xFF,0xFF,0x4F,0x00,0x00,0x00,0x00,0x1C,0xFF,0xFF,0xFF,0xA1,0x00,0x00,
  0x00,0x00,0x00,0x00,0x00,0x00,0xA7,0xFF,0xFF,0xA0,0x00,0x00,0x00,0x00,0x1C,0xFF,
  0xFF,0xFF,0x7B,0x00,0x00,0x00,0x00,0x00,0x00,0x00,0x00,0x8B,0xFF,0xFF,0xD2,0x00,
  0x00,0x00,0x00,0x1C,0xFF,0xFF,0xFF,0x5E,0x00,0x00,0x00,0x00,0x00,0x00,0x00,0x00,
  0x74,0xFF,0xFF,0xF9,0x01,0x00,0x00,0x00,0x1C,0xFF,0xFF,0xFF,0x4F,0x00,0x00,0x00,
  0x00,0x00,0x00,0x00,0x00,0x6A,0xFF,0xFF,0xFF,0x0D,0x00,0x00,0x00,0x1C,0xFF,0xFF,
  0xFF,0x47,0x00,0x00,0x00,0x00,0x00,0x00,0x00,0x00,0x63,0xFF,0xFF,0xFF,0x19,0x00,
  0x00,0x00,0x1C,0xFF,0xFF,0xFF,0x48,0x00,0x00,0x00,0x00,0x00,0x00,0x00,0x00,0x64,
  0xFF,0xFF,0xFF,0x18,0x00,0x00,0x00,0x1C,0xFF,0xFF,0xFF,0x50,0x00,0x00,0x00,0x00,
  0x00,0x00,0x00,0x00,0x6B,0xFF,0xFF,0xFF,0x0B,0x00,0x00,0x00,0x1C,0xFF,0xFF,0xFF,
  0x60,0x00,0x00,0x00,0x00,0x00,0x00,0x00,0x00,0x76,0xFF,0xFF,0xF5,0x01,0x00,0x00,
  0x00,0x1C,0xFF,0xFF,0xFF,0x7E,0x00,0x00,0x00,0x00,0x00,0x00,0x00,0x00,0x8D,0xFF,
  0xFF,0xCC,0x00,0x00,0x00,0x00,0x1C,0xFF,0xFF,0xFF,0x96,0x00,0x00,0x00,0x00,0x00,
  0x00,0x00,0x00,0xAA,0xFF,0xFF,0x95,0x00,0x00,0x00,0x00,0x1C,0xFF,0xFF,0xFF,0x98,
  0x00,0x00,0x00,0x00,0x00,0x00,0x00,0x00,0xDA,0xFF,0xFF,0x41,0x00,0x00,0x00,0x00,
  0x1C,0xFF,0xFF,0xFF,0x66,0x3C,0x00,0x00,0x00,0x00,0x00,0x00,0x20,0xFF,0xFF,0xCD,
  0x01,0x00,0x00,0x00,0x00,0x1C,0xFF,0xFF,0xFF,0x44,0x6A,0x01,0x00,0x00,0x00,0x00,
  0x00,0x89,0xFF,0xF8,0x37,0x00,0x00,0x00,0x00,0x00,0x1C,0xFF,0xFF,0xFF,0x44,0x15,
  0x73,0x06,0x00,0x00,0x00,0x4D,0xFA,0xF0,0x4D,0x00,0x00,0x00,0x00,0x00,0x00,0x1C,
  0xFF,0xFF,0xFF,0x44,0x00,0x0F,0x6D,0x78,0x8A,0xB2,0xD2,0x88,0x1A,0x00,0x00,0x00,
  0x00,0x00,0x00,0x00,0x1C,0xFF,0xFF,0xFF,0x44,0x00,0x00,0x00,0x00,0x00,0x00,0x00,
  0x00,0x00,0x00,0x00,0x00,0x00,0x00,0x00,0x00,0x1C,0xFF,0xFF,0xFF,0x44,0x00,0x00,
  0x00,0x00,0x00,0x00,0x00,0x00,0x00,0x00,0x00,0x00,0x00,0x00,0x00,0x00,0x1C,0xFF,
  0xFF,0xFF,0x44,0x00,0x00,0x00,0x00,0x00,0x00,0x00,0x00,0x00,0x00,0x00,0x00,0x00,
  0x00,0x00,0x00,0x1C,0xFF,0xFF,0xFF,0x44,0x00,0x00,0x00,0x00,0x00,0x00,0x00,0x00,
  0x00,0x00,0x00,0x00,0x00,0x00,0x00,0x00,0x1C,0xFF,0xFF,0xFF,0x44,0x00,0x00,0x00,
  0x00,0x00,0x00,0x00,0x00,0x00,0x00,0x00,0x00,0x00,0x00,0x00,0x00,0x1C,0xFF,0xFF,
  0xFF,0x47,0x00,0x00,0x00,0x00,0x00,0x00,0x00,0x00,0x00,0x00,0x00,0x00,0x00,0x00,
  0x00,0x00,0x35,0xFF,0xFF,0xFF,0x61,0x00,0x00,0x00,0x00,0x00,0x00,0x00,0x00,0x00,
  0x00,0x00,0x00,0x00,0x00,0x00,0x00,0x86,0xFF,0xFF,0xFF,0xBA,0x00,0x00,0x00,0x00,
  0x00,0x00,0x00,0x00,0x00,0x00,0x00,0x00,0x00,0x21,0x6D,0xA8,0xFE,0xFF,0xFF,0xFF,
  0xFF,0xC1,0x74,0x1E,0x00,0x00,0x00,0x00,0x00,0x00,0x00,0x00,0x00,0x00,0x00,0x00,
  0x00,0x1B,0x88,0xD2,0xBA,0x8D,0x7A,0x73,0x22,0x00,0x18,0xFF,0xFF,0xFF,0xFF,0xB4,
  0x71,0x1A,0x00,0x00,0x50,0xF2,0xFE,0x5E,0x00,0x00,0x00,0x01,0x67,0x39,0x18,0xFF,
  0xFF,0xFF,0xA1,0x00,0x00,0x00,0x00,0x37,0xF8,0xFF,0x9B,0x00,0x00,0x00,0x00,0x00,
  0x00,0x7E,0x22,0xFF,0xFF,0xFF,0x50,0x00,0x00,0x00,0x00,0xC9,0xFF,0xFF,0x30,0x00,
  0x00,0x00,0x00,0x00,0x00,0x1F,0x77,0xFF,0xFF,0xFF,0x39,0x00,0x00,0x00,0x36,0xFF,
  0xFF,0xEC,0x00,0x00,0x00,0x00,0x00,0x00,0x00,0x00,0x8D,0xFF,0xFF,0xFF,0x38,0x00,
  0x00,0x00,0x86,0xFF,0xFF,0xBE,0x00,0x00,0x00,0x00,0x00,0x00,0x00,0x00,0x89,0xFF,
  0xFF,0xFF,0x38,0x00,0x00,0x00,0xB8,0xFF,0xFF,0xA1,0x00,0x00,0x00,0x00,0x00,0x00,
  0x00,0x00,0x64,0xFF,0xFF,0xFF,0x38,0x00,0x00,0x00,0xE0,0xFF,0xFF,0x8B,0x00,0x00,
  0x00,0x00,0x00,0x00,0x00,0x00,0x47,0xFF,0xFF,0xFF,0x38,0x00,0x00,0x00,0xF3,0xFF,
  0xFF,0x81,0x00,0x00,0x00,0x00,0x00,0x00,0x00,0x00,0x39,0xFF,0xFF,0xFF,0x38,0x00,
  0x00,0x00,0xFD,0xFF,0xFF,0x7A,0x00,0x00,0x00,0x00,0x00,0x00,0x00,0x00,0x30,0xFF,
  0xFF,0xFF,0x38,0x00,0x00,0x00,0xFD,0xFF,0xFF,0x7B,0x00,0x00,0x00,0x00,0x00,0x00,
  0x00,0x00,0x31,0xFF,0xFF,0xFF,0x38,0x00,0x00,0x00,0xF1,0xFF,0xFF,0x82,0x00,0x00,
  0x00,0x00,0x00,0x00,0x00,0x00,0x3A,0xFF,0xFF,0xFF,0x38,0x00,0x00,0x00,0xDC,0xFF,
  0xFF,0x8C,0x00,0x00,0x00,0x00,0x00,0x00,0x00,0x00,0x49,0xFF,0xFF,0xFF,0x38,0x00,
  0x00,0x00,0xB2,0xFF,0xFF,0xA3,0x00,0x00,0x00,0x00,0x00,0x00,0x00,0x00,0x67,0xFF,
  0xFF,0xFF,0x38,0x00,0x00,0x00,0x7B,0xFF,0xFF,0xC0,0x00,0x00,0x00,0x00,0x00,0x00,
  0x00,0x00,0x7E,0xFF,0xFF,0xFF,0x38,0x00,0x00,0x00,0x28,0xFF,0xFF,0xEE,0x00,0x00,
  0x00,0x00,0x00,0x00,0x00,0x00,0x82,0xFF,0xFF,0xFF,0x38,0x00,0x00,0x00,0x00,0xB6,
  0xFF,0xFF,0x33,0x00,0x00,0x00,0x00,0x00,0x00,0x25,0x68,0xFF,0xFF,0xFF,0x38,0x00,
  0x00,0x00,0x00,0x27,0xF0,0xFF,0x9D,0x00,0x00,0x00,0x00,0x00,0x00,0x6E,0x2B,0xFF,
  0xFF,0xFF,0x38,0x00,0x00,0x00,0x00,0x00,0x3C,0xE8,0xFE,0x5F,0x00,0x00,0x00,0x02,
  0x66,0x23,0x2C,0xFF,0xFF,0xFF,0x38,0x00,0x00,0x00,0x00,0x00,0x00,0x11,0x7E,0xCD,
  0xB7,0x8D,0x79,0x6F,0x17,0x00,0x2C,0xFF,0xFF,0xFF,0x38,0x00,0x00,0x00,0x00,0x00,
  0x00,0x00,0x00,0x00,0x00,0x00,0x00,0x00,0x00,0x00,0x2C,0xFF,0xFF,0xFF,0x38,0x00,
  0x00,0x00,0x00,0x00,0x00,0x00,0x00,0x00,0x00,0x00,0x00,0x00,0x00,0x00,0x2C,0xFF,
  0xFF,0xFF,0x38,0x00,0x00,0x00,0x00,0x00,0x00,0x00,0x00,0x00,0x00,0x00,0x00,0x00,
  0x00,0x00,0x2C,0xFF,0xFF,0xFF,0x38,0x00,0x00,0x00,0x00,0x00,0x00,0x00,0x00,0x00,
  0x00,0x00,0x00,0x00,0x00,0x00,0x2C,0xFF,0xFF,0xFF,0x38,0x00,0x00,0x00,0x00,0x00,
  0x00,0x00,0x00,0x00,0x00,0x00,0x00,0x00,0x00,0x00,0x2C,0xFF,0xFF,0xFF,0x38,0x00,
  0x00,0x00,0x00,0x00,0x00,0x00,0x00,0x00,0x00,0x00,0x00,0x00,0x00,0x00,0x2D,0xFF,
  0xFF,0xFF,0x3A,0x00,0x00,0x00,0x00,0x00,0x00,0x00,0x00,0x00,0x00,0x00,0x00,0x00,
  0x00,0x00,0x46,0xFF,0xFF,0xFF,0x53,0x00,0x00,0x00,0x00,0x00,0x00,0x00,0x00,0x00,
  0x00,0x00,0x00,0x00,0x00,0x00,0x9A,0xFF,0xFF,0xFF,0xA8,0x00,0x00,0x00,0x00,0x00,
  0x00,0x00,0x00,0x00,0x00,0x00,0x1C,0x5C,0x70,0xB1,0xFF,0xFF,0xFF,0xFF,0xFF,0xB7,
  0x71,0x2A,0x00,0x52,0x89,0xEE,0xFF,0xFF,0xFF,0x98,0x00,0x1B,0x96,0xDF,0xF8,0xE8,
  0xB6,0x36,0x00,0x00,0x00,0x00,0x2E,0xFD,0xFF,0xFF,0x98,0x22,0x8E,0x56,0x8F,0xFE,
  0xFF,0xFF,0xF2,0x1D,0x00,0x00,0x00,0x00,0xDA,0xFF,0xFF,0x98,0x63,0x00,0x00,0x00,
  0x7B,0xFF,0xFF,0xFF,0x5B,0x00,0x00,0x00,0x00,0xC1,0xFF,0xFF,0xB7,0x37,0x00,0x00,
  0x00,0x1D,0xFF,0xFF,0xFF,0x3F,0x00,0x00,0x00,0x00,0xC0,0xFF,0xFF,0xF8,0x03,0x00,
  0x00,0x00,0x00,0xF9,0xFF,0x99,0x00,0x00,0x00,0x00,0x00,0xC0,0xFF,0xFF,0xD6,0x00,
  0x00,0x00,0x00,0x00,0x3E,0x1C,0x00,0x00,0x00,0x00,0x00,0x00,0xC0,0xFF,0xFF,0xB6,
  0x00,0x00,0x00,0x00,0x00,0x00,0x00,0x00,0x00,0x00,0x00,0x00,0x00,0xC0,0xFF,0xFF,
  0xAA,0x00,0x00,0x00,0x00,0x00,0x00,0x00,0x00,0x00,0x00,0x00,0x00,0x00,0xC0,0xFF,
  0xFF,0xA2,0x00,0x00,0x00,0x00,0x00,0x00,0x00,0x00,0x00,0x00,0x00,0x00,0x00,0xC0,
  0xFF,0xFF,0xA0,0x00,0x00,0x00,0x00,0x00,0x00,0x00,0x00,0x00,0x00,0x00,0x00,0x00,
  0xC0,0xFF,0xFF,0xA0,0x00,0x00,0x00,0x00,0x00,0x00,0x00,0x00,0x00,0x00,0x00,0x00,
  0x00,0xC0,0xFF,0xFF,0xA0,0x00,0x00,0x00,0x00,0x00,0x00,0x00,0x00,0x00,0x00,0x00,
  0x00,0x00,0xC0,0xFF,0xFF,0xA0,0x00,0x00,0x00,0x00,0x00,0x00,0x00,0x00,0x00,0x00,
  0x00,0x00,0x00,0xC0,0xFF,0xFF,0xA0,0x00,0x00,0x00,0x00,0x00,0x00,0x00,0x00,0x00,
  0x00,0x00,0x00,0x00,0xC0,0xFF,0xFF,0xA0,0x00,0x00,0x00,0x00,0x00,0x00,0x00,0x00,
  0x00,0x00,0x00,0x00,0x00,0xC0,0xFF,0xFF,0xA0,0x00,0x00,0x00,0x00,0x00,0x00,0x00,
  0x00,0x00,0x00,0x00,0x00,0x00,0xC0,0xFF,0xFF,0xA1,0x00,0x00,0x00,0x00,0x00,0x00,
  0x00,0x00,0x00,0x00,0x00,0x00,0x00,0xD9,0xFF,0xFF,0xBB,0x00,0x00,0x00,0x00,0x00,
  0x00,0x00,0x00,0x00,0x00,0x00,0x00,0x2D,0xFC,0xFF,0xFF,0xF5,0x1A,0x00,0x00,0x00,
  0x00,0x00,0x00,0x00,0x00,0x0F,0x63,0x88,0xED,0xFF,0xFF,0xFF,0xFF,0xE5,0x81,0x61,
  0x04,0x00,0x00,0x00,0x00,0x00,0x00,0x00,0x00,0x34,0x96,0x7A,0x63,0x5D,0x92,0xC7,
  0x7B,0x10,0x00,0x00,0x00,0x01,0x8D,0xFE,0x4A,0x00,0x00,0x00,0x00,0x82,0xFF,0xE3,
  0x25,0x00,0x00,0x6E,0xFF,0xBF,0x00,0x00,0x00,0x00,0x00,0x10,0xFC,0xFF,0xB6,0x00,
  0x00,0xE1,0xFF,0x95,0x00,0x00,0x00,0x00,0x00,0x00,0xD6,0xFF,0xD6,0x00,0x13,0xFF,
  0xFF,0x9B,0x00,0x00,0x00,0x00,0x00,0x00,0xBD,0xFF,0x79,0x00,0x15,0xFF,0xFF,0xE0,
  0x05,0x00,0x00,0x00,0x00,0x00,0x4D,0x3C,0x00,0x00,0x01,0xEE,0xFF,0xFF,0xAB,0x0E,
  0x00,0x00,0x00,0x00,0x00,0x00,0x00,0x00,0x00,0x90,0xFF,0xFF,0xFF,0xE6,0x71,0x0C,
  0x00,0x00,0x00,0x00,0x00,0x00,0x00,0x0C,0xCA,0xFF,0xFF,0xFF,0xFF,0xF0,0x8A,0x1A,
  0x00,0x00,0x00,0x00,0x00,0x00,0x0A,0x98,0xFD,0xFF,0xFF,0xFF,0xFF,0xF9,0x8F,0x0E,
  0x00,0x00,0x00,0x00,0x00,0x00,0x32,0xB0,0xFE,0xFF,0xFF,0xFF,0xFF,0xDE,0x27,0x00,
  0x00,0x00,0x00,0x00,0x00,0x00,0x2A,0x9D,0xFA,0xFF,0xFF,0xFF,0xDB,0x0A,0x00,0x00,
  0x00,0x00,0x00,0x00,0x00,0x00,0x22,0xB8,0xFF,0xFF,0xFF,0x5C,0x00,0x03,0x2C,0x00,
  0x00,0x00,0x00,0x00,0x00,0x02,0xB6,0xFF,0xFF,0x93,0x04,0xC1,0xEB,0x00,0x00,0x00,
  0x00,0x00,0x00,0x00,0x3F,0xFF,0xFF,0xA1,0x47,0xFF,0xFB,0x03,0x00,0x00,0x00,0x00,
  0x00,0x00,0x1B,0xFF,0xFF,0x8A,0x55,0xFF,0xFF,0x29,0x00,0x00,0x00,0x00,0x00,0x00,
  0x26,0xFF,0xFF,0x46,0x1B,0xFA,0xFF,0x75,0x00,0x00,0x00,0x00,0x00,0x00,0x6B,0xFF,
  0xC1,0x01,0x00,0x5F,0xF9,0xE9,0x1C,0x00,0x00,0x00,0x00,0x2F,0xEA,0xBD,0x11,0x00,
  0x00,0x00,0x22,0x89,0xB6,0x77,0x5C,0x67,0x80,0xA1,0x4B,0x00,0x00,0x00,0x00,0x00,
  0x00,0x00,0x00,0x00,0x36,0x00,0x00,0x00,0x00,0x00,0x00,0x00,0x00,0x00,0x00,0x00,
  0x9E,0x00,0x00,0x00,0x00,0x00,0x00,0x00,0x00,0x00,0x00,0x37,0xCB,0x00,0x00,0x00,
  0x00,0x00,0x00,0x00,0x00,0x00,0x13,0xD3,0xCC,0x00,0x00,0x00,0x00,0x00,0x00,0x09,
  0x2B,0x70,0xE4,0xFF,0xCC,0x00,0x00,0x00,0x00,0x00,0x1C,0x5C,0x5C,0xBA,0xFF,0xFF,
  0xDE,0x5C,0x5C,0x5C,0x5C,0x4D,0x00,0x00,0x00,0x94,0xFF,0xFF,0xCC,0x00,0x00,0x00,
  0x00,0x00,0x00,0x00,0x00,0x94,0xFF,0xFF,0xCC,0x00,0x00,0x00,0x00,0x00,0x00,0x00,
  0x00,0x94,0xFF,0xFF,0xCC,0x00,0x00,0x00,0x00,0x00,0x00,0x00,0x00,0x94,0xFF,0xFF,
  0xCC,0x00,0x00,0x00,0x00,0x00,0x00,0x00,0x00,0x94,0xFF,0xFF,0xCC,0x00,0x00,0x00,
  0x00,0x00,0x00,0x00,0x00,0x94,0xFF,0xFF,0xCC,0x00,0x00,0x00,0x00,0x00,0x00,0x00,
  0x00,0x94,0xFF,0xFF,0xCC,0x00,0x00,0x00,0x00,0x00,0x00,0x00,0x00,0x94,0xFF,0xFF,
  0xCC,0x00,0x00,0x00,0x00,0x00,0x00,0x00,0x00,0x94,0xFF,0xFF,0xCC,0x00,0x00,0x00,
  0x00,0x00,0x00,0x00,0x00,0x94,0xFF,0xFF,0xCC,0x00,0x00,0x00,0x00,0x00,0x00,0x00,
  0x00,0x94,0xFF,0xFF,0xCC,0x00,0x00,0x00,0x00,0x00,0x00,0x00,0x00,0x94,0xFF,0xFF,
  0xCC,0x00,0x00,0x00,0x00,0x00,0x00,0x00,0x00,0x94,0xFF,0xFF,0xCC,0x00,0x00,0x00,
  0x00,0x00,0x00,0x00,0x00,0x91,0xFF,0xFF,0xCC,0x00,0x00,0x00,0x00,0x00,0x00,0x00,
  0x00,0x84,0xFF,0xFF,0xCD,0x00,0x00,0x00,0x00,0x00,0x00,0x00,0x00,0x5E,0xFF,0xFF,
  0xE1,0x00,0x00,0x00,0x00,0x00,0x00,0x00,0x00,0x18,0xFB,0xFF,0xFB,0x12,0x00,0x00,
  0x00,0x00,0x00,0x00,0x00,0x00,0x7E,0xFF,0xFF,0x8D,0x00,0x00,0x00,0x00,0x00,0x00,
  0x00,0x00,0x00,0x52,0xB9,0xEB,0xBA,0x73,0x62,0x51,0x0F,0x66,0x9E,0xFD,0xFF,0xFF,
  0xFF,0x44,0x00,0x00,0x00,0x00,0x2C,0x6F,0xC2,0xFF,0xFF,0xFF,0xF8,0x00,0x00,0x00,
  0x00,0x00,0x00,0x00,0x83,0xFF,0xFF,0xFF,0x44,0x00,0x00,0x00,0x00,0x00,0x00,0x02,
  0xCD,0xFF,0xFF,0xF8,0x00,0x00,0x00,0x00,0x00,0x00,0x00,0x34,0xFF,0xFF,0xFF,0x44,
  0x00,0x00,0x00,0x00,0x00,0x00,0x00,0x80,0xFF,0xFF,0xF8,0x00,0x00,0x00,0x00,0x00,
  0x00,0x00,0x1E,0xFF,0xFF,0xFF,0x44,0x00,0x00,0x00,0x00,0x00,0x00,0x00,0x6A,0xFF,
  0xFF,0xF8,0x00,0x00,0x00,0x00,0x00,0x00,0x00,0x1C,0xFF,0xFF,0xFF,0x44,0x00,0x00,
  0x00,0x00,0x00,0x00,0x00,0x68,0xFF,0xFF,0xF8,0x00,0x00,0x00,0x00,0x00,0x00,0x00,
  0x1C,0xFF,0xFF,0xFF,0x44,0x00,0x00,0x00,0x00,0x00,0x00,0x00,0x68,0xFF,0xFF,0xF8,
  0x00,0x00,0x00,0x00,0x00,0x00,0x00,0x1C,0xFF,0xFF,0xFF,0x44,0x00,0x00,0x00,0x00,
  0x00,0x00,0x00,0x68,0xFF,0xFF,0xF8,0x00,0x00,0x00,0x00,0x00,0x00,0x00,0x1C,0xFF,
  0xFF,0xFF,0x44,0x00,0x00,0x00,0x00,0x00,0x00,0x00,0x68,0xFF,0xFF,0xF8,0x00,0x00,
  0x00,0x00,0x00,0x00,0x00,0x1C,0xFF,0xFF,0xFF,0x44,0x00,0x00,0x00,0x00,0x00,0x00,
  0x00,0x68,0xFF,0xFF,0xF8,0x00,0x00,0x00,0x00,0x00,0x00,0x00,0x1C,0xFF,0xFF,0xFF,
  0x44,0x00,0x00,0x00,0x00,0x00,0x00,0x00,0x68,0xFF,0xFF,0xF8,0x00,0x00,0x00,0x00,
  0x00,0x00,0x00,0x1C,0xFF,0xFF,0xFF,0x44,0x00,0x00,0x00,0x00,0x00,0x00,0x00,0x68,
  0xFF,0xFF,0xF8,0x00,0x00,0x00,0x00,0x00,0x00,0x00,0x1C,0xFF,0xFF,0xFF,0x44,0x00,
  0x00,0x00,0x00,0x00,0x00,0x00,0x68,0xFF,0xFF,0xF8,0x00,0x00,0x00,0x00,0x00,0x00,
  0x00,0x1B,0xFF,0xFF,0xFF,0x44,0x00,0x00,0x00,0x00,0x00,0x00,0x00,0x6C,0xFF,0xFF,
  0xF8,0x00,0x00,0x00,0x00,0x00,0x00,0x00,0x13,0xFF,0xFF,0xFF,0x47,0x00,0x00,0x00,
  0x00,0x00,0x00,0x00,0x79,0xFF,0xFF,0xF8,0x00,0x00,0x00,0x00,0x00,0x00,0x00,0x04,
  0xFC,0xFF,0xFF,0x50,0x00,0x00,0x00,0x00,0x00,0x00,0x00,0x96,0xFF,0xFF,0xF8,0x00,
  0x00,0x00,0x00,0x00,0x00,0x00,0x00,0xD5,0xFF,0xFF,0x66,0x00,0x00,0x00,0x00,0x00,
  0x00,0x00,0x92,0xFF,0xFF,0xF8,0x00,0x00,0x00,0x00,0x00,0x00,0x00,0x00,0x8D,0xFF,
  0xFF,0x8D,0x00,0x00,0x00,0x00,0x00,0x00,0x1D,0x82,0xFF,0xFF,0xFA,0x00,0x00,0x00,
  0x00,0x00,0x00,0x00,0x00,0x21,0xF4,0xFF,0xD2,0x00,0x00,0x00,0x00,0x00,0x00,0x7F,
  0x2F,0xFF,0xFF,0xFF,0x0F,0x00,0x00,0x00,0x00,0x00,0x00,0x00,0x00,0x51,0xF7,0xFF,
  0x62,0x00,0x00,0x00,0x00,0x65,0x3D,0x28,0xFF,0xFF,0xFF,0x5D,0x00,0x00,0x00,0x00,
  0x00,0x00,0x00,0x00,0x00,0x23,0x93,0xD5,0xA9,0x7B,0x6D,0x70,0x26,0x00,0x28,0xFF,
  0xFF,0xFF,0xF9,0x98,0x69,0x02,0x5C,0xCA,0xFF,0xFF,0xFF,0xFF,0xC8,0x6E,0x5C,0x0C,
  0x00,0x00,0x00,0x59,0x61,0x7F,0xE2,0xFF,0xBE,0x68,0x43,0x00,0x0E,0xEA,0xFF,0xFF,
  0xFF,0x16,0x00,0x00,0x00,0x00,0x00,0x00,0x00,0x00,0x00,0x40,0xC3,0x02,0x00,0x00,
  0x00,0x00,0x8B,0xFF,0xFF,0xFF,0x20,0x00,0x00,0x00,0x00,0x00,0x00,0x00,0x00,0x00,
  0x3E,0x45,0x00,0x00,0x00,0x00,0x00,0x30,0xFF,0xFF,0xFF,0x66,0x00,0x00,0x00,0x00,
  0x00,0x00,0x00,0x00,0x00,0x60,0x02,0x00,0x00,0x00,0x00,0x00,0x00,0xD6,0xFF,0xFF,
  0xBD,0x00,0x00,0x00,0x00,0x00,0x00,0x00,0x00,0x00,0x5E,0x00,0x00,0x00,0x00,0x00,
  0x00,0x00,0x7D,0xFF,0xFF,0xFD,0x18,0x00,0x00,0x00,0x00,0x00,0x00,0x00,0x20,0x3D,
  0x00,0x00,0x00,0x00,0x00,0x00,0x00,0x23,0xFF,0xFF,0xFF,0x6D,0x00,0x00,0x00,0x00,
  0x00,0x00,0x00,0x5D,0x02,0x00,0x00,0x00,0x00,0x00,0x00,0x00,0x00,0xC9,0xFF,0xFF,
  0xC5,0x00,0x00,0x00,0x00,0x00,0x00,0x00,0x61,0x00,0x00,0x00,0x00,0x00,0x00,0x00,
  0x00,0x00,0x6F,0xFF,0xFF,0xFE,0x1E,0x00,0x00,0x00,0x00,0x00,0x21,0x3F,0x00,0x00,
  0x00,0x00,0x00,0x00,0x00,0x00,0x00,0x17,0xFC,0xFF,0xFF,0x75,0x00,0x00,0x00,0x00,
  0x00,0x5F,0x02,0x00,0x00,0x00,0x00,0x00,0x00,0x00,0x00,0x00,0x00,0xBB,0xFF,0xFF,
  0xCD,0x00,0x00,0x00,0x00,0x00,0x63,0x00,0x00,0x00,0x00,0x00,0x00,0x00,0x00,0x00,
  0x00,0x00,0x61,0xFF,0xFF,0xFF,0x25,0x00,0x00,0x00,0x21,0x41,0x00,0x00,0x00,0x00,
  0x00,0x00,0x00,0x00,0x00,0x00,0x00,0x0E,0xF7,0xFF,0xFF,0x7D,0x00,0x00,0x00,0x61,
  0x03,0x00,0x00,0x00,0x00,0x00,0x00,0x00,0x00,0x00,0x00,0x00,0x00,0xAD,0xFF,0xFF,
  0xD5,0x00,0x00,0x00,0x66,0x00,0x00,0x00,0x00,0x00,0x00,0x00,0x00,0x00,0x00,0x00,
  0x00,0x00,0x53,0xFF,0xFF,0xFF,0x2B,0x00,0x21,0x44,0x00,0x00,0x00,0x00,0x00,0x00,
  0x00,0x00,0x00,0x00,0x00,0x00,0x00,0x08,0xF0,0xFF,0xFF,0x80,0x00,0x63,0x04,0x00,
  0x00,0x00,0x00,0x00,0x00,0x00,0x00,0x00,0x00,0x00,0x00,0x00,0x00,0x9F,0xFF,0xFF,
  0xD5,0x00,0x68,0x00,0x00,0x00,0x00,0x00,0x00,0x00,0x00,0x00,0x00,0x00,0x00,0x00,
  0x00,0x00,0x45,0xFF,0xFF,0xFF,0x47,0x46,0x00,0x00,0x00,0x00,0x00,0x00,0x00,0x00,
  0x00,0x00,0x00,0x00,0x00,0x00,0x00,0x03,0xE7,0xFF,0xFF,0xCA,0x05,0x00,0x00,0x00,
  0x00,0x00,0x00,0x00,0x00,0x00,0x00,0x00,0x00,0x00,0x00,0x00,0x00,0x91,0xFF,0xFF,
  0x9E,0x00,0x00,0x00,0x00,0x00,0x00,0x00,0x00,0x00,0x5F,0xAE,0xFF,0xFF,0xFF,0xFF,
  0xB7,0x69,0x55,0x00,0x00,0x00,0x00,0x00,0x4D,0xFF,0xFF,0x4B,0x00,0x00,0x00,0x00,
  0x00,0x40,0x5D,0x6E,0xBA,0xFF,0xE0,0x75,0x5C,0x00,0x01,0xC7,0xFF,0xFF,0xFA,0x05,
  0x00,0x00,0x00,0x00,0x00,0x00,0x00,0x8D,0xFF,0xFF,0x9C,0x00,0x00,0x00,0x00,0x00,
  0x00,0x00,0x00,0x02,0xDC,0x15,0x00,0x00,0x00,0x00,0x66,0xFF,0xFF,0xFE,0x09,0x00,
  0x00,0x00,0x00,0x00,0x00,0x00,0xAD,0xFF,0xFF,0xEA,0x03,0x00,0x00,0x00,0x00,0x00,
  0x00,0x00,0x00,0x7D,0x00,0x00,0x00,0x00,0x00,0x1D,0xFF,0xFF,0xFF,0x42,0x00,0x00,
  0x00,0x00,0x00,0x00,0x0F,0x65,0xED,0xFF,0xFF,0x3E,0x00,0x00,0x00,0x00,0x00,0x00,
  0x00,0x21,0x45,0x00,0x00,0x00,0x00,0x00,0x00,0xD5,0xFF,0xFF,0x85,0x00,0x00,0x00,
  0x00,0x00,0x00,0x4D,0x23,0xA0,0xFF,0xFF,0x8F,0x00,0x00,0x00,0x00,0x00,0x00,0x00,
  0x59,0x0A,0x00,0x00,0x00,0x00,0x00,0x00,0x8D,0xFF,0xFF,0xC9,0x00,0x00,0x00,0x00,
  0x00,0x00,0x70,0x00,0x4E,0xFF,0xFF,0xE0,0x00,0x00,0x00,0x00,0x00,0x00,0x00,0x63,
  0x00,0x00,0x00,0x00,0x00,0x00,0x00,0x45,0xFF,0xFF,0xFC,0x0F,0x00,0x00,0x00,0x00,
  0x00,0x70,0x00,0x08,0xF3,0xFF,0xFF,0x31,0x00,0x00,0x00,0x00,0x00,0x00,0x63,0x00,
  0x00,0x00,0x00,0x00,0x00,0x00,0x07,0xF5,0xFF,0xFF,0x50,0x00,0x00,0x00,0x00,0x10,
  0x5E,0x00,0x00,0xAA,0xFF,0xFF,0x82,0x00,0x00,0x00,0x00,0x00,0x1B,0x47,0x00,0x00,
  0x00,0x00,0x00,0x00,0x00,0x00,0xB5,0xFF,0xFF,0x94,0x00,0x00,0x00,0x00,0x4E,0x20,
  0x00,0x00,0x58,0xFF,0xFF,0xD3,0x00,0x00,0x00,0x00,0x00,0x56,0x0C,0x00,0x00,0x00,
  0x00,0x00,0x00,0x00,0x00,0x6D,0xFF,0xFF,0xD7,0x00,0x00,0x00,0x00,0x6D,0x00,0x00,
  0x00,0x0D,0xF8,0xFF,0xFF,0x24,0x00,0x00,0x00,0x00,0x62,0x00,0x00,0x00,0x00,0x00,
  0x00,0x00,0x00,0x00,0x25,0xFF,0xFF,0xFF,0x1B,0x00,0x00,0x00,0x6D,0x00,0x00,0x00,
  0x00,0xB4,0xFF,0xFF,0x75,0x00,0x00,0x00,0x00,0x62,0x00,0x00,0x00,0x00,0x00,0x00,
  0x00,0x00,0x00,0x00,0xDC,0xFF,0xFF,0x5F,0x00,0x00,0x10,0x5B,0x00,0x00,0x00,0x00,
  0x62,0xFF,0xFF,0xC6,0x00,0x00,0x00,0x18,0x49,0x00,0x00,0x00,0x00,0x00,0x00,0x00,
  0x00,0x00,0x00,0x95,0xFF,0xFF,0xA2,0x00,0x00,0x4D,0x1D,0x00,0x00,0x00,0x00,0x13,
  0xFC,0xFF,0xFE,0x19,0x00,0x00,0x54,0x0E,0x00,0x00,0x00,0x00,0x00,0x00,0x00,0x00,
  0x00,0x00,0x4D,0xFF,0xFF,0xE6,0x00,0x00,0x69,0x00,0x00,0x00,0x00,0x00,0x00,0xBE,
  0xFF,0xFF,0x6A,0x00,0x00,0x61,0x00,0x00,0x00,0x00,0x00,0x00,0x00,0x00,0x00,0x00,
  0x00,0x0B,0xF9,0xFF,0xFF,0x2C,0x00,0x66,0x00,0x00,0x00,0x00,0x00,0x00,0x6C,0xFF,
  0xFF,0xBD,0x00,0x00,0x61,0x00,0x00,0x00,0x00,0x00,0x00,0x00,0x00,0x00,0x00,0x00,
  0x00,0xBD,0xFF,0xFF,0x71,0x0D,0x57,0x00,0x00,0x00,0x00,0x00,0x00,0x1B,0xFE,0xFF,
  0xFC,0x14,0x14,0x4B,0x00,0x00,0x00,0x00,0x00,0x00,0x00,0x00,0x00,0x00,0x00,0x00,
  0x75,0xFF,0xFF,0xB4,0x47,0x1A,0x00,0x00,0x00,0x00,0x00,0x00,0x00,0xC8,0xFF,0xFF,
  0x61,0x4F,0x10,0x00,0x00,0x00,0x00,0x00,0x00,0x00,0x00,0x00,0x00,0x00,0x00,0x2D,
  0xFF,0xFF,0xF2,0x63,0x00,0x00,0x00,0x00,0x00,0x00,0x00,0x00,0x76,0xFF,0xFF,0xB2,
  0x5F,0x00,0x00,0x00,0x00,0x00,0x00,0x00,0x00,0x00,0x00,0x00,0x00,0x00,0x00,0xE4,
  0xFF,0xFF,0x88,0x00,0x00,0x00,0x00,0x00,0x00,0x00,0x00,0x23,0xFF,0xFF,0xF7,0x68,
  0x00,0x00,0x00,0x00,0x00,0x00,0x00,0x00,0x00,0x00,0x00,0x00,0x00,0x00,0x9C,0xFF,
  0xFF,0x58,0x00,0x00,0x00,0x00,0x00,0x00,0x00,0x00,0x00,0xD1,0xFF,0xFF,0x4F,0x00,
  0x00,0x00,0x00,0x00,0x00,0x00,0x0C,0x63,0x9B,0xFD,0xFF,0xFF,0xFF,0xF6,0x86,0x60,
  0x01,0x15,0x5C,0x60,0x7C,0xE4,0xFF,0xCD,0x73,0x3C,0x00,0x00,0x00,0x00,0x5B,0xFF,
  0xFF,0xFF,0xCA,0x00,0x00,0x00,0x00,0x00,0x00,0x00,0x77,0xA4,0x04,0x00,0x00,0x00,
  0x00,0x00,0x00,0x00,0xA1,0xFF,0xFF,0xFD,0x2C,0x00,0x00,0x00,0x00,0x00,0x00,0x90,
  0x06,0x00,0x00,0x00,0x00,0x00,0x00,0x00,0x00,0x14,0xED,0xFF,0xFF,0xB9,0x00,0x00,
  0x00,0x00,0x00,0x54,0x24,0x00,0x00,0x00,0x00,0x00,0x00,0x00,0x00,0x00,0x00,0x64,
  0xFF,0xFF,0xFF,0x59,0x00,0x00,0x00,0x1A,0x59,0x00,0x00,0x00,0x00,0x00,0x00,0x00,
  0x00,0x00,0x00,0x00,0x01,0xC4,0xFF,0xFF,0xE8,0x10,0x00,0x00,0x70,0x01,0x00,0x00,
  0x00,0x00,0x00,0x00,0x00,0x00,0x00,0x00,0x00,0x00,0x2C,0xFB,0xFF,0xFF,0x98,0x00,
  0x54,0x1C,0x00,0x00,0x00,0x00,0x00,0x00,0x00,0x00,0x00,0x00,0x00,0x00,0x00,0x00,
  0x8B,0xFF,0xFF,0xFE,0x58,0x4E,0x00,0x00,0x00,0x00,0x00,0x00,0x00,0x00,0x00,0x00,
  0x00,0x00,0x00,0x00,0x00,0x0B,0xE1,0xFF,0xFF,0xEA,0x05,0x00,0x00,0x00,0x00,0x00,
  0x00,0x00,0x00,0x00,0x00,0x00,0x00,0x00,0x00,0x00,0x00,0x4F,0xFF,0xFF,0xFF,0x7A,
  0x00,0x00,0x00,0x00,0x00,0x00,0x00,0x00,0x00,0x00,0x00,0x00,0x00,0x00,0x00,0x00,
  0x01,0xDB,0xFF,0xFF,0xF7,0x25,0x00,0x00,0x00,0x00,0x00,0x00,0x00,0x00,0x00,0x00,
  0x00,0x00,0x00,0x00,0x00,0x5F,0x3A,0xF4,0xFF,0xFF,0xBE,0x00,0x00,0x00,0x00,0x00,
  0x00,0x00,0x00,0x00,0x00,0x00,0x00,0x00,0x00,0x2A,0x4F,0x00,0x72,0xFF,0xFF,0xFF,
  0x61,0x00,0x00,0x00,0x00,0x00,0x00,0x00,0x00,0x00,0x00,0x00,0x00,0x05,0x74,0x00,
  0x00,0x03,0xCC,0xFF,0xFF,0xED,0x16,0x00,0x00,0x00,0x00,0x00,0x00,0x00,0x00,0x00,
  0x00,0x00,0x69,0x11,0x00,0x00,0x00,0x31,0xFC,0xFF,0xFF,0xA6,0x00,0x00,0x00,0x00,
  0x00,0x00,0x00,0x00,0x00,0x00,0x37,0x42,0x00,0x00,0x00,0x00,0x00,0x8C,0xFF,0xFF,
  0xFF,0x48,0x00,0x00,0x00,0x00,0x00,0x00,0x00,0x00,0x0A,0x71,0x00,0x00,0x00,0x00,
  0x00,0x00,0x0C,0xE6,0xFF,0xFF,0xDF,0x0B,0x00,0x00,0x00,0x00,0x00,0x00,0x00,0x89,
  0x0F,0x00,0x00,0x00,0x00,0x00,0x00,0x00,0x60,0xFF,0xFF,0xFF,0x8E,0x00,0x00,0x00,
  0x00,0x00,0x00,0x6F,0xAA,0x00,0x00,0x00,0x00,0x00,0x00,0x00,0x00,0x06,0xFD,0xFF,
  0xFF,0xFD,0x48,0x00,0x00,0x4A,0x6A,0xB1,0xFF,0xF4,0x88,0x62,0x5C,0x45,0x00,0x00,
  0x3C,0x68,0xA9,0xFF,0xFF,0xFF,0xFF,0xF6,0x8A,0x3B,0x4F,0x88,0xFC,0xFF,0xFF,0xFF,
  0xF8,0x8C,0x4D,0x00,0x00,0x00,0x0C,0x5C,0x61,0x8A,0xF3,0xFF,0xB9,0x6D,0x1F,0x00,
  0x00,0x87,0xFF,0xFF,0xFF,0x90,0x00,0x00,0x00,0x00,0x00,0x00,0x00,0x00,0x00,0x6A,
  0xB6,0x00,0x00,0x00,0x00,0x00,0x14,0xF8,0xFF,0xFF,0x97,0x00,0x00,0x00,0x00,0x00,
  0x00,0x00,0x00,0x00,0x4F,0x3C,0x00,0x00,0x00,0x00,0x00,0x00,0xA4,0xFF,0xFF,0xE2,
  0x01,0x00,0x00,0x00,0x00,0x00,0x00,0x00,0x00,0x64,0x00,0x00,0x00,0x00,0x00,0x00,
  0x00,0x3B,0xFF,0xFF,0xFF,0x46,0x00,0x00,0x00,0x00,0x00,0x00,0x00,0x00,0x5F,0x00,
  0x00,0x00,0x00,0x00,0x00,0x00,0x00,0xD2,0xFF,0xFF,0xAB,0x00,0x00,0x00,0x00,0x00,
  0x00,0x00,0x1C,0x42,0x00,0x00,0x00,0x00,0x00,0x00,0x00,0x00,0x6A,0xFF,0xFF,0xFA,
  0x16,0x00,0x00,0x00,0x00,0x00,0x00,0x59,0x04,0x00,0x00,0x00,0x00,0x00,0x00,0x00,
  0x00,0x0D,0xF3,0xFF,0xFF,0x76,0x00,0x00,0x00,0x00,0x00,0x00,0x5C,0x00,0x00,0x00,
  0x00,0x00,0x00,0x00,0x00,0x00,0x00,0x99,0xFF,0xFF,0xDA,0x01,0x00,0x00,0x00,0x00,
  0x0D,0x4D,0x00,0x00,0x00,0x00,0x00,0x00,0x00,0x00,0x00,0x00,0x30,0xFF,0xFF,0xFF,
  0x40,0x00,0x00,0x00,0x00,0x4D,0x0C,0x00,0x00,0x00,0x00,0x00,0x00,0x00,0x00,0x00,
  0x00,0x00,0xC8,0xFF,0xFF,0xA6,0x00,0x00,0x00,0x00,0x59,0x00,0x00,0x00,0x00,0x00,
  0x00,0x00,0x00,0x00,0x00,0x00,0x00,0x60,0xFF,0xFF,0xF8,0x12,0x00,0x00,0x04,0x53,
  0x00,0x00,0x00,0x00,0x00,0x00,0x00,0x00,0x00,0x00,0x00,0x00,0x09,0xEE,0xFF,0xFF,
  0x6B,0x00,0x00,0x3F,0x18,0x00,0x00,0x00,0x00,0x00,0x00,0x00,0x00,0x00,0x00,0x00,
  0x00,0x00,0x8F,0xFF,0xFF,0xCA,0x00,0x00,0x56,0x00,0x00,0x00,0x00,0x00,0x00,0x00,
  0x00,0x00,0x00,0x00,0x00,0x00,0x00,0x27,0xFF,0xFF,0xFF,0x27,0x00,0x58,0x00,0x00,
  0x00,0x00,0x00,0x00,0x00,0x00,0x00,0x00,0x00,0x00,0x00,0x00,0x00,0xBE,0xFF,0xFF,
  0x82,0x34,0x27,0x00,0x00,0x00,0x00,0x00,0x00,0x00,0x00,0x00,0x00,0x00,0x00,0x00,
  0x00,0x00,0x55,0xFF,0xFF,0xD9,0x5D,0x00,0x00,0x00,0x00,0x00,0x00,0x00,0x00,0x00,
  0x00,0x00,0x00,0x00,0x00,0x00,0x00,0x05,0xE7,0xFF,0xFF,0x75,0x00,0x00,0x00,0x00,
  0x00,0x00,0x00,0x00,0x00,0x00,0x00,0x00,0x00,0x00,0x00,0x00,0x00,0x85,0xFF,0xFF,
  0x38,0x00,0x00,0x00,0x00,0x00,0x00,0x00,0x00,0x00,0x00,0x00,0x00,0x00,0x00,0x00,
  0x00,0x00,0x1F,0xFD,0xE7,0x01,0x00,0x00,0x00,0x00,0x00,0x00,0x00,0x00,0x00,0x00,
  0x00,0x00,0x00,0x00,0x00,0x00,0x00,0x00,0xB4,0x97,0x00,0x00,0x00,0x00,0x00,0x00,
  0x00,0x00,0x00,0x00,0x00,0x00,0x00,0x00,0x00,0x00,0x00,0x00,0x00,0x53,0x42,0x00,
  0x00,0x00,0x00,0x00,0x00,0x00,0x00,0x00,0x00,0x00,0x00,0x00,0x00,0x00,0x00,0x00,
  0x00,0x00,0x6B,0x03,0x00,0x00,0x00,0x00,0x00,0x00,0x00,0x00,0x00,0x00,0x00,0x00,
  0x00,0x00,0x00,0x00,0x00,0x00,0x04,0x6B,0x00,0x00,0x00,0x00,0x00,0x00,0x00,0x00,
  0x00,0x00,0x00,0x00,0x00,0x00,0x00,0x00,0x00,0x00,0x00,0x55,0x1F,0x00,0x00,0x00,
  0x00,0x00,0x00,0x00,0x00,0x00,0x00,0x00,0x00,0x00,0x00,0x00,0x00,0x00,0x00,0x06,
  0x6C,0x00,0x00,0x00,0x00,0x00,0x00,0x00,0x00,0x00,0x00,0x00,0x00,0x00,0x00,0x00,
  0x00,0x00,0x00,0x00,0x6E,0x0F,0x00,0x00,0x00,0x00,0x00,0x00,0x00,0x00,0x00,0x00,
  0x00,0x00,0x00,0x00,0x00,0x00,0x00,0x20,0x75,0x1E,0x00,0x00,0x00,0x00,0x00,0x00,
  0x00,0x00,0x00,0x00,0x00,0x00,0x00,0x3A,0x5F,0x60,0x65,0x69,0x4E,0x03,0x00,0x00,
  0x00,0x00,0x00,0x00,0x00,0x00,0x00,0x00,0x00,0x00,0x00,0x00,0xA9,0xFF,0xE5,0xA7,
  0x90,0x8C,0x8C,0x8C,0x8C,0x8C,0xE1,0xFF,0xFF,0xF5,0x13,0x00,0xBA,0x99,0x04,0x00,
  0x00,0x00,0x00,0x00,0x00,0x2A,0xFC,0xFF,0xFF,0x7F,0x00,0x00,0xB7,0x08,0x00,0x00,
  0x00,0x00,0x00,0x00,0x00,0xB8,0xFF,0xFF,0xE3,0x0A,0x00,0x00,0x81,0x00,0x00,0x00,
  0x00,0x00,0x00,0x00,0x4B,0xFF,0xFF,0xFF,0x5C,0x00,0x00,0x00,0x66,0x00,0x00,0x00,
  0x00,0x00,0x00,0x04,0xD7,0xFF,0xFF,0xC9,0x01,0x00,0x00,0x00,0x1B,0x00,0x00,0x00,
  0x00,0x00,0x00,0x6F,0xFF,0xFF,0xFF,0x3A,0x00,0x00,0x00,0x00,0x00,0x00,0x00,0x00,
  0x00,0x00,0x12,0xEE,0xFF,0xFF,0xA8,0x00,0x00,0x00,0x00,0x00,0x00,0x00,0x00,0x00,
  0x00,0x00,0x92,0xFF,0xFF,0xF7,0x1F,0x00,0x00,0x00,0x00,0x00,0x00,0x00,0x00,0x00,
  0x00,0x28,0xFB,0xFF,0xFF,0x85,0x00,0x00,0x00,0x00,0x00,0x00,0x00,0x00,0x00,0x00,
  0x00,0xB6,0xFF,0xFF,0xE7,0x0C,0x00,0x00,0x00,0x00,0x00,0x00,0x00,0x00,0x00,0x00,
  0x47,0xFF,0xFF,0xFF,0x62,0x00,0x00,0x00,0x00,0x00,0x00,0x00,0x00,0x00,0x00,0x03,
  0xD5,0xFF,0xFF,0xCE,0x02,0x00,0x00,0x00,0x00,0x00,0x00,0x00,0x00,0x00,0x00,0x6B,
  0xFF,0xFF,0xFF,0x3F,0x00,0x00,0x00,0x00,0x00,0x00,0x00,0x00,0x00,0x00,0x10,0xEC,
  0xFF,0xFF,0xAD,0x00,0x00,0x00,0x00,0x00,0x00,0x00,0x02,0x00,0x00,0x00,0x8F,0xFF,
  0xFF,0xF9,0x23,0x00,0x00,0x00,0x00,0x00,0x00,0x06,0x5A,0x00,0x00,0x26,0xFA,0xFF,
  0xFF,0x8A,0x00,0x00,0x00,0x00,0x00,0x00,0x00,0x21,0x51,0x00,0x00,0xB2,0xFF,0xFF,
  0xEA,0x0F,0x00,0x00,0x00,0x00,0x00,0x00,0x00,0x4F,0x48,0x00,0x44,0xFF,0xFF,0xFF,
  0x67,0x00,0x00,0x00,0x00,0x00,0x00,0x00,0x00,0xA1,0x3E,0x03,0xD2,0xFF,0xFF,0xD3,
  0x03,0x00,0x00,0x00,0x00,0x00,0x00,0x00,0x52,0xFD,0x35,0x5E,0xFF,0xFF,0xFF,0xBD,
  0x8C,0x8C,0x8C,0x8C,0x8C,0x8C,0x9A,0xCE,0xFF,0xFF,0x2C,0x00,0x00,0x00,0x00,0x00,
  0x00,0x01,0x64,0xC5,0xE6,0x8D,0x62,0x38,0x00,0x00,0x00,0x00,0x00,0x00,0xA7,0xFF,
  0xFF,0x3C,0x00,0x00,0x00,0x00,0x00,0x00,0x00,0x00,0x59,0xFF,0xFF,0xCD,0x00,0x00,
  0x00,0x00,0x00,0x00,0x00,0x00,0x00,0xB8,0xFF,0xFF,0xA7,0x00,0x00,0x00,0x00,0x00,
  0x00,0x00,0x00,0x00,0xE4,0xFF,0xFF,0x94,0x00,0x00,0x00,0x00,0x00,0x00,0x00,0x00,
  0x00,0xF2,0xFF,0xFF,0x94,0x00,0x00,0x00,0x00,0x00,0x00,0x00,0x00,0x00,0xF4,0xFF,
  0xFF,0x94,0x00,0x00,0x00,0x00,0x00,0x00,0x00,0x00,0x00,0xF4,0xFF,0xFF,0x94,0x00,
  0x00,0x00,0x00,0x00,0x00,0x00,0x00,0x00,0xF4,0xFF,0xFF,0x94,0x00,0x00,0x00,0x00,
  0x00,0x00,0x00,0x00,0x00,0xF4,0xFF,0xFF,0x94,0x00,0x00,0x00,0x00,0x00,0x00,0x00,
  0x00,0x00,0xF4,0xFF,0xFF,0x94,0x00,0x00,0x00,0x00,0x00,0x00,0x00,0x00,0x00,0xF4,
  0xFF,0xFF,0x93,0x00,0x00,0x00,0x00,0x00,0x00,0x00,0x00,0x00,0xF8,0xFF,0xFF,0x85,
  0x00,0x00,0x00,0x00,0x00,0x00,0x00,0x00,0x13,0xFF,0xFF,0xFF,0x4C,0x00,0x00,0x00,
  0x00,0x00,0x00,0x00,0x00,0x6B,0xFF,0xFF,0xC8,0x02,0x00,0x00,0x00,0x00,0x00,0x00,
  0x01,0x56,0xF5,0xFD,0xA9,0x12,0x00,0x00,0x00,0x00,0x00,0x13,0x78,0xD4,0xFD,0xB9,
  0x3A,0x00,0x00,0x00,0x00,0x00,0x00,0x00,0x00,0x00,0x01,0x5B,0xF7,0xFF,0xB5,0x18,
  0x00,0x00,0x00,0x00,0x00,0x00,0x00,0x00,0x00,0x70,0xFF,0xFF,0xD3,0x05,0x00,0x00,
  0x00,0x00,0x00,0x00,0x00,0x00,0x16,0xFF,0xFF,0xFF,0x56,0x00,0x00,0x00,0x00,0x00,
  0x00,0x00,0x00,0x00,0xF9,0xFF,0xFF,0x89,0x00,0x00,0x00,0x00,0x00,0x00,0x00,0x00,
  0x00,0xF4,0xFF,0xFF,0x94,0x00,0x00,0x00,0x00,0x00,0x00,0x00,0x00,0x00,0xF4,0xFF,
  0xFF,0x94,0x00,0x00,0x00,0x00,0x00,0x00,0x00,0x00,0x00,0xF4,0xFF,0xFF,0x94,0x00,
  0x00,0x00,0x00,0x00,0x00,0x00,0x00,0x00,0xF4,0xFF,0xFF,0x94,0x00,0x00,0x00,0x00,
  0x00,0x00,0x00,0x00,0x00,0xF4,0xFF,0xFF,0x94,0x00,0x00,0x00,0x00,0x00,0x00,0x00,
  0x00,0x00,0xF4,0xFF,0xFF,0x94,0x00,0x00,0x00,0x00,0x00,0x00,0x00,0x00,0x00,0xF1,
  0xFF,0xFF,0x94,0x00,0x00,0x00,0x00,0x00,0x00,0x00,0x00,0x00,0xDC,0xFF,0xFF,0x97,
  0x00,0x00,0x00,0x00,0x00,0x00,0x00,0x00,0x00,0x9F,0xFF,0xFF,0xAE,0x00,0x00,0x00,
  0x00,0x00,0x00,0x00,0x00,0x00,0x2E,0xFA,0xFF,0xE3,0x03,0x00,0x00,0x00,0x00,0x00,
  0x00,0x00,0x00,0x00,0x58,0xF6,0xFF,0x80,0x00,0x00,0x00,0x00,0x00,0x00,0x00,0x00,
  0x00,0x00,0x19,0x71,0x9E,0x8C,0x62,0x38,0xAC,0xC4,0xAC,0xC4,0xAC,0xC4,0xAC,0xC4,
  0xAC,0xC4,0xAC,0xC4,0xAC,0xC4,0xAC,0xC4,0xAC,0xC4,0xAC,0xC4,0xAC,0xC4,0xAC,0xC4,
  0xAC,0xC4,0xAC,0xC4,0xAC,0xC4,0xAC,0xC4,0xAC,0xC4,0xAC,0xC4,0xAC,0xC4,0xAC,0xC4,
  0xAC,0xC4,0xAC,0xC4,0xAC,0xC4,0xAC,0xC4,0xAC,0xC4,0xAC,0xC4,0xAC,0xC4,0xAC,0xC4,
  0xAC,0xC4,0xAC,0xC4,0xAC,0xC4,0xAC,0xC4,0xAC,0xC4,0xAC,0xC4,0xAC,0xC4,0xAC,0xC4,
  0xAC,0xC4,0x12,0x5C,0x79,0xC7,0xDD,0x96,0x1D,0x00,0x00,0x00,0x00,0x00,0x00,0x00,
  0x00,0x00,0x08,0xCF,0xFF,0xEB,0x28,0x00,0x00,0x00,0x00,0x00,0x00,0x00,0x00,0x00,
  0x67,0xFF,0xFF,0xC3,0x00,0x00,0x00,0x00,0x00,0x00,0x00,0x00,0x00,0x40,0xFF,0xFF,
  0xFF,0x20,0x00,0x00,0x00,0x00,0x00,0x00,0x00,0x00,0x2C,0xFF,0xFF,0xFF,0x4C,0x00,
  0x00,0x00,0x00,0x00,0x00,0x00,0x00,0x2C,0xFF,0xFF,0xFF,0x5A,0x00,0x00,0x00,0x00,
  0x00,0x00,0x00,0x00,0x2C,0xFF,0xFF,0xFF,0x5C,0x00,0x00,0x00,0x00,0x00,0x00,0x00,
  0x00,0x2C,0xFF,0xFF,0xFF,0x5C,0x00,0x00,0x00,0x00,0x00,0x00,0x00,0x00,0x2C,0xFF,
  0xFF,0xFF,0x5C,0x00,0x00,0x00,0x00,0x00,0x00,0x00,0x00,0x2C,0xFF,0xFF,0xFF,0x5C,
  0x00,0x00,0x00,0x00,0x00,0x00,0x00,0x00,0x2C,0xFF,0xFF,0xFF,0x5C,0x00,0x00,0x00,
  0x00,0x00,0x00,0x00,0x00,0x2B,0xFF,0xFF,0xFF,0x5C,0x00,0x00,0x00,0x00,0x00,0x00,
  0x00,0x00,0x1E,0xFF,0xFF,0xFF,0x60,0x00,0x00,0x00,0x00,0x00,0x00,0x00,0x00,0x00,
  0xE3,0xFF,0xFF,0x7B,0x00,0x00,0x00,0x00,0x00,0x00,0x00,0x00,0x00,0x61,0xFF,0xFF,
  0xD2,0x03,0x00,0x00,0x00,0x00,0x00,0x00,0x00,0x00,0x00,0x63,0xEA,0xFF,0xA7,0x13,
  0x00,0x00,0x00,0x00,0x00,0x00,0x00,0x00,0x00,0x0F,0x8D,0xED,0xF5,0x94,0x3F,0x00,
  0x00,0x00,0x00,0x00,0x00,0x73,0xF1,0xFF,0xAC,0x16,0x00,0x00,0x00,0x00,0x00,0x00,
  0x00,0x71,0xFF,0xFF,0xD6,0x04,0x00,0x00,0x00,0x00,0x00,0x00,0x00,0x02,0xEB,0xFF,
  0xFF,0x7F,0x00,0x00,0x00,0x00,0x00,0x00,0x00,0x00,0x21,0xFF,0xFF,0xFF,0x62,0x00,
  0x00,0x00,0x00,0x00,0x00,0x00,0x00,0x2C,0xFF,0xFF,0xFF,0x5C,0x00,0x00,0x00,0x00,
  0x00,0x00,0x00,0x00,0x2C,0xFF,0xFF,0xFF,0x5C,0x00,0x00,0x00,0x00,0x00,0x00,0x00,
  0x00,0x2C,0xFF,0xFF,0xFF,0x5C,0x00,0x00,0x00,0x00,0x00,0x00,0x00,0x00,0x2C,0xFF,
  0xFF,0xFF,0x5C,0x00,0x00,0x00,0x00,0x00,0x00,0x00,0x00,0x2C,0xFF,0xFF,0xFF,0x5C,
  0x00,0x00,0x00,0x00,0x00,0x00,0x00,0x00,0x2C,0xFF,0xFF,0xFF,0x5C,0x00,0x00,0x00,
  0x00,0x00,0x00,0x00,0x00,0x2C,0xFF,0xFF,0xFF,0x58,0x00,0x00,0x00,0x00,0x00,0x00,
  0x00,0x00,0x2F,0xFF,0xFF,0xFF,0x43,0x00,0x00,0x00,0x00,0x00,0x00,0x00,0x00,0x47,
  0xFF,0xFF,0xF8,0x0F,0x00,0x00,0x00,0x00,0x00,0x00,0x00,0x00,0x81,0xFF,0xFF,0x92,
  0x00,0x00,0x00,0x00,0x00,0x00,0x00,0x00,0x30,0xEC,0xFF,0xB2,0x09,0x00,0x00,0x00,
  0x00,0x00,0x12,0x5C,0x78,0x9F,0x8A,0x41,0x00,0x00,0x00,0x00,0x00,0x00,0x00,0x00,
  0x00,0x70,0xE5,0xF0,0xB1,0x29,0x00,0x00,0x00,0x00,0x00,0x00,0x00,0x0C,0xAC,0x00,
  0x5B,0xB1,0x1E,0x0E,0x56,0xD6,0x42,0x00,0x00,0x00,0x00,0x00,0x00,0x49,0x7D,0x00,
  0xCB,0x10,0x00,0x00,0x00,0x1B,0xD5,0x54,0x00,0x00,0x00,0x00,0x00,0x91,0x34,0x24,
  0xA9,0x00,0x00,0x00,0x00,0x00,0x1E,0xDA,0x5A,0x00,0x00,0x00,0x0C,0xCA,0x00,0x68,
  0x5F,0x00,0x00,0x00,0x00,0x00,0x00,0x1E,0xDB,0x84,0x19,0x1B,0xAE,0x60,0x00,0x9B,
  0x25,0x00,0x00,0x00,0x00,0x00,0x00,0x00,0x16,0xA1,0xEB,0xE7,0x75,0x00,0x00,0x00,
  0x4D,0xE8,0xE3,0x43,0x00,0x00,0xD3,0xFF,0xFF,0xC6,0x00,0x00,0xF1,0xFF,0xFF,0xE4,
  0x00,0x00,0xD5,0xFF,0xFF,0xC8,0x00,0x00,0x51,0xEC,0xE8,0x46,0x00,0x00,0x00,0x00,
  0x00,0x00,0x00,0x00,0x00,0x00,0x00,0x00,0x00,0x00,0x00,0x1E,0x17,0x00,0x00,0x00,
  0x00,0x65,0x50,0x00,0x00,0x00,0x00,0x7E,0x69,0x00,0x00,0x00,0x00,0x96,0x82,0x00,
  0x00,0x00,0x00,0xAF,0x9B,0x00,0x00,0x00,0x00,0xC7,0xB4,0x00,0x00,0x00,0x00,0xDF,
  0xCD,0x00,0x00,0x00,0x00,0xF7,0xE5,0x00,0x00,0x00,0x10,0xFF,0xFC,0x02,0x00,0x00,
  0x29,0xFF,0xFF,0x17,0x00,0x00,0x41,0xFF,0xFF,0x30,0x00,0x00,0x59,0xFF,0xFF,0x49,
  0x00,0x00,0x72,0xFF,0xFF,0x62,0x00,0x00,0x8A,0xFF,0xFF,0x7A,0x00,0x00,0xA3,0xFF,
  0xFF,0x93,0x00,0x00,0xBB,0xFF,0xFF,0xAC,0x00,0x00,0xD3,0xFF,0xFF,0xC5,0x00,0x00,
  0xEC,0xFF,0xFF,0xDE,0x00,0x05,0xFE,0xFF,0xFF,0xF7,0x00,0x0A,0x7C,0x7C,0x7C,0x7C,
  0x04,0x00,0x00,0x25,0x6B,0x93,0x68,0x7E,0x8B,0x47,0x00,0x00,0x00,0x00,0x00,0x69,
  0xFE,0xFF,0x71,0x00,0x03,0xC5,0xFF,0xB4,0x02,0x00,0x00,0x00,0xB4,0xFF,0xFF,0x28,
  0x00,0x00,0x7C,0xFF,0xFF,0x54,0x00,0x00,0x00,0x2F,0xAF,0xD6,0x14,0x00,0x00,0x67,
  0xFF,0xFF,0x8B,0x00,0x00,0x00,0x00,0x00,0x00,0x00,0x00,0x00,0x64,0xFF,0xFF,0x97,
  0x00,0x00,0x00,0x00,0x2C,0x73,0x94,0x6E,0x5D,0x9C,0xFF,0xFF,0x98,0x00,0x00,0x06,
  0xA8,0xFF,0xF1,0x26,0x00,0x00,0x64,0xFF,0xFF,0x98,0x00,0x00,0x75,0xFF,0xFF,0x8F,
  0x00,0x00,0x00,0x64,0xFF,0xFF,0x98,0x00,0x00,0xB2,0xFF,0xFF,0x6C,0x00,0x00,0x00,
  0x74,0xFF,0xFF,0x98,0x00,0x00,0x9B,0xFF,0xFF,0x86,0x00,0x00,0x00,0x97,0xFF,0xFF,
  0x98,0x00,0x00,0x3B,0xFC,0xFF,0xE7,0x22,0x03,0x60,0x5C,0xFF,0xFF,0xA1,0x00,0x00,
  0x00,0x48,0xC5,0xF1,0xEB,0xAA,0x32,0x30,0xFF,0xFF,0xF0,0x74,0x0D,0x00,0x00,0x00,
  0x00,0x00,0x00,0x64,0x59,0x00,0x00,0x00,0x00,0x11,0xA7,0x05,0x00,0x00,0x00,0x00,
  0x00,0x61,0xC7,0x01,0x00,0x00,0x00,0x10,0xCB,0x4E,0x00,0x00,0x00,0x00,0x00,0x5E,
  0xFD,0x3A,0x00,0x00,0x00,0x0F,0xC9,0xBD,0x00,0x00,0x00,0x00,0x00,0x5C,0xFD,0xA9,
  0x00,0x00,0x00,0x0E,0xC7,0xFD,0x2F,0x00,0x00,0x00,0x00,0x59,0xFC,0xF8,0x20,0x00,
  0x00,0x0D,0xC5,0xFF,0x9C,0x00,0x00,0x00,0x00,0x57,0xFC,0xFF,0x87,0x00,0x00,0x0C,
  0xC3,0xFF,0xF3,0x18,0x00,0x00,0x00,0x51,0xFB,0xFF,0xE9,0x0D,0x00,0x08,0xC1,0xFF,
  0xFF,0x7A,0x00,0x00,0x00,0x00,0x5C,0xFE,0xFF,0xE1,0x08,0x00,0x0A,0xCC,0xFF,0xFF,
  0x6E,0x00,0x00,0x00,0x00,0x00,0x62,0xFE,0xFF,0x7C,0x00,0x00,0x10,0xCC,0xFF,0xEE,
  0x12,0x00,0x00,0x00,0x00,0x00,0x63,0xFE,0xF4,0x1A,0x00,0x00,0x11,0xCC,0xFF,0x93,
  0x00,0x00,0x00,0x00,0x00,0x00,0x64,0xFE,0xA2,0x00,0x00,0x00,0x11,0xCD,0xFB,0x2A,
  0x00,0x00,0x00,0x00,0x00,0x00,0x64,0xFC,0x36,0x00,0x00,0x00,0x11,0xCD,0xB8,0x00,
  0x00,0x00,0x00,0x00,0x00,0x00,0x65,0xC5,0x00,0x00,0x00,0x00,0x11,0xCE,0x4B,0x00,
  0x00,0x00,0x00,0x00,0x00,0x00,0x65,0x58,0x00,0x00,0x00,0x00,0x12,0xA6,0x05,0x00,
  0x00,0x01,0x5D,0xC2,0xF1,0xF7,0xD7,0x87,0x12,0x00,0x00,0x00,0x02,0xA8,0xC1,0x48,
  0x10,0x07,0x2B,0x89,0xDC,0x24,0x00,0x00,0x77,0x9E,0x02,0x00,0x00,0x00,0x00,0x00,
  0x46,0xCC,0x02,0x02,0xD5,0x0A,0x00,0x00,0x00,0x00,0x00,0x00,0x00,0x97,0x4D,0x2C,
  0xA1,0x00,0x00,0x00,0x00,0x00,0x00,0x00,0x00,0x45,0x8A,0x3F,0x89,0x00,0x00,0x00,
  0x00,0x00,0x00,0x00,0x00,0x2D,0x9E,0x2D,0xA0,0x00,0x00,0x00,0x00,0x00,0x00,0x00,
  0x00,0x44,0x8C,0x03,0xD6,0x09,0x00,0x00,0x00,0x00,0x00,0x00,0x00,0x95,0x4F,0x00,
  0x7D,0x9A,0x01,0x00,0x00,0x00,0x00,0x00,0x42,0xD0,0x03,0x00,0x03,0xAE,0xBD,0x46,
  0x0E,0x06,0x29,0x86,0xDE,0x29,0x00,0x00,0x00,0x01,0x61,0xC4,0xF2,0xF8,0xD9,0x8A,
  0x15,0x00,0x00,0x00,0x00,0x00,0x00,0x00,0x00,0x00,0x33,0x42,0x00,0x00,0x00,0x00,
  0x00,0x00,0x00,0x00,0x00,0x00,0x00,0x00,0x00,0x00,0x50,0x68,0x00,0x00,0x00,0x00,
  0x00,0x00,0x00,0x00,0x00,0x00,0x00,0x00,0x00,0x00,0x50,0x68,0x00,0x00,0x00,0x00,
  0x00,0x00,0x00,0x00,0x00,0x00,0x00,0x00,0x00,0x00,0x50,0x68,0x00,0x00,0x00,0x00,
  0x00,0x00,0x00,0x00,0x00,0x00,0x00,0x00,0x00,0x00,0x50,0x68,0x00,0x00,0x00,0x00,
  0x00,0x00,0x00,0x00,0x00,0x00,0x00,0x00,0x00,0x00,0x50,0x68,0x00,0x00,0x00,0x00,
  0x00,0x00,0x00,0x00,0x00,0x00,0x00,0x00,0x00,0x00,0x50,0x68,0x00,0x00,0x00,0x00,
  0x00,0x00,0x00,0x00,0x00,0x00,0x00,0x00,0x00,0x00,0x50,0x68,0x00,0x00,0x00,0x00,
  0x00,0x00,0x00,0x7B,0xBC,0xBC,0xBC,0xBC,0xBC,0xBC,0xD1,0xD7,0xBC,0xBC,0xBC,0xBC,
  0xBC,0xBC,0x92,0x00,0x00,0x00,0x00,0x00,0x00,0x00,0x50,0x68,0x00,0x00,0x00,0x00,
  0x00,0x00,0x00,0x00,0x00,0x00,0x00,0x00,0x00,0x00,0x50,0x68,0x00,0x00,0x00,0x00,
  0x00,0x00,0x00,0x00,0x00,0x00,0x00,0x00,0x00,0x00,0x50,0x68,0x00,0x00,0x00,0x00,
  0x00,0x00,0x00,0x00,0x00,0x00,0x00,0x00,0x00,0x00,0x50,0x68,0x00,0x00,0x00,0x00,
  0x00,0x00,0x00,0x00,0x00,0x00,0x00,0x00,0x00,0x00,0x50,0x68,0x00,0x00,0x00,0x00,
  0x00,0x00,0x00,0x00,0x00,0x00,0x00,0x00,0x00,0x00,0x50,0x68,0x00,0x00,0x00,0x00,
  0x00,0x00,0x00,0x00,0x00,0x00,0x00,0x00,0x00,0x00,0x50,0x68,0x00,0x00,0x00,0x00,
  0x00,0x00,0x00,0x00,0x00,0x00,0x00,0x00,0x00,0x00,0x1A,0x22,0x00,0x00,0x00,0x00,
  0x00,0x00,0x00,0x00,0x00,0x00,0x00,0x00,0x00,0x00,0x00,0x00,0x00,0x00,0x00,0x00,
  0x00,0x00,0x00,0x00,0x00,0x00,0x00,0x00,0x00,0x00,0x00,0x00,0x00,0x00,0x00,0x00,
  0x00,0x00,0x00,0x00,0x00,0x00,0x00,0x00,0x00,0x00,0x00,0x00,0x00,0x00,0x00,0x00,
  0x00,0x00,0x00,0x7B,0xBC,0xBC,0xBC,0xBC,0xBC,0xBC,0xBC,0xBC,0xBC,0xBC,0xBC,0xBC,
  0xBC,0xBC,0x92,0x04,0xB0,0xF4,0xB0,0x04,0x4C,0xFF,0xFF,0xFF,0x4B,0x69,0xFF,0xFF,
  0xFF,0x68,0x4C,0xFF,0xFF,0xFF,0x4B,0x04,0xB0,0xF4,0xB0,0x04,0x00,0x00,0x00,0x41,
  0x82,0x67,0x61,0x85,0x57,0x06,0x00,0x00,0x00,0x00,0x1A,0xC5,0xFF,0x4C,0x00,0x00,
  0x18,0xE1,0xE1,0x39,0x00,0x00,0x02,0xCB,0xFF,0xC7,0x00,0x00,0x00,0x00,0x74,0xFF,
  0xF0,0x20,0x00,0x4D,0xFF,0xFF,0x8F,0x00,0x00,0x00,0x00,0x3C,0xFF,0xFF,0x96,0x00,
  0x93,0xFF,0xFF,0x73,0x00,0x00,0x00,0x00,0x20,0xFF,0xFF,0xDD,0x00,0xB1,0xFF,0xFF,
  0x67,0x00,0x00,0x00,0x00,0x15,0xFF,0xFF,0xFB,0x00,0xB5,0xFF,0xFF,0x66,0x00,0x00,
  0x00,0x00,0x13,0xFF,0xFF,0xFE,0x02,0x9E,0xFF,0xFF,0x6E,0x00,0x00,0x00,0x00,0x1B,
  0xFF,0xFF,0xE9,0x00,0x63,0xFF,0xFF,0x85,0x00,0x00,0x00,0x00,0x32,0xFF,0xFF,0xB0,
  0x00,0x0B,0xE8,0xFF,0xB3,0x00,0x00,0x00,0x00,0x61,0xFF,0xFF,0x42,0x00,0x00,0x3A,
  0xEE,0xF8,0x1E,0x00,0x00,0x01,0xC1,0xFF,0x7D,0x00,0x00,0x00,0x00,0x1B,0x8B,0xB4,
  0x6A,0x60,0x9D,0xA9,0x3E,0x00,0x00,0x00,0x5D,0x60,0x00,0x00,0x00,0x00,0x04,0xA6,
  0x12,0x00,0x00,0x00,0x00,0x00,0x00,0x01,0xCA,0x5D,0x00,0x00,0x00,0x00,0x4A,0xCE,
  0x11,0x00,0x00,0x00,0x00,0x00,0x00,0x3D,0xFC,0x5B,0x00,0x00,0x00,0x00,0xB9,0xCC,
  0x10,0x00,0x00,0x00,0x00,0x00,0x00,0xAC,0xFC,0x58,0x00,0x00,0x00,0x2B,0xFC,0xCA,
  0x0F,0x00,0x00,0x00,0x00,0x00,0x21,0xF8,0xFC,0x56,0x00,0x00,0x00,0x96,0xFF,0xC8,
  0x0E,0x00,0x00,0x00,0x00,0x00,0x89,0xFF,0xFB,0x53,0x00,0x00,0x14,0xF0,0xFF,0xC6,
  0x0D,0x00,0x00,0x00,0x00,0x0E,0xE9,0xFF,0xFB,0x4E,0x00,0x00,0x74,0xFF,0xFF,0xC4,
  0x09,0x00,0x00,0x00,0x09,0xE1,0xFF,0xFD,0x58,0x00,0x00,0x67,0xFF,0xFF,0xCE,0x0B,
  0x00,0x00,0x00,0x7E,0xFF,0xFD,0x5E,0x00,0x00,0x0F,0xEA,0xFF,0xCE,0x12,0x00,0x00,
  0x00,0x1C,0xF5,0xFD,0x5F,0x00,0x00,0x00,0x8D,0xFF,0xCE,0x12,0x00,0x00,0x00,0x00,
  0xA5,0xFD,0x60,0x00,0x00,0x00,0x26,0xFA,0xCF,0x12,0x00,0x00,0x00,0x00,0x39,0xFC,
  0x60,0x00,0x00,0x00,0x00,0xB4,0xCF,0x12,0x00,0x00,0x00,0x00,0x01,0xC7,0x61,0x00,
  0x00,0x00,0x00,0x47,0xD0,0x13,0x00,0x00,0x00,0x00,0x00,0x5C,0x61,0x00,0x00,0x00,
  0x00,0x04,0xA6,0x13,0x00,0x00,0x00,0x00,0x00,0x00,0x00,0x00,0x00,0x00,0x00,0x00,
  0x00,0x50,0xE9,0xE5,0x47,0x00,0x00,0x00,0x00,0x00,0x00,0x00,0x00,0x00,0x00,0x00,
  0x00,0xD7,0xFF,0xFF,0xC9,0x00,0x00,0x00,0x00,0x00,0x00,0x00,0x00,0x00,0x00,0x00,
  0x00,0xF0,0xFF,0xFF,0xE4,0x00,0x00,0x00,0x00,0x00,0x00,0x00,0x00,0x00,0x00,0x00,
  0x00,0xCB,0xFF,0xFF,0xBE,0x00,0x00,0x00,0x00,0x00,0x00,0x00,0x00,0x00,0x00,0x00,
  0x00,0x35,0xBD,0xBA,0x2E,0x00,0x00,0x00,0x00,0x00,0x00,0x00,0x00,0x00,0x00,0x00,
  0x00,0x00,0x00,0x00,0x00,0x00,0x00,0x00,0x00,0x00,0x00,0x00,0x00,0x00,0x00,0x00,
  0x00,0x00,0x00,0x00,0x00,0x00,0x00,0x00,0x00,0x00,0x00,0x00,0x00,0x00,0x00,0x00,
  0x00,0x00,0x3B,0x21,0x00,0x00,0x00,0x00,0x00,0x00,0x00,0x00,0x00,0x00,0x00,0x00,
  0x00,0x00,0x7C,0x4F,0x00,0x00,0x00,0x00,0x00,0x00,0x00,0x00,0x00,0x00,0x00,0x00,
  0x00,0x00,0x98,0x6C,0x00,0x00,0x00,0x00,0x00,0x00,0x00,0x00,0x00,0x00,0x00,0x00,
  0x00,0x00,0xB5,0x89,0x00,0x00,0x00,0x00,0x00,0x00,0x00,0x00,0x00,0x00,0x00,0x00,
  0x00,0x00,0xD2,0xA7,0x00,0x00,0x00,0x00,0x00,0x00,0x00,0x00,0x00,0x00,0x00,0x09,
  0x5E,0x6E,0x68,0x30,0x00,0x00,0x00,0x00,0x00,0x00,0x00,0x00,0x00,0x07,0x7A,0xE8,
  0x58,0x00,0x00,0x00,0x00,0x00,0x00,0x00,0x00,0x00,0x00,0x00,0x1A,0xCE,0xFF,0x79,
  0x00,0x00,0x00,0x00,0x00,0x00,0x00,0x00,0x00,0x00,0x00,0x0A,0xD1,0xFF,0xF8,0x0D,
  0x00,0x00,0x00,0x00,0x00,0x00,0x00,0x00,0x00,0x00,0x00,0x7A,0xFF,0xFF,0xC2,0x00,
  0x00,0x00,0x00,0x00,0x00,0x00,0x00,0x00,0x00,0x00,0x00,0xDD,0xFF,0xFF,0x9B,0x00,
  0x00,0x00,0x00,0x00,0x00,0x00,0x00,0x00,0x00,0x00,0x12,0xFF,0xFF,0xFF,0x8B,0x00,
  0x00,0x00,0x00,0x00,0x00,0x00,0x00,0x00,0x00,0x00,0x22,0xFF,0xFF,0xFF,0x86,0x00,
  0x00,0x00,0x00,0x00,0x00,0x00,0x24,0x23,0x00,0x00,0x11,0xFF,0xFF,0xFF,0x90,0x00,
  0x00,0x00,0x00,0x00,0x00,0x00,0x91,0xFF,0xAB,0x04,0x00,0xDF,0xFF,0xFF,0xAC,0x00,
  0x00,0x00,0x00,0x00,0x00,0x00,0xA5,0xFF,0xFF,0x51,0x00,0x80,0xFF,0xFF,0xDE,0x00,
  0x00,0x00,0x00,0x00,0x00,0x00,0xD2,0xFF,0xFF,0x66,0x00,0x0A,0xD1,0xFF,0xFF,0x33,
  0x00,0x00,0x00,0x00,0x00,0x26,0xFF,0xFF,0xF6,0x1D,0x00,0x00,0x14,0xB2,0xFF,0xC7,
  0x0B,0x00,0x00,0x00,0x07,0xBD,0xFF,0xEE,0x48,0x00,0x00,0x00,0x00,0x00,0x3A,0x94,
  0xAC,0x71,0x61,0x76,0xBF,0xBA,0x73,0x11,0x00,0x00,0x00,0x00,0x00,0x00,0x00,0x00,
  0x00,0x00,0x00,0x00,0x00,0x00,0x00,0x00,0x8D,0xFF,0xFF,0xC4,0x00,0x00,0x00,0x00,
  0x00,0x00,0x00,0x00,0x00,0x00,0x00,0x00,0x00,0x00,0x00,0x00,0x00,0x00,0x00,0x00,
  0x00,0x14,0xF3,0xFF,0xD8,0x17,0x00,0x00,0x00,0x00,0x00,0x00,0x00,0x00,0x00,0x00,
  0x00,0x00,0x00,0x00,0x00,0x00,0x00,0x00,0x00,0x00,0x00,0x8C,0xFF,0xD2,0x19,0x00,
  0x00,0x00,0x00,0x00,0x00,0x00,0x00,0x00,0x00,0x00,0x00,0x00,0x00,0x00,0x00,0x00,
  0x00,0x00,0x00,0x00,0x1F,0xF7,0xC7,0x11,0x00,0x00,0x00,0x00,0x00,0x00,0x00,0x00,
  0x00,0x00,0x00,0x00,0x00,0x00,0x00,0x00,0x00,0x00,0x00,0x00,0x00,0x00,0xA8,0xB4,
  0x0B,0x00,0x00,0x00,0x00,0x00,0x00,0x00,0x00,0x00,0x00,0x00,0x00,0x00,0x00,0x00,
  0x00,0x00,0x00,0x00,0x00,0x00,0x00,0x38,0x96,0x03,0x00,0x00,0x00,0x00,0x00,0x00,
  0x00,0x00,0x00,0x00,0x00,0x00,0x00,0x00,0x00,0x00,0x00,0x00,0x00,0x00,0x00,0x00,
  0x00,0x00,0x00,0x00,0x00,0x00,0x00,0x00,0x00,0x00,0x00,0x00,0x00,0x00,0x00,0x00,
  0x00,0x00,0x00,0x00,0x00,0x00,0x00,0x00,0x00,0x00,0x00,0x00,0x00,0x00,0x00,0x00,
  0x00,0x00,0x00,0x00,0x00,0x00,0x00,0x00,0x00,0x00,0x00,0x00,0x00,0x00,0x00,0x00,
  0x00,0x00,0x00,0x00,0x00,0x41,0xFF,0xEA,0x05,0x00,0x00,0x00,0x00,0x00,0x00,0x00,
  0x00,0x00,0x00,0x00,0x00,0x00,0x00,0x00,0x00,0x00,0x00,0x00,0x00,0x00,0x00,0x99,
  0xFF,0xFF,0x52,0x00,0x00,0x00,0x00,0x00,0x00,0x00,0x00,0x00,0x00,0x00,0x00,0x00,
  0x00,0x00,0x00,0x00,0x00,0x00,0x00,0x00,0x04,0xDD,0xFF,0xFF,0xB3,0x00,0x00,0x00,
  0x00,0x00,0x00,0x00,0x00,0x00,0x00,0x00,0x00,0x00,0x00,0x00,0x00,0x00,0x00,0x00,
  0x00,0x00,0x46,0x6C,0xFF,0xFF,0xFC,0x19,0x00,0x00,0x00,0x00,0x00,0x00,0x00,0x00,
  0x00,0x00,0x00,0x00,0x00,0x00,0x00,0x00,0x00,0x00,0x00,0x00,0x61,0x0D,0xF8,0xFF,
  0xFF,0x76,0x00,0x00,0x00,0x00,0x00,0x00,0x00,0x00,0x00,0x00,0x00,0x00,0x00,0x00,
  0x00,0x00,0x00,0x00,0x00,0x08,0x5C,0x00,0xB4,0xFF,0xFF,0xD7,0x00,0x00,0x00,0x00,
  0x00,0x00,0x00,0x00,0x00,0x00,0x00,0x00,0x00,0x00,0x00,0x00,0x00,0x00,0x00,0x4F,
  0x19,0x00,0x5B,0xFF,0xFF,0xFF,0x39,0x00,0x00,0x00,0x00,0x00,0x00,0x00,0x00,0x00,
  0x00,0x00,0x00,0x00,0x00,0x00,0x00,0x00,0x00,0x6B,0x00,0x00,0x0A,0xF3,0xFF,0xFF,
  0x9B,0x00,0x00,0x00,0x00,0x00,0x00,0x00,0x00,0x00,0x00,0x00,0x00,0x00,0x00,0x00,
  0x00,0x00,0x0C,0x5E,0x00,0x00,0x00,0xA2,0xFF,0xFF,0xF2,0x0A,0x00,0x00,0x00,0x00,
  0x00,0x00,0x00,0x00,0x00,0x00,0x00,0x00,0x00,0x00,0x00,0x00,0x56,0x14,0x00,0x00,
  0x00,0x45,0xFF,0xFF,0xFF,0x5E,0x00,0x00,0x00,0x00,0x00,0x00,0x00,0x00,0x00,0x00,
  0x00,0x00,0x00,0x00,0x00,0x00,0x6B,0x00,0x00,0x00,0x00,0x02,0xE4,0xFF,0xFF,0xBF,
  0x00,0x00,0x00,0x00,0x00,0x00,0x00,0x00,0x00,0x00,0x00,0x00,0x00,0x00,0x00,0x11,
  0x5A,0x00,0x00,0x00,0x00,0x00,0x89,0xFF,0xFF,0xFE,0x22,0x00,0x00,0x00,0x00,0x00,
  0x00,0x00,0x00,0x00,0x00,0x00,0x00,0x00,0x00,0x5D,0x10,0x00,0x00,0x00,0x00,0x00,
  0x2B,0xFF,0xFF,0xFF,0x83,0x00,0x00,0x00,0x00,0x00,0x00,0x00,0x00,0x00,0x00,0x00,
  0x00,0x00,0x00,0x6E,0x00,0x00,0x00,0x00,0x00,0x00,0x00,0xCD,0xFF,0xFF,0xE2,0x02,
  0x00,0x00,0x00,0x00,0x00,0x00,0x00,0x00,0x00,0x00,0x00,0x00,0x17,0x56,0x00,0x00,
  0x00,0x00,0x00,0x00,0x00,0x6F,0xFF,0xFF,0xFF,0x46,0x00,0x00,0x00,0x00,0x00,0x00,
  0x00,0x00,0x00,0x00,0x00,0x00,0x63,0x0C,0x00,0x00,0x00,0x00,0x00,0x00,0x00,0x15,
  0xFB,0xFF,0xFF,0xA7,0x00,0x00,0x00,0x00,0x00,0x00,0x00,0x00,0x00,0x00,0x00,0x00,
  0x8F,0x5C,0x5C,0x5C,0x5C,0x5C,0x5C,0x5C,0x5C,0x5C,0xCD,0xFF,0xFF,0xF7,0x11,0x00,
  0x00,0x00,0x00,0x00,0x00,0x00,0x00,0x00,0x00,0x1D,0x53,0x00,0x00,0x00,0x00,0x00,
  0x00,0x00,0x00,0x00,0x51,0xFF,0xFF,0xFF,0x6A,0x00,0x00,0x00,0x00,0x00,0x00,0x00,
  0x00,0x00,0x00,0x67,0x09,0x00,0x00,0x00,0x00,0x00,0x00,0x00,0x00,0x00,0x05,0xEB,
  0xFF,0xFF,0xCC,0x00,0x00,0x00,0x00,0x00,0x00,0x00,0x00,0x00,0x00,0x6F,0x00,0x00,
  0x00,0x00,0x00,0x00,0x00,0x00,0x00,0x00,0x00,0x92,0xFF,0xFF,0xFF,0x2D,0x00,0x00,
  0x00,0x00,0x00,0x00,0x00,0x00,0x25,0x47,0x00,0x00,0x00,0x00,0x00,0x00,0x00,0x00,
  0x00,0x00,0x00,0x33,0xFF,0xFF,0xFF,0x8F,0x00,0x00,0x00,0x00,0x00,0x00,0x00,0x00,
  0x68,0x04,0x00,0x00,0x00,0x00,0x00,0x00,0x00,0x00,0x00,0x00,0x00,0x00,0xD3,0xFF,
  0xFF,0xEB,0x05,0x00,0x00,0x00,0x00,0x00,0x00,0x00,0x6D,0x00,0x00,0x00,0x00,0x00,
  0x00,0x00,0x00,0x00,0x00,0x00,0x00,0x00,0x75,0xFF,0xFF,0xFF,0x52,0x00,0x00,0x00,
  0x00,0x00,0x00,0x3B,0x5C,0x00,0x00,0x00,0x00,0x00,0x00,0x00,0x00,0x00,0x00,0x00,
  0x00,0x00,0x2F,0xFF,0xFF,0xFF,0xB4,0x00,0x00,0x00,0x00,0x00,0x02,0xBF,0x83,0x00,
  0x00,0x00,0x00,0x00,0x00,0x00,0x00,0x00,0x00,0x00,0x00,0x00,0x2D,0xFF,0xFF,0xFF,
  0xFD,0x2C,0x00,0x00,0x5C,0x6D,0xC2,0xFF,0xFE,0xA6,0x70,0x5F,0x47,0x00,0x00,0x00,
  0x00,0x00,0x00,0x2F,0x5F,0x77,0xD7,0xFF,0xFF,0xFF,0xFF,0xDF,0x6E,0x22,0x00,0x00,
  0x00,0x00,0x00,0x00,0x00,0x00,0x00,0x00,0x00,0x2A,0xFE,0xFF,0xFA,0x2F,0x00,0x00,
  0x00,0x00,0x00,0x00,0x00,0x00,0x00,0x00,0x00,0x00,0x00,0x00,0x00,0xA5,0xFF,0xFC,
  0x57,0x00,0x00,0x00,0x00,0x00,0x00,0x00,0x00,0x00,0x00,0x00,0x00,0x00,0x00,0x00,
  0x2B,0xFD,0xF9,0x56,0x00,0x00,0x00,0x00,0x00,0x00,0x00,0x00,0x00,0x00,0x00,0x00,
  0x00,0x00,0x00,0x00,0xB3,0xF5,0x47,0x00,0x00,0x00,0x00,0x00,0x00,0x00,0x00,0x00,
  0x00,0x00,0x00,0x00,0x00,0x00,0x00,0x44,0xEB,0x38,0x00,0x00,0x00,0x00,0x00,0x00,
  0x00,0x00,0x00,0x00,0x00,0x00,0x00,0x00,0x00,0x00,0x00,0xAD,0x24,0x00,0x00,0x00,
  0x00,0x00,0x00,0x00,0x00,0x00,0x00,0x00,0x00,0x00,0x00,0x00,0x00,0x00,0x00,0x00,
  0x00,0x00,0x00,0x00,0x00,0x00,0x00,0x00,0x00,0x00,0x00,0x00,0x00,0x00,0x00,0x00,
  0x00,0x00,0x00,0x00,0x00,0x00,0x00,0x00,0x00,0x00,0x00,0x00,0x00,0x00,0x39,0x70,
  0xB4,0xFF,0xFF,0xFF,0xFF,0xA1,0x5C,0x5C,0x5C,0x5C,0x5C,0x60,0x72,0xA4,0xF4,0xFF,
  0x7B,0x00,0x00,0x00,0x00,0x9A,0xFF,0xFF,0xFF,0x6C,0x00,0x00,0x00,0x00,0x00,0x00,
  0x00,0x00,0x1C,0xDA,0x84,0x00,0x00,0x00,0x00,0x47,0xFF,0xFF,0xFF,0x6C,0x00,0x00,
  0x00,0x00,0x00,0x00,0x00,0x00,0x00,0x4B,0x8D,0x00,0x00,0x00,0x00,0x38,0xFF,0xFF,
  0xFF,0x6C,0x00,0x00,0x00,0x00,0x00,0x00,0x00,0x00,0x00,0x05,0x8B,0x00,0x00,0x00,
  0x00,0x38,0xFF,0xFF,0xFF,0x6C,0x00,0x00,0x00,0x00,0x00,0x00,0x00,0x00,0x00,0x00,
  0x6F,0x00,0x00,0x00,0x00,0x38,0xFF,0xFF,0xFF,0x6C,0x00,0x00,0x00,0x00,0x00,0x00,
  0x00,0x00,0x00,0x00,0x60,0x00,0x00,0x00,0x00,0x38,0xFF,0xFF,0xFF,0x6C,0x00,0x00,
  0x00,0x00,0x00,0x00,0x00,0x00,0x00,0x00,0x28,0x00,0x00,0x00,0x00,0x38,0xFF,0xFF,
  0xFF,0x6C,0x00,0x00,0x00,0x00,0x00,0x00,0x00,0x00,0x00,0x00,0x00,0x00,0x00,0x00,
  0x00,0x38,0xFF,0xFF,0xFF,0x6C,0x00,0x00,0x00,0x00,0x00,0x00,0x00,0x00,0x00,0x00,
  0x00,0x00,0x00,0x00,0x00,0x38,0xFF,0xFF,0xFF,0x6C,0x00,0x00,0x00,0x00,0x00,0x00,
  0x00,0x00,0x00,0x00,0x00,0x00,0x00,0x00,0x00,0x38,0xFF,0xFF,0xFF,0x6C,0x00,0x00,
  0x00,0x00,0x00,0x00,0x00,0x00,0x00,0x00,0x00,0x00,0x00,0x00,0x00,0x38,0xFF,0xFF,
  0xFF,0x6C,0x00,0x00,0x00,0x00,0x00,0x00,0x00,0x00,0x00,0x00,0x00,0x00,0x00,0x00,
  0x00,0x38,0xFF,0xFF,0xFF,0xA1,0x5C,0x5C,0x5C,0x5C,0x5C,0x5C,0x5C,0x5C,0x29,0x00,
  0x00,0x00,0x00,0x00,0x00,0x38,0xFF,0xFF,0xFF,0x6C,0x00,0x00,0x00,0x00,0x00,0x00,
  0x00,0x00,0x00,0x00,0x00,0x00,0x00,0x00,0x00,0x38,0xFF,0xFF,0xFF,0x6C,0x00,0x00,
  0x00,0x00,0x00,0x00,0x00,0x00,0x00,0x00,0x00,0x00,0x00,0x00,0x00,0x38,0xFF,0xFF,
  0xFF,0x6C,0x00,0x00,0x00,0x00,0x00,0x00,0x00,0x00,0x00,0x00,0x00,0x00,0x00,0x00,
  0x00,0x38,0xFF,0xFF,0xFF,0x6C,0x00,0x00,0x00,0x00,0x00,0x00,0x00,0x00,0x00,0x00,
  0x00,0x00,0x00,0x00,0x00,0x38,0xFF,0xFF,0xFF,0x6C,0x00,0x00,0x00,0x00,0x00,0x00,
  0x00,0x00,0x00,0x00,0x00,0x00,0x00,0x00,0x00,0x38,0xFF,0xFF,0xFF,0x6C,0x00,0x00,
  0x00,0x00,0x00,0x00,0x00,0x00,0x00,0x00,0x00,0x00,0x00,0x00,0x00,0x38,0xFF,0xFF,
  0xFF,0x6C,0x00,0x00,0x00,0x00,0x00,0x00,0x00,0x00,0x00,0x00,0x00,0x1E,0x00,0x00,
  0x00,0x38,0xFF,0xFF,0xFF,0x6C,0x00,0x00,0x00,0x00,0x00,0x00,0x00,0x00,0x00,0x00,
  0x00,0x60,0x00,0x00,0x00,0x38,0xFF,0xFF,0xFF,0x6C,0x00,0x00,0x00,0x00,0x00,0x00,
  0x00,0x00,0x00,0x00,0x00,0x71,0x00,0x00,0x00,0x38,0xFF,0xFF,0xFF,0x6C,0x00,0x00,
  0x00,0x00,0x00,0x00,0x00,0x00,0x00,0x00,0x00,0x90,0x00,0x00,0x00,0x4C,0xFF,0xFF,
  0xFF,0x6C,0x00,0x00,0x00,0x00,0x00,0x00,0x00,0x00,0x00,0x00,0x1C,0xBF,0x00,0x00,
  0x00,0xA2,0xFF,0xFF,0xFF,0x6C,0x00,0x00,0x00,0x00,0x00,0x00,0x00,0x00,0x00,0x11,
  0xBF,0xB7,0x39,0x71,0xB9,0xFF,0xFF,0xFF,0xFF,0xA1,0x5C,0x5C,0x5C,0x5C,0x5C,0x5C,
  0x62,0x73,0xA1,0xED,0xFF,0xAD,0x00,0x00,0x00,0x00,0x00,0x00,0x0D,0xEF,0xFF,0xFF,
  0x55,0x00,0x00,0x00,0x00,0x00,0x00,0x79,0xFF,0xFF,0x7F,0x00,0x00,0x00,0x00,0x00,
  0x00,0x0E,0xED,0xFF,0x7C,0x00,0x00,0x00,0x00,0x00,0x00,0x00,0x87,0xFE,0x6A,0x00,
  0x00,0x00,0x00,0x00,0x00,0x00,0x20,0xF0,0x57,0x00,0x00,0x00,0x00,0x00,0x00,0x00,
  0x00,0x95,0x3D,0x00,0x00,0x00,0x00,0x00,0x00,0x00,0x00,0x00,0x00,0x00,0x00,0x00,
  0x00,0x00,0x00,0x00,0x00,0x00,0x00,0x00,0x00,0x00,0x00,0x00,0x00,0x00,0x39,0x70,
  0xB4,0xFF,0xFF,0xFF,0xFF,0xFF,0xD3,0x79,0x50,0x00,0x00,0x00,0x9A,0xFF,0xFF,0xFF,
  0xD1,0x05,0x00,0x00,0x00,0x00,0x00,0x47,0xFF,0xFF,0xFF,0x7F,0x00,0x00,0x00,0x00,
  0x00,0x00,0x38,0xFF,0xFF,0xFF,0x6C,0x00,0x00,0x00,0x00,0x00,0x00,0x38,0xFF,0xFF,
  0xFF,0x6C,0x00,0x00,0x00,0x00,0x00,0x00,0x38,0xFF,0xFF,0xFF,0x6C,0x00,0x00,0x00,
  0x00,0x00,0x00,0x38,0xFF,0xFF,0xFF,0x6C,0x00,0x00,0x00,0x00,0x00,0x00,0x38,0xFF,
  0xFF,0xFF,0x6C,0x00,0x00,0x00,0x00,0x00,0x00,0x38,0xFF,0xFF,0xFF,0x6C,0x00,0x00,
  0x00,0x00,0x00,0x00,0x38,0xFF,0xFF,0xFF,0x6C,0x00,0x00,0x00,0x00,0x00,0x00,0x38,
  0xFF,0xFF,0xFF,0x6C,0x00,0x00,0x00,0x00,0x00,0x00,0x38,0xFF,0xFF,0xFF,0x6C,0x00,
  0x00,0x00,0x00,0x00,0x00,0x38,0xFF,0xFF,0xFF,0x6C,0x00,0x00,0x00,0x00,0x00,0x00,
  0x38,0xFF,0xFF,0xFF,0x6C,0x00,0x00,0x00,0x00,0x00,0x00,0x38,0xFF,0xFF,0xFF,0x6C,
  0x00,0x00,0x00,0x00,0x00,0x00,0x38,0xFF,0xFF,0xFF,0x6C,0x00,0x00,0x00,0x00,0x00,
  0x00,0x38,0xFF,0xFF,0xFF,0x6C,0x00,0x00,0x00,0x00,0x00,0x00,0x38,0xFF,0xFF,0xFF,
  0x6C,0x00,0x00,0x00,0x00,0x00,0x00,0x38,0xFF,0xFF,0xFF,0x6C,0x00,0x00,0x00,0x00,
  0x00,0x00,0x38,0xFF,0xFF,0xFF,0x6C,0x00,0x00,0x00,0x00,0x00,0x00,0x38,0xFF,0xFF,
  0xFF,0x6C,0x00,0x00,0x00,0x00,0x00,0x00,0x38,0xFF,0xFF,0xFF,0x6C,0x00,0x00,0x00,
  0x00,0x00,0x00,0x38,0xFF,0xFF,0xFF,0x6C,0x00,0x00,0x00,0x00,0x00,0x00,0x4C,0xFF,
  0xFF,0xFF,0x7F,0x00,0x00,0x00,0x00,0x00,0x00,0xA2,0xFF,0xFF,0xFF,0xD1,0x05,0x00,
  0x00,0x39,0x71,0xB9,0xFF,0xFF,0xFF,0xFF,0xFF,0xD2,0x78,0x4F,0x00,0x00,0x00,0x00,
  0x00,0x00,0x00,0x00,0x00,0x0E,0x20,0x06,0x00,0x00,0x00,0x00,0x00,0x00,0x00,0x00,
  0x00,0x00,0x00,0x00,0x00,0x00,0x00,0x00,0x00,0x00,0x00,0x00,0x00,0x08,0xA4,0xFE,
  0xFF,0xF4,0xA5,0x3E,0x00,0x00,0x00,0x00,0x04,0x57,0x00,0x00,0x00,0x00,0x00,0x00,
  0x00,0x00,0x00,0x00,0x00,0x00,0x00,0x8E,0xFF,0xFF,0xFF,0xFF,0xFF,0xFF,0xD5,0x73,
  0x39,0x31,0x8A,0x3E,0x00,0x00,0x00,0x00,0x00,0x00,0x00,0x00,0x00,0x00,0x00,0x00,
  0x01,0xA4,0x18,0x08,0x31,0x88,0xE9,0xFF,0xFF,0xFF,0xFF,0xFF,0xCF,0x02,0x00,0x00,
  0x00,0x00,0x00,0x00,0x00,0x00,0x00,0x00,0x00,0x00,0x17,0x30,0x00,0x00,0x00,0x00,
  0x05,0x58,0xB9,0xF0,0xF3,0xB4,0x1C,0x00,0x00,0x00,0x00,0x00,0x00,0x00,0x00,0x00,
  0x00,0x00,0x00,0x00,0x00,0x00,0x00,0x00,0x00,0x00,0x00,0x00,0x00,0x00,0x00,0x00,
  0x00,0x00,0x00,0x00,0x00,0x00,0x00,0x00,0x00,0x00,0x00,0x00,0x00,0x00,0x00,0x00,
  0x00,0x00,0x00,0x00,0x00,0x00,0x00,0x00,0x00,0x00,0x00,0x00,0x00,0x00,0x00,0x00,
  0x00,0x00,0x39,0x61,0x82,0xE4,0xFF,0xFF,0xFF,0xB7,0x00,0x00,0x00,0x00,0x00,0x00,
  0x00,0x00,0x00,0x4F,0x67,0x97,0xF8,0xFF,0xD8,0x7A,0x5E,0x29,0x00,0x00,0x00,0x18,
  0xEE,0xFF,0xFF,0xFF,0x60,0x00,0x00,0x00,0x00,0x00,0x00,0x00,0x00,0x00,0x00,0x00,
  0x4F,0xDA,0x09,0x00,0x00,0x00,0x00,0x00,0x00,0x00,0x9F,0xFF,0xFF,0xFF,0xEE,0x19,
  0x00,0x00,0x00,0x00,0x00,0x00,0x00,0x00,0x00,0x00,0x02,0x81,0x00,0x00,0x00,0x00,
  0x00,0x00,0x00,0x00,0x5C,0x9D,0xFF,0xFF,0xFF,0xB1,0x00,0x00,0x00,0x00,0x00,0x00,
  0x00,0x00,0x00,0x00,0x00,0x5C,0x00,0x00,0x00,0x00,0x00,0x00,0x00,0x00,0x5C,0x0F,
  0xE3,0xFF,0xFF,0xFF,0x59,0x00,0x00,0x00,0x00,0x00,0x00,0x00,0x00,0x00,0x00,0x5C,
  0x00,0x00,0x00,0x00,0x00,0x00,0x00,0x00,0x5C,0x00,0x48,0xFF,0xFF,0xFF,0xEB,0x16,
  0x00,0x00,0x00,0x00,0x00,0x00,0x00,0x00,0x00,0x5C,0x00,0x00,0x00,0x00,0x00,0x00,
  0x00,0x00,0x5C,0x00,0x00,0x9D,0xFF,0xFF,0xFF,0xAA,0x00,0x00,0x00,0x00,0x00,0x00,
  0x00,0x00,0x00,0x5C,0x00,0x00,0x00,0x00,0x00,0x00,0x00,0x00,0x5C,0x00,0x00,0x0F,
  0xE3,0xFF,0xFF,0xFF,0x52,0x00,0x00,0x00,0x00,0x00,0x00,0x00,0x00,0x5C,0x00,0x00,
  0x00,0x00,0x00,0x00,0x00,0x00,0x5C,0x00,0x00,0x00,0x48,0xFF,0xFF,0xFF,0xE8,0x12,
  0x00,0x00,0x00,0x00,0x00,0x00,0x00,0x5C,0x00,0x00,0x00,0x00,0x00,0x00,0x00,0x00,
  0x5C,0x00,0x00,0x00,0x00,0x9D,0xFF,0xFF,0xFF,0xA3,0x00,0x00,0x00,0x00,0x00,0x00,
  0x00,0x5C,0x00,0x00,0x00,0x00,0x00,0x00,0x00,0x00,0x5C,0x00,0x00,0x00,0x00,0x0F,
  0xE3,0xFF,0xFF,0xFF,0x4B,0x00,0x00,0x00,0x00,0x00,0x00,0x5C,0x00,0x00,0x00,0x00,
  0x00,0x00,0x00,0x00,0x5C,0x00,0x00,0x00,0x00,0x00,0x48,0xFF,0xFF,0xFF,0xE4,0x0F,
  0x00,0x00,0x00,0x00,0x00,0x5C,0x00,0x00,0x00,0x00,0x00,0x00,0x00,0x00,0x5C,0x00,
  0x00,0x00,0x00,0x00,0x00,0x9D,0xFF,0xFF,0xFF,0x9C,0x00,0x00,0x00,0x00,0x00,0x5C,
  0x00,0x00,0x00,0x00,0x00,0x00,0x00,0x00,0x5C,0x00,0x00,0x00,0x00,0x00,0x00,0x0F,
  0xE3,0xFF,0xFF,0xFF,0x45,0x00,0x00,0x00,0x00,0x5C,0x00,0x00,0x00,0x00,0x00,0x00,
  0x00,0x00,0x5C,0x00,0x00,0x00,0x00,0x00,0x00,0x00,0x48,0xFF,0xFF,0xFF,0xE0,0x0C,
  0x00,0x00,0x00,0x5C,0x00,0x00,0x00,0x00,0x00,0x00,0x00,0x00,0x5C,0x00,0x00,0x00,
  0x00,0x00,0x00,0x00,0x00,0x9D,0xFF,0xFF,0xFF,0x95,0x00,0x00,0x00,0x5C,0x00,0x00,
  0x00,0x00,0x00,0x00,0x00,0x00,0x5C,0x00,0x00,0x00,0x00,0x00,0x00,0x00,0x00,0x0F,
  0xE3,0xFF,0xFF,0xFE,0x3F,0x00,0x00,0x5C,0x00,0x00,0x00,0x00,0x00,0x00,0x00,0x00,
  0x5C,0x00,0x00,0x00,0x00,0x00,0x00,0x00,0x00,0x00,0x48,0xFF,0xFF,0xFF,0xDC,0x0A,
  0x00,0x5C,0x00,0x00,0x00,0x00,0x00,0x00,0x00,0x00,0x5C,0x00,0x00,0x00,0x00,0x00,
  0x00,0x00,0x00,0x00,0x00,0x9D,0xFF,0xFF,0xFF,0x8E,0x00,0x5C,0x00,0x00,0x00,0x00,
  0x00,0x00,0x00,0x00,0x5C,0x00,0x00,0x00,0x00,0x00,0x00,0x00,0x00,0x00,0x00,0x0F,
  0xE3,0xFF,0xFF,0xFD,0x39,0x5C,0x00,0x00,0x00,0x00,0x00,0x00,0x00,0x00,0x5C,0x00,
  0x00,0x00,0x00,0x00,0x00,0x00,0x00,0x00,0x00,0x00,0x48,0xFF,0xFF,0xFF,0xD7,0x62,
  0x00,0x00,0x00,0x00,0x00,0x00,0x00,0x00,0x5C,0x00,0x00,0x00,0x00,0x00,0x00,0x00,
  0x00,0x00,0x00,0x00,0x00,0x9C,0xFF,0xFF,0xFF,0x78,0x00,0x00,0x00,0x00,0x00,0x00,
  0x00,0x00,0x5C,0x00,0x00,0x00,0x00,0x00,0x00,0x00,0x00,0x00,0x00,0x00,0x00,0x0E,
  0xE3,0xFF,0xFF,0x78,0x00,0x00,0x00,0x00,0x00,0x00,0x00,0x00,0x83,0x00,0x00,0x00,
  0x00,0x00,0x00,0x00,0x00,0x00,0x00,0x00,0x00,0x00,0x48,0xFF,0xFF,0x78,0x00,0x00,
  0x00,0x00,0x00,0x00,0x00,0x1C,0xEB,0x27,0x00,0x00,0x00,0x00,0x00,0x00,0x00,0x00,
  0x00,0x00,0x00,0x00,0x00,0x9C,0xFF,0x78,0x00,0x00,0x00,0x00,0x39,0x61,0x84,0xE8,
  0xFF,0xEC,0x88,0x63,0x3F,0x00,0x00,0x00,0x00,0x00,0x00,0x00,0x00,0x00,0x00,0x0E,
  0xE2,0x78,0x00,0x00,0x00,0x00,0x00,0x00,0x00,0x00,0x00,0x00,0x00,0x00,0x00,0x00,
  0x00,0x00,0x55,0xFF,0xFF,0xEB,0x11,0x00,0x00,0x00,0x00,0x00,0x00,0x00,0x00,0x00,
  0x00,0x00,0x00,0x00,0x00,0x00,0x00,0x00,0x01,0xCF,0xFF,0xF1,0x36,0x00,0x00,0x00,
  0x00,0x00,0x00,0x00,0x00,0x00,0x00,0x00,0x00,0x00,0x00,0x00,0x00,0x00,0x00,0x54,
  0xFF,0xED,0x36,0x00,0x00,0x00,0x00,0x00,0x00,0x00,0x00,0x00,0x00,0x00,0x00,0x00,
  0x00,0x00,0x00,0x00,0x00,0x05,0xD9,0xE5,0x2B,0x00,0x00,0x00,0x00,0x00,0x00,0x00,
  0x00,0x00,0x00,0x00,0x00,0x00,0x00,0x00,0x00,0x00,0x00,0x00,0x70,0xD7,0x20,0x00,
  0x00,0x00,0x00,0x00,0x00,0x00,0x00,0x00,0x00,0x00,0x00,0x00,0x00,0x00,0x00,0x00,
  0x00,0x00,0x0E,0xB1,0x12,0x00,0x00,0x00,0x00,0x00,0x00,0x00,0x00,0x00,0x00,0x00,
  0x00,0x00,0x00,0x00,0x00,0x00,0x00,0x00,0x00,0x00,0x00,0x00,0x00,0x00,0x00,0x00,
  0x00,0x00,0x00,0x00,0x00,0x00,0x00,0x00,0x00,0x00,0x00,0x00,0x00,0x00,0x00,0x00,
  0x00,0x00,0x00,0x00,0x00,0x00,0x00,0x00,0x00,0x00,0x00,0x00,0x00,0x00,0x00,0x00,
  0x00,0x00,0x00,0x00,0x21,0x76,0x9F,0x77,0x63,0x5B,0x65,0x7D,0x9A,0x56,0x08,0x00,
  0x00,0x00,0x00,0x00,0x00,0x00,0x00,0x00,0x00,0x17,0xA2,0xFA,0x83,0x05,0x00,0x00,
  0x00,0x00,0x00,0x14,0xB4,0xE6,0x61,0x00,0x00,0x00,0x00,0x00,0x00,0x00,0x00,0x36,
  0xE7,0xFF,0x6E,0x00,0x00,0x00,0x00,0x00,0x00,0x00,0x00,0x01,0xB6,0xFF,0xA5,0x05,
  0x00,0x00,0x00,0x00,0x00,0x2C,0xF0,0xFF,0xBA,0x00,0x00,0x00,0x00,0x00,0x00,0x00,
  0x00,0x00,0x00,0x14,0xF3,0xFF,0xA8,0x00,0x00,0x00,0x00,0x07,0xD4,0xFF,0xFF,0x42,
  0x00,0x00,0x00,0x00,0x00,0x00,0x00,0x00,0x00,0x00,0x00,0x92,0xFF,0xFF,0x6A,0x00,
  0x00,0x00,0x6E,0xFF,0xFF,0xE5,0x00,0x00,0x00,0x00,0x00,0x00,0x00,0x00,0x00,0x00,
  0x00,0x00,0x36,0xFF,0xFF,0xEF,0x11,0x00,0x01,0xE0,0xFF,0xFF,0xA4,0x00,0x00,0x00,
  0x00,0x00,0x00,0x00,0x00,0x00,0x00,0x00,0x00,0x04,0xF2,0xFF,0xFF,0x79,0x00,0x3C,
  0xFF,0xFF,0xFF,0x6D,0x00,0x00,0x00,0x00,0x00,0x00,0x00,0x00,0x00,0x00,0x00,0x00,
  0x00,0xC0,0xFF,0xFF,0xD8,0x00,0x7F,0xFF,0xFF,0xFF,0x4C,0x00,0x00,0x00,0x00,0x00,
  0x00,0x00,0x00,0x00,0x00,0x00,0x00,0x00,0xA0,0xFF,0xFF,0xFF,0x20,0xB3,0xFF,0xFF,
  0xFF,0x2C,0x00,0x00,0x00,0x00,0x00,0x00,0x00,0x00,0x00,0x00,0x00,0x00,0x00,0x80,
  0xFF,0xFF,0xFF,0x59,0xD7,0xFF,0xFF,0xFF,0x19,0x00,0x00,0x00,0x00,0x00,0x00,0x00,
  0x00,0x00,0x00,0x00,0x00,0x00,0x6E,0xFF,0xFF,0xFF,0x7D,0xED,0xFF,0xFF,0xFF,0x10,
  0x00,0x00,0x00,0x00,0x00,0x00,0x00,0x00,0x00,0x00,0x00,0x00,0x00,0x65,0xFF,0xFF,
  0xFF,0x97,0xF7,0xFF,0xFF,0xFF,0x07,0x00,0x00,0x00,0x00,0x00,0x00,0x00,0x00,0x00,
  0x00,0x00,0x00,0x00,0x5C,0xFF,0xFF,0xFF,0xA2,0xF7,0xFF,0xFF,0xFF,0x08,0x00,0x00,
  0x00,0x00,0x00,0x00,0x00,0x00,0x00,0x00,0x00,0x00,0x00,0x5D,0xFF,0xFF,0xFF,0xA1,
  0xEC,0xFF,0xFF,0xFF,0x10,0x00,0x00,0x00,0x00,0x00,0x00,0x00,0x00,0x00,0x00,0x00,
  0x00,0x00,0x66,0xFF,0xFF,0xFF,0x96,0xD4,0xFF,0xFF,0xFF,0x19,0x00,0x00,0x00,0x00,
  0x00,0x00,0x00,0x00,0x00,0x00,0x00,0x00,0x00,0x6F,0xFF,0xFF,0xFF,0x7C,0xB0,0xFF,
  0xFF,0xFF,0x2C,0x00,0x00,0x00,0x00,0x00,0x00,0x00,0x00,0x00,0x00,0x00,0x00,0x00,
  0x81,0xFF,0xFF,0xFF,0x57,0x7A,0xFF,0xFF,0xFF,0x4B,0x00,0x00,0x00,0x00,0x00,0x00,
  0x00,0x00,0x00,0x00,0x00,0x00,0x00,0xA1,0xFF,0xFF,0xFF,0x1E,0x36,0xFF,0xFF,0xFF,
  0x6C,0x00,0x00,0x00,0x00,0x00,0x00,0x00,0x00,0x00,0x00,0x00,0x00,0x00,0xC1,0xFF,
  0xFF,0xD6,0x00,0x00,0xDB,0xFF,0xFF,0xA2,0x00,0x00,0x00,0x00,0x00,0x00,0x00,0x00,
  0x00,0x00,0x00,0x00,0x04,0xF3,0xFF,0xFF,0x76,0x00,0x00,0x67,0xFF,0xFF,0xE1,0x00,
  0x00,0x00,0x00,0x00,0x00,0x00,0x00,0x00,0x00,0x00,0x00,0x37,0xFF,0xFF,0xED,0x0F,
  0x00,0x00,0x05,0xCF,0xFF,0xFF,0x3D,0x00,0x00,0x00,0x00,0x00,0x00,0x00,0x00,0x00,
  0x00,0x00,0x93,0xFF,0xFF,0x64,0x00,0x00,0x00,0x00,0x28,0xED,0xFF,0xB3,0x00,0x00,
  0x00,0x00,0x00,0x00,0x00,0x00,0x00,0x00,0x14,0xF3,0xFF,0xA1,0x00,0x00,0x00,0x00,
  0x00,0x00,0x33,0xE5,0xFF,0x65,0x00,0x00,0x00,0x00,0x00,0x00,0x00,0x00,0x01,0xB5,
  0xFF,0x9C,0x03,0x00,0x00,0x00,0x00,0x00,0x00,0x00,0x16,0xA1,0xF9,0x7B,0x03,0x00,
  0x00,0x00,0x00,0x00,0x15,0xB4,0xE1,0x59,0x00,0x00,0x00,0x00,0x00,0x00,0x00,0x00,
  0x00,0x00,0x00,0x21,0x78,0x9E,0x75,0x62,0x5B,0x66,0x7C,0x98,0x52,0x06,0x00,0x00,
  0x00,0x00,0x00,0x00,0x23,0x18,0x00,0x00,0x00,0x00,0x00,0x00,0x00,0x00,0x00,0x00,
  0x00,0x00,0x0C,0x2F,0x28,0xBE,0x18,0x00,0x00,0x00,0x00,0x00,0x00,0x00,0x00,0x00,
  0x00,0x0C,0xB6,0x3C,0x00,0x29,0xBE,0x18,0x00,0x00,0x00,0x00,0x00,0x00,0x00,0x00,
  0x0B,0xB5,0x3C,0x00,0x00,0x00,0x29,0xBE,0x18,0x00,0x00,0x00,0x00,0x00,0x00,0x0B,
  0xB4,0x3C,0x00,0x00,0x00,0x00,0x00,0x29,0xBE,0x18,0x00,0x00,0x00,0x00,0x0A,0xB4,
  0x3C,0x00,0x00,0x00,0x00,0x00,0x00,0x00,0x29,0xBE,0x18,0x00,0x00,0x0A,0xB3,0x3C,
  0x00,0x00,0x00,0x00,0x00,0x00,0x00,0x00,0x00,0x29,0xBE,0x18,0x0A,0xB2,0x3C,0x00,
  0x00,0x00,0x00,0x00,0x00,0x00,0x00,0x00,0x00,0x00,0x29,0xBE,0xB3,0x3C,0x00,0x00,
  0x00,0x00,0x00,0x00,0x00,0x00,0x00,0x00,0x00,0x00,0x09,0xB9,0xC2,0x14,0x00,0x00,
  0x00,0x00,0x00,0x00,0x00,0x00,0x00,0x00,0x00,0x09,0xB4,0x45,0x2B,0xBC,0x14,0x00,
  0x00,0x00,0x00,0x00,0x00,0x00,0x00,0x00,0x09,0xB3,0x45,0x00,0x00,0x2C,0xBC,0x14,
  0x00,0x00,0x00,0x00,0x00,0x00,0x00,0x09,0xB3,0x45,0x00,0x00,0x00,0x00,0x2C,0xBC,
  0x14,0x00,0x00,0x00,0x00,0x00,0x09,0xB3,0x45,0x00,0x00,0x00,0x00,0x00,0x00,0x2D,
  0xBC,0x13,0x00,0x00,0x00,0x09,0xB2,0x45,0x00,0x00,0x00,0x00,0x00,0x00,0x00,0x00,
  0x2E,0xBC,0x13,0x00,0x09,0xB2,0x45,0x00,0x00,0x00,0x00,0x00,0x00,0x00,0x00,0x00,
  0x00,0x2E,0xBC,0x13,0x43,0x45,0x00,0x00,0x00,0x00,0x00,0x00,0x00,0x00,0x00,0x00,
  0x00,0x00,0x2F,0x58,0x00,0x00,0x00,0x00,0x00,0x00,0x00,0x00,0x00,0x00,0x00,0x00,
  0x00,0x00,0x55,0xFF,0xFF,0xEB,0x11,0x00,0x00,0x00,0x00,0x00,0x00,0x00,0x00,0x00,
  0x00,0x00,0x00,0x00,0x00,0x00,0x00,0x00,0x00,0x00,0x00,0x01,0xCF,0xFF,0xF1,0x36,
  0x00,0x00,0x00,0x00,0x00,0x00,0x00,0x00,0x00,0x00,0x00,0x00,0x00,0x00,0x00,0x00,
  0x00,0x00,0x00,0x00,0x00,0x54,0xFF,0xED,0x36,0x00,0x00,0x00,0x00,0x00,0x00,0x00,
  0x00,0x00,0x00,0x00,0x00,0x00,0x00,0x00,0x00,0x00,0x00,0x00,0x00,0x00,0x05,0xD9,
  0xE5,0x2B,0x00,0x00,0x00,0x00,0x00,0x00,0x00,0x00,0x00,0x00,0x00,0x00,0x00,0x00,
  0x00,0x00,0x00,0x00,0x00,0x00,0x00,0x00,0x70,0xD7,0x20,0x00,0x00,0x00,0x00,0x00,
  0x00,0x00,0x00,0x00,0x00,0x00,0x00,0x00,0x00,0x00,0x00,0x00,0x00,0x00,0x00,0x00,
  0x00,0x0E,0xB1,0x12,0x00,0x00,0x00,0x00,0x00,0x00,0x00,0x00,0x00,0x00,0x00,0x00,
  0x00,0x00,0x00,0x00,0x00,0x00,0x00,0x00,0x00,0x00,0x00,0x00,0x00,0x00,0x00,0x00,
  0x00,0x00,0x00,0x00,0x00,0x00,0x00,0x00,0x00,0x00,0x00,0x00,0x00,0x00,0x00,0x00,
  0x00,0x00,0x00,0x00,0x00,0x00,0x00,0x00,0x00,0x00,0x00,0x00,0x00,0x00,0x00,0x00,
  0x00,0x00,0x00,0x00,0x29,0x6A,0xA1,0xFB,0xFF,0xFF,0xFF,0xFF,0xE1,0x80,0x60,0x01,
  0x00,0x00,0x00,0x00,0x00,0x00,0x57,0x7A,0xD6,0xFF,0xF5,0x93,0x66,0x18,0x00,0x00,
  0x00,0x6B,0xFF,0xFF,0xFF,0xEA,0x14,0x00,0x00,0x00,0x00,0x00,0x00,0x00,0x00,0x00,
  0x00,0x00,0x09,0xD9,0x43,0x00,0x00,0x00,0x00,0x00,0x00,0x1A,0xFF,0xFF,0xFF,0xA9,
  0x00,0x00,0x00,0x00,0x00,0x00,0x00,0x00,0x00,0x00,0x00,0x00,0x00,0x80,0x00,0x00,
  0x00,0x00,0x00,0x00,0x00,0x0C,0xFF,0xFF,0xFF,0x98,0x00,0x00,0x00,0x00,0x00,0x00,
  0x00,0x00,0x00,0x00,0x00,0x00,0x00,0x60,0x00,0x00,0x00,0x00,0x00,0x00,0x00,0x0C,
  0xFF,0xFF,0xFF,0x98,0x00,0x00,0x00,0x00,0x00,0x00,0x00,0x00,0x00,0x00,0x00,0x00,
  0x00,0x60,0x00,0x00,0x00,0x00,0x00,0x00,0x00,0x0C,0xFF,0xFF,0xFF,0x98,0x00,0x00,
  0x00,0x00,0x00,0x00,0x00,0x00,0x00,0x00,0x00,0x00,0x00,0x60,0x00,0x00,0x00,0x00,
  0x00,0x00,0x00,0x0C,0xFF,0xFF,0xFF,0x98,0x00,0x00,0x00,0x00,0x00,0x00,0x00,0x00,
  0x00,0x00,0x00,0x00,0x00,0x60,0x00,0x00,0x00,0x00,0x00,0x00,0x00,0x0C,0xFF,0xFF,
  0xFF,0x98,0x00,0x00,0x00,0x00,0x00,0x00,0x00,0x00,0x00,0x00,0x00,0x00,0x00,0x60,
  0x00,0x00,0x00,0x00,0x00,0x00,0x00,0x0C,0xFF,0xFF,0xFF,0x98,0x00,0x00,0x00,0x00,
  0x00,0x00,0x00,0x00,0x00,0x00,0x00,0x00,0x00,0x60,0x00,0x00,0x00,0x00,0x00,0x00,
  0x00,0x0C,0xFF,0xFF,0xFF,0x98,0x00,0x00,0x00,0x00,0x00,0x00,0x00,0x00,0x00,0x00,
  0x00,0x00,0x00,0x60,0x00,0x00,0x00,0x00,0x00,0x00,0x00,0x0C,0xFF,0xFF,0xFF,0x98,
  0x00,0x00,0x00,0x00,0x00,0x00,0x00,0x00,0x00,0x00,0x00,0x00,0x00,0x60,0x00,0x00,
  0x00,0x00,0x00,0x00,0x00,0x0C,0xFF,0xFF,0xFF,0x98,0x00,0x00,0x00,0x00,0x00,0x00,
  0x00,0x00,0x00,0x00,0x00,0x00,0x00,0x60,0x00,0x00,0x00,0x00,0x00,0x00,0x00,0x0C,
  0xFF,0xFF,0xFF,0x98,0x00,0x00,0x00,0x00,0x00,0x00,0x00,0x00,0x00,0x00,0x00,0x00,
  0x00,0x60,0x00,0x00,0x00,0x00,0x00,0x00,0x00,0x0C,0xFF,0xFF,0xFF,0x98,0x00,0x00,
  0x00,0x00,0x00,0x00,0x00,0x00,0x00,0x00,0x00,0x00,0x00,0x60,0x00,0x00,0x00,0x00,
  0x00,0x00,0x00,0x0C,0xFF,0xFF,0xFF,0x98,0x00,0x00,0x00,0x00,0x00,0x00,0x00,0x00,
  0x00,0x00,0x00,0x00,0x00,0x60,0x00,0x00,0x00,0x00,0x00,0x00,0x00,0x0C,0xFF,0xFF,
  0xFF,0x98,0x00,0x00,0x00,0x00,0x00,0x00,0x00,0x00,0x00,0x00,0x00,0x00,0x00,0x60,
  0x00,0x00,0x00,0x00,0x00,0x00,0x00,0x0C,0xFF,0xFF,0xFF,0x98,0x00,0x00,0x00,0x00,
  0x00,0x00,0x00,0x00,0x00,0x00,0x00,0x00,0x00,0x60,0x00,0x00,0x00,0x00,0x00,0x00,
  0x00,0x0B,0xFF,0xFF,0xFF,0x98,0x00,0x00,0x00,0x00,0x00,0x00,0x00,0x00,0x00,0x00,
  0x00,0x00,0x00,0x60,0x00,0x00,0x00,0x00,0x00,0x00,0x00,0x02,0xFE,0xFF,0xFF,0x9B,
  0x00,0x00,0x00,0x00,0x00,0x00,0x00,0x00,0x00,0x00,0x00,0x00,0x00,0x60,0x00,0x00,
  0x00,0x00,0x00,0x00,0x00,0x00,0xEE,0xFF,0xFF,0xA7,0x00,0x00,0x00,0x00,0x00,0x00,
  0x00,0x00,0x00,0x00,0x00,0x00,0x00,0x61,0x00,0x00,0x00,0x00,0x00,0x00,0x00,0x00,
  0xBF,0xFF,0xFF,0xC5,0x00,0x00,0x00,0x00,0x00,0x00,0x00,0x00,0x00,0x00,0x00,0x00,
  0x00,0x68,0x00,0x00,0x00,0x00,0x00,0x00,0x00,0x00,0x77,0xFF,0xFF,0xF4,0x05,0x00,
  0x00,0x00,0x00,0x00,0x00,0x00,0x00,0x00,0x00,0x00,0x2E,0x43,0x00,0x00,0x00,0x00,
  0x00,0x00,0x00,0x00,0x0F,0xED,0xFF,0xFF,0x57,0x00,0x00,0x00,0x00,0x00,0x00,0x00,
  0x00,0x00,0x00,0x03,0x7D,0x00,0x00,0x00,0x00,0x00,0x00,0x00,0x00,0x00,0x00,0x48,
  0xF9,0xFF,0xE5,0x11,0x00,0x00,0x00,0x00,0x00,0x00,0x00,0x00,0x05,0x7D,0x1A,0x00,
  0x00,0x00,0x00,0x00,0x00,0x00,0x00,0x00,0x00,0x00,0x3A,0xD3,0xFF,0xD5,0x34,0x00,
  0x00,0x00,0x00,0x00,0x01,0x48,0x80,0x18,0x00,0x00,0x00,0x00,0x00,0x00,0x00,0x00,
  0x00,0x00,0x00,0x00,0x00,0x02,0x43,0x95,0xC9,0xC0,0x9B,0x86,0x80,0x78,0x78,0x32,
  0x00,0x00,0x00,0x00,0x00,0x00,0x00,0x00,0x00,0x00,0x00,0x00,0x00,0x00,0x00,0x00,
  0x0B,0xC7,0xEF,0x52,0x00,0x00,0x00,0x20,0xDA,0xE5,0x35,0x00,0x00,0x00,0x00,0x00,
  0x00,0x00,0x00,0x00,0x00,0x00,0x00,0x00,0x00,0x00,0x4C,0xFF,0xFF,0xC0,0x00,0x00,
  0x00,0x74,0xFF,0xFF,0x98,0x00,0x00,0x00,0x00,0x00,0x00,0x00,0x00,0x00,0x00,0x00,
  0x00,0x00,0x00,0x00,0x4C,0xFF,0xFF,0xBF,0x00,0x00,0x00,0x74,0xFF,0xFF,0x97,0x00,
  0x00,0x00,0x00,0x00,0x00,0x00,0x00,0x00,0x00,0x00,0x00,0x00,0x00,0x00,0x0B,0xC8,
  0xEF,0x52,0x00,0x00,0x00,0x1F,0xDA,0xE5,0x34,0x00,0x00,0x00,0x00,0x00,0x00,0x00,
  0x00,0x00,0x00,0x00,0x00,0x00,0x00,0x00,0x00,0x00,0x00,0x00,0x00,0x00,0x00,0x00,
  0x00,0x00,0x00,0x00,0x00,0x00,0x00,0x00,0x00,0x00,0x00,0x00,0x00,0x00,0x00,0x00,
  0x00,0x00,0x00,0x00,0x00,0x00,0x00,0x00,0x00,0x00,0x00,0x00,0x00,0x00,0x00,0x00,
  0x00,0x00,0x00,0x00,0x00,0x00,0x00,0x00,0x00,0x00,0x00,0x00,0x00,0x00,0x00,0x00,
  0x00,0x00,0x00,0x00,0x00,0x00,0x00,0x00,0x00,0x00,0x00,0x00,0x00,0x00,0x29,0x6A,
  0xA1,0xFB,0xFF,0xFF,0xFF,0xFF,0xE1,0x80,0x60,0x01,0x00,0x00,0x00,0x00,0x00,0x00,
  0x57,0x7A,0xD6,0xFF,0xF5,0x93,0x66,0x18,0x00,0x00,0x00,0x6B,0xFF,0xFF,0xFF,0xEA,
  0x14,0x00,0x00,0x00,0x00,0x00,0x00,0x00,0x00,0x00,0x00,0x00,0x09,0xD9,0x43,0x00,
  0x00,0x00,0x00,0x00,0x00,0x1A,0xFF,0xFF,0xFF,0xA9,0x00,0x00,0x00,0x00,0x00,0x00,
  0x00,0x00,0x00,0x00,0x00,0x00,0x00,0x80,0x00,0x00,0x00,0x00,0x00,0x00,0x00,0x0C,
  0xFF,0xFF,0xFF,0x98,0x00,0x00,0x00,0x00,0x00,0x00,0x00,0x00,0x00,0x00,0x00,0x00,
  0x00,0x60,0x00,0x00,0x00,0x00,0x00,0x00,0x00,0x0C,0xFF,0xFF,0xFF,0x98,0x00,0x00,
  0x00,0x00,0x00,0x00,0x00,0x00,0x00,0x00,0x00,0x00,0x00,0x60,0x00,0x00,0x00,0x00,
  0x00,0x00,0x00,0x0C,0xFF,0xFF,0xFF,0x98,0x00,0x00,0x00,0x00,0x00,0x00,0x00,0x00,
  0x00,0x00,0x00,0x00,0x00,0x60,0x00,0x00,0x00,0x00,0x00,0x00,0x00,0x0C,0xFF,0xFF,
  0xFF,0x98,0x00,0x00,0x00,0x00,0x00,0x00,0x00,0x00,0x00,0x00,0x00,0x00,0x00,0x60,
  0x00,0x00,0x00,0x00,0x00,0x00,0x00,0x0C,0xFF,0xFF,0xFF,0x98,0x00,0x00,0x00,0x00,
  0x00,0x00,0x00,0x00,0x00,0x00,0x00,0x00,0x00,0x60,0x00,0x00,0x00,0x00,0x00,0x00,
  0x00,0x0C,0xFF,0xFF,0xFF,0x98,0x00,0x00,0x00,0x00,0x00,0x00,0x00,0x00,0x00,0x00,
  0x00,0x00,0x00,0x60,0x00,0x00,0x00,0x00,0x00,0x00,0x00,0x0C,0xFF,0xFF,0xFF,0x98,
  0x00,0x00,0x00,0x00,0x00,0x00,0x00,0x00,0x00,0x00,0x00,0x00,0x00,0x60,0x00,0x00,
  0x00,0x00,0x00,0x00,0x00,0x0C,0xFF,0xFF,0xFF,0x98,0x00,0x00,0x00,0x00,0x00,0x00,
  0x00,0x00,0x00,0x00,0x00,0x00,0x00,0x60,0x00,0x00,0x00,0x00,0x00,0x00,0x00,0x0C,
  0xFF,0xFF,0xFF,0x98,0x00,0x00,0x00,0x00,0x00,0x00,0x00,0x00,0x00,0x00,0x00,0x00,
  0x00,0x60,0x00,0x00,0x00,0x00,0x00,0x00,0x00,0x0C,0xFF,0xFF,0xFF,0x98,0x00,0x00,
  0x00,0x00,0x00,0x00,0x00,0x00,0x00,0x00,0x00,0x00,0x00,0x60,0x00,0x00,0x00,0x00,
  0x00,0x00,0x00,0x0C,0xFF,0xFF,0xFF,0x98,0x00,0x00,0x00,0x00,0x00,0x00,0x00,0x00,
  0x00,0x00,0x00,0x00,0x00,0x60,0x00,0x00,0x00,0x00,0x00,0x00,0x00,0x0C,0xFF,0xFF,
  0xFF,0x98,0x00,0x00,0x00,0x00,0x00,0x00,0x00,0x00,0x00,0x00,0x00,0x00,0x00,0x60,
  0x00,0x00,0x00,0x00,0x00,0x00,0x00,0x0C,0xFF,0xFF,0xFF,0x98,0x00,0x00,0x00,0x00,
  0x00,0x00,0x00,0x00,0x00,0x00,0x00,0x00,0x00,0x60,0x00,0x00,0x00,0x00,0x00,0x00,
  0x00,0x0C,0xFF,0xFF,0xFF,0x98,0x00,0x00,0x00,0x00,0x00,0x00,0x00,0x00,0x00,0x00,
  0x00,0x00,0x00,0x60,0x00,0x00,0x00,0x00,0x00,0x00,0x00,0x0B,0xFF,0xFF,0xFF,0x98,
  0x00,0x00,0x00,0x00,0x00,0x00,0x00,0x00,0x00,0x00,0x00,0x00,0x00,0x60,0x00,0x00,
  0x00,0x00,0x00,0x00,0x00,0x02,0xFE,0xFF,0xFF,0x9B,0x00,0x00,0x00,0x00,0x00,0x00,
  0x00,0x00,0x00,0x00,0x00,0x00,0x00,0x60,0x00,0x00,0x00,0x00,0x00,0x00,0x00,0x00,
  0xEE,0xFF,0xFF,0xA7,0x00,0x00,0x00,0x00,0x00,0x00,0x00,0x00,0x00,0x00,0x00,0x00,
  0x00,0x61,0x00,0x00,0x00,0x00,0x00,0x00,0x00,0x00,0xBF,0xFF,0xFF,0xC5,0x00,0x00,
  0x00,0x00,0x00,0x00,0x00,0x00,0x00,0x00,0x00,0x00,0x00,0x68,0x00,0x00,0x00,0x00,
  0x00,0x00,0x00,0x00,0x77,0xFF,0xFF,0xF4,0x05,0x00,0x00,0x00,0x00,0x00,0x00,0x00,
  0x00,0x00,0x00,0x00,0x2E,0x43,0x00,0x00,0x00,0x00,0x00,0x00,0x00,0x00,0x0F,0xED,
  0xFF,0xFF,0x57,0x00,0x00,0x00,0x00,0x00,0x00,0x00,0x00,0x00,0x00,0x03,0x7D,0x00,
  0x00,0x00,0x00,0x00,0x00,0x00,0x00,0x00,0x00,0x48,0xF9,0xFF,0xE5,0x11,0x00,0x00,
  0x00,0x00,0x00,0x00,0x00,0x00,0x05,0x7D,0x1A,0x00,0x00,0x00,0x00,0x00,0x00,0x00,
  0x00,0x00,0x00,0x00,0x3A,0xD3,0xFF,0xD5,0x34,0x00,0x00,0x00,0x00,0x00,0x01,0x48,
  0x80,0x18,0x00,0x00,0x00,0x00,0x00,0x00,0x00,0x00,0x00,0x00,0x00,0x00,0x00,0x02,
  0x43,0x95,0xC9,0xC0,0x9B,0x86,0x80,0x78,0x78,0x32,0x00,0x00,0x00,0x00,0x00,0x00,
  0x00,0x00,0x00,0x00,0x00,0x00,0x00,0x00,0x00,0x00,0x00,0x00,0x75,0xFF,0xFF,0xDB,
  0x01,0x00,0x00,0x00,0x00,0x00,0x00,0x00,0x00,0x00,0x00,0x00,0x00,0x09,0xE7,0xFF,
  0xE4,0x23,0x00,0x00,0x00,0x00,0x00,0x00,0x00,0x00,0x00,0x00,0x00,0x00,0x00,0x74,
  0xFF,0xDF,0x24,0x00,0x00,0x00,0x00,0x00,0x00,0x00,0x00,0x00,0x00,0x00,0x00,0x00,
  0x11,0xED,0xD5,0x1B,0x00,0x00,0x00,0x00,0x00,0x00,0x00,0x00,0x00,0x00,0x00,0x00,
  0x00,0x00,0x90,0xC5,0x12,0x00,0x00,0x00,0x00,0x00,0x00,0x00,0x00,0x00,0x00,0x00,
  0x00,0x00,0x00,0x24,0xA5,0x08,0x00,0x00,0x00,0x00,0x00,0x00,0x00,0x00,0x00,0x00,
  0x00,0x00,0x00,0x00,0x00,0x00,0x00,0x00,0x00,0x00,0x00,0x00,0x00,0x00,0x00,0x00,
  0x00,0x00,0x00,0x00,0x00,0x00,0x00,0x00,0x00,0x00,0x00,0x00,0x00,0x00,0x00,0x00,
  0x00,0x00,0x00,0x00,0x00,0x00,0x3E,0x96,0xB5,0x72,0x5D,0x6D,0xB1,0xAB,0x4F,0x00,
  0x00,0x00,0x00,0x00,0x00,0x00,0x03,0xA9,0xFF,0xF9,0x25,0x00,0x00,0x00,0x05,0xCB,
  0xFF,0xB3,0x06,0x00,0x00,0x00,0x00,0x00,0x6B,0xFF,0xFF,0xB7,0x00,0x00,0x00,0x00,
  0x00,0x60,0xFF,0xFF,0x89,0x00,0x00,0x00,0x00,0x00,0xA3,0xFF,0xFF,0x85,0x00,0x00,
  0x00,0x00,0x00,0x2B,0xFF,0xFF,0xF3,0x06,0x00,0x00,0x00,0x00,0x7E,0xFF,0xFF,0x6B,
  0x00,0x00,0x00,0x00,0x00,0x11,0xFF,0xFF,0xFF,0x35,0x00,0x00,0x00,0x00,0x07,0x86,
  0xCA,0x54,0x00,0x00,0x00,0x00,0x00,0x07,0xFF,0xFF,0xFF,0x51,0x00,0x00,0x00,0x00,
  0x00,0x00,0x00,0x00,0x00,0x00,0x00,0x00,0x00,0x00,0xFF,0xFF,0xFF,0x5E,0x00,0x00,
  0x00,0x00,0x00,0x00,0x00,0x00,0x00,0x00,0x00,0x00,0x00,0x00,0xFF,0xFF,0xFF,0x60,
  0x00,0x00,0x00,0x00,0x00,0x00,0x00,0x00,0x00,0x00,0x00,0x00,0x00,0x00,0xFF,0xFF,
  0xFF,0x60,0x00,0x00,0x00,0x00,0x00,0x00,0x16,0x59,0x83,0x86,0x67,0x5F,0x5C,0x5C,
  0xFF,0xFF,0xFF,0x60,0x00,0x00,0x00,0x00,0x20,0xAC,0xFD,0xD6,0x3C,0x00,0x00,0x00,
  0x00,0x00,0xFF,0xFF,0xFF,0x60,0x00,0x00,0x00,0x25,0xEA,0xFF,0xF4,0x1D,0x00,0x00,
  0x00,0x00,0x00,0x00,0xFF,0xFF,0xFF,0x60,0x00,0x00,0x00,0xB8,0xFF,0xFF,0xA3,0x00,
  0x00,0x00,0x00,0x00,0x00,0x00,0xFF,0xFF,0xFF,0x60,0x00,0x00,0x10,0xFD,0xFF,0xFF,
  0x6B,0x00,0x00,0x00,0x00,0x00,0x00,0x00,0xFF,0xFF,0xFF,0x60,0x00,0x00,0x2C,0xFF,
  0xFF,0xFF,0x53,0x00,0x00,0x00,0x00,0x00,0x00,0x01,0xFF,0xFF,0xFF,0x60,0x00,0x00,
  0x23,0xFF,0xFF,0xFF,0x50,0x00,0x00,0x00,0x00,0x00,0x00,0x18,0xFF,0xFF,0xFF,0x60,
  0x00,0x00,0x02,0xEB,0xFF,0xFF,0x66,0x00,0x00,0x00,0x00,0x00,0x00,0x5A,0xD7,0xFF,
  0xFF,0x60,0x00,0x00,0x00,0x7C,0xFF,0xFF,0xA5,0x00,0x00,0x00,0x00,0x00,0x08,0x7D,
  0xB8,0xFF,0xFF,0x67,0x00,0x00,0x00,0x03,0xA4,0xFF,0xFA,0x37,0x00,0x00,0x00,0x10,
  0x84,0x11,0xB8,0xFF,0xFF,0x94,0x00,0x00,0x00,0x00,0x00,0x4D,0xB1,0xDF,0x9B,0x6B,
  0x64,0x53,0x07,0x00,0xB8,0xFF,0xFF,0xF9,0x90,0x47,0x00,0x00,0x00,0x00,0x00,0x00,
  0x00,0x00,0x00,0x6D,0xFF,0xFF,0xDF,0x05,0x00,0x00,0x00,0x00,0x00,0x00,0x00,0x00,
  0x00,0x00,0x06,0xE2,0xFF,0xE8,0x27,0x00,0x00,0x00,0x00,0x00,0x00,0x00,0x00,0x00,
  0x00,0x00,0x6C,0xFF,0xE3,0x28,0x00,0x00,0x00,0x00,0x00,0x00,0x00,0x00,0x00,0x00,
  0x00,0x0D,0xE9,0xDA,0x1E,0x00,0x00,0x00,0x00,0x00,0x00,0x00,0x00,0x00,0x00,0x00,
  0x00,0x88,0xCA,0x15,0x00,0x00,0x00,0x00,0x00,0x00,0x00,0x00,0x00,0x00,0x00,0x00,
  0x1E,0xA9,0x0A,0x00,0x00,0x00,0x00,0x00,0x00,0x00,0x00,0x00,0x00,0x00,0x00,0x00,
  0x00,0x00,0x00,0x00,0x00,0x00,0x00,0x00,0x00,0x00,0x00,0x00,0x00,0x00,0x00,0x00,
  0x00,0x00,0x00,0x00,0x00,0x00,0x00,0x00,0x00,0x00,0x00,0x00,0x00,0x00,0x48,0x9F,
  0x82,0x5A,0x61,0xA0,0x9C,0x39,0x00,0x00,0x00,0x00,0x00,0x00,0x0F,0xB7,0xFF,0x55,
  0x00,0x00,0x00,0x02,0xA9,0xFF,0x9D,0x05,0x00,0x00,0x00,0x09,0xCC,0xFF,0xAA,0x00,
  0x00,0x00,0x00,0x00,0x18,0xFB,0xFF,0xA7,0x00,0x00,0x00,0x89,0xFF,0xFF,0x45,0x00,
  0x00,0x00,0x00,0x00,0x00,0xBC,0xFF,0xFF,0x52,0x00,0x11,0xF8,0xFF,0xFA,0x09,0x00,
  0x00,0x00,0x00,0x00,0x00,0x86,0xFF,0xFF,0xC3,0x00,0x67,0xFF,0xFF,0xD2,0x00,0x00,
  0x00,0x00,0x00,0x00,0x00,0x5F,0xFF,0xFF,0xFF,0x12,0xA5,0xFF,0xFF,0xB0,0x00,0x00,
  0x00,0x00,0x00,0x00,0x00,0x48,0xFF,0xFF,0xFF,0x45,0xD4,0xFF,0xFF,0x95,0x00,0x00,
  0x00,0x00,0x00,0x00,0x00,0x38,0xFF,0xFF,0xFF,0x5F,0xEE,0xFF,0xFF,0x85,0x00,0x00,
  0x00,0x00,0x00,0x00,0x00,0x32,0xFF,0xFF,0xFF,0x6E,0xFB,0xFF,0xFF,0xA8,0x58,0x58,
  0x58,0x58,0x58,0x58,0x58,0x66,0xAC,0xAC,0xAC,0x4D,0xFC,0xFF,0xFF,0x7F,0x00,0x00,
  0x00,0x00,0x00,0x00,0x00,0x00,0x00,0x00,0x00,0x00,0xEE,0xFF,0xFF,0x88,0x00,0x00,
  0x00,0x00,0x00,0x00,0x00,0x00,0x00,0x00,0x00,0x00,0xD5,0xFF,0xFF,0x98,0x00,0x00,
  0x00,0x00,0x00,0x00,0x00,0x00,0x00,0x00,0x00,0x00,0xA0,0xFF,0xFF,0xB4,0x00,0x00,
  0x00,0x00,0x00,0x00,0x00,0x00,0x00,0x00,0x00,0x00,0x5B,0xFF,0xFF,0xD7,0x00,0x00,
  0x00,0x00,0x00,0x00,0x00,0x00,0x00,0x00,0x00,0x00,0x07,0xEB,0xFF,0xFE,0x0E,0x00,
  0x00,0x00,0x00,0x00,0x00,0x00,0x00,0x2B,0x31,0x00,0x00,0x64,0xFF,0xFF,0x57,0x00,
  0x00,0x00,0x00,0x00,0x00,0x00,0x00,0x84,0x9A,0x00,0x00,0x00,0xA1,0xFF,0xC7,0x02,
  0x00,0x00,0x00,0x00,0x00,0x00,0x16,0xEC,0x52,0x00,0x00,0x00,0x01,0x85,0xF9,0x8C,
  0x02,0x00,0x00,0x00,0x00,0x1F,0xCA,0x78,0x00,0x00,0x00,0x00,0x00,0x00,0x23,0x85,
  0x9C,0x65,0x59,0x57,0x75,0x86,0x27,0x00,0x00,0x00,0x00,0x00,0x00,0x00,0x00,0x00,
  0x00,0x89,0xFF,0xFF,0xC8,0x00,0x00,0x00,0x00,0x00,0x00,0x00,0x12,0xF2,0xFF,0xDA,
  0x19,0x00,0x00,0x00,0x00,0x00,0x00,0x00,0x88,0xFF,0xD5,0x1A,0x00,0x00,0x00,0x00,
  0x00,0x00,0x00,0x1C,0xF6,0xC9,0x13,0x00,0x00,0x00,0x00,0x00,0x00,0x00,0x00,0xA4,
  0xB7,0x0C,0x00,0x00,0x00,0x00,0x00,0x00,0x00,0x00,0x34,0x99,0x04,0x00,0x00,0x00,
  0x00,0x00,0x00,0x00,0x00,0x00,0x00,0x00,0x00,0x00,0x00,0x00,0x00,0x00,0x00,0x00,
  0x00,0x00,0x00,0x00,0x00,0x00,0x00,0x00,0x00,0x00,0x00,0x52,0x89,0xEE,0xFF,0xFF,
  0xFF,0xA0,0x00,0x00,0x00,0x00,0x00,0x00,0x00,0x2E,0xFD,0xFF,0xFF,0xA0,0x00,0x00,
  0x00,0x00,0x00,0x00,0x00,0x00,0xDA,0xFF,0xFF,0xA0,0x00,0x00,0x00,0x00,0x00,0x00,
  0x00,0x00,0xC1,0xFF,0xFF,0xA0,0x00,0x00,0x00,0x00,0x00,0x00,0x00,0x00,0xC0,0xFF,
  0xFF,0xA0,0x00,0x00,0x00,0x00,0x00,0x00,0x00,0x00,0xC0,0xFF,0xFF,0xA0,0x00,0x00,
  0x00,0x00,0x00,0x00,0x00,0x00,0xC0,0xFF,0xFF,0xA0,0x00,0x00,0x00,0x00,0x00,0x00,
  0x00,0x00,0xC0,0xFF,0xFF,0xA0,0x00,0x00,0x00,0x00,0x00,0x00,0x00,0x00,0xC0,0xFF,
  0xFF,0xA0,0x00,0x00,0x00,0x00,0x00,0x00,0x00,0x00,0xC0,0xFF,0xFF,0xA0,0x00,0x00,
  0x00,0x00,0x00,0x00,0x00,0x00,0xC0,0xFF,0xFF,0xA0,0x00,0x00,0x00,0x00,0x00,0x00,
  0x00,0x00,0xC0,0xFF,0xFF,0xA0,0x00,0x00,0x00,0x00,0x00,0x00,0x00,0x00,0xC0,0xFF,
  0xFF,0xA0,0x00,0x00,0x00,0x00,0x00,0x00,0x00,0x00,0xC0,0xFF,0xFF,0xA0,0x00,0x00,
  0x00,0x00,0x00,0x00,0x00,0x00,0xC0,0xFF,0xFF,0xA0,0x00,0x00,0x00,0x00,0x00,0x00,
  0x00,0x00,0xC0,0xFF,0xFF,0xA0,0x00,0x00,0x00,0x00,0x00,0x00,0x00,0x00,0xC0,0xFF,
  0xFF,0xA2,0x00,0x00,0x00,0x00,0x00,0x00,0x00,0x00,0xD9,0xFF,0xFF,0xBC,0x00,0x00,
  0x00,0x00,0x00,0x00,0x00,0x2D,0xFC,0xFF,0xFF,0xF6,0x1C,0x00,0x00,0x00,0x0F,0x63,
  0x88,0xED,0xFF,0xFF,0xFF,0xFF,0xE6,0x82,0x61,0x04,0x00,0x00,0x00,0x00,0x00,0x00,
  0x01,0x1B,0x16,0x00,0x00,0x00,0x00,0x00,0x00,0x00,0x00,0x00,0x00,0x00,0x00,0x00,
  0x00,0x00,0x00,0x00,0x00,0x3A,0xDD,0xFF,0xFF,0xDB,0x7A,0x17,0x00,0x00,0x00,0x00,
  0x4D,0x0E,0x00,0x00,0x00,0x00,0x00,0x00,0x00,0x00,0x0F,0xEB,0xFF,0xFF,0xFF,0xFF,
  0xFF,0xFA,0xA9,0x55,0x2F,0x41,0xA6,0x00,0x00,0x00,0x00,0x00,0x00,0x00,0x00,0x00,
  0x58,0x5D,0x09,0x14,0x52,0xB4,0xFC,0xFF,0xFF,0xFF,0xFF,0xFF,0x66,0x00,0x00,0x00,
  0x00,0x00,0x00,0x00,0x00,0x00,0x47,0x00,0x00,0x00,0x00,0x00,0x1E,0x84,0xD7,0xF9,
  0xE3,0x76,0x00,0x00,0x00,0x00,0x00,0x00,0x00,0x00,0x00,0x00,0x00,0x00,0x00,0x00,
  0x00,0x00,0x00,0x00,0x00,0x00,0x00,0x00,0x00,0x00,0x00,0x00,0x00,0x00,0x00,0x00,
  0x00,0x00,0x00,0x00,0x00,0x00,0x00,0x00,0x00,0x00,0x00,0x00,0x00,0x00,0x00,0x00,
  0x00,0x00,0x00,0x00,0x4D,0x7E,0xE4,0xFF,0xFF,0xFF,0x98,0x00,0x1F,0x6E,0x75,0x86,
  0xC0,0xDE,0xA3,0x39,0x00,0x00,0x00,0x00,0x00,0x00,0x00,0x00,0x26,0xFE,0xFF,0xFF,
  0x98,0x34,0x6D,0x03,0x00,0x00,0x00,0x66,0xFF,0xFF,0x80,0x00,0x00,0x00,0x00,0x00,
  0x00,0x00,0x00,0xD8,0xFF,0xFF,0x99,0x7E,0x00,0x00,0x00,0x00,0x00,0x00,0xC0,0xFF,
  0xFF,0x4D,0x00,0x00,0x00,0x00,0x00,0x00,0x00,0xC3,0xFF,0xFF,0xE2,0x2C,0x00,0x00,
  0x00,0x00,0x00,0x00,0x60,0xFF,0xFF,0xC4,0x00,0x00,0x00,0x00,0x00,0x00,0x00,0xC0,
  0xFF,0xFF,0xE4,0x00,0x00,0x00,0x00,0x00,0x00,0x00,0x32,0xFF,0xFF,0xFE,0x0D,0x00,
  0x00,0x00,0x00,0x00,0x00,0xC0,0xFF,0xFF,0xB8,0x00,0x00,0x00,0x00,0x00,0x00,0x00,
  0x17,0xFF,0xFF,0xFF,0x38,0x00,0x00,0x00,0x00,0x00,0x00,0xC0,0xFF,0xFF,0xA5,0x00,
  0x00,0x00,0x00,0x00,0x00,0x00,0x0C,0xFF,0xFF,0xFF,0x4A,0x00,0x00,0x00,0x00,0x00,
  0x00,0xC0,0xFF,0xFF,0xA0,0x00,0x00,0x00,0x00,0x00,0x00,0x00,0x0C,0xFF,0xFF,0xFF,
  0x53,0x00,0x00,0x00,0x00,0x00,0x00,0xC0,0xFF,0xFF,0xA0,0x00,0x00,0x00,0x00,0x00,
  0x00,0x00,0x0C,0xFF,0xFF,0xFF,0x54,0x00,0x00,0x00,0x00,0x00,0x00,0xC0,0xFF,0xFF,
  0xA0,0x00,0x00,0x00,0x00,0x00,0x00,0x00,0x0C,0xFF,0xFF,0xFF,0x54,0x00,0x00,0x00,
  0x00,0x00,0x00,0xC0,0xFF,0xFF,0xA0,0x00,0x00,0x00,0x00,0x00,0x00,0x00,0x0C,0xFF,
  0xFF,0xFF,0x54,0x00,0x00,0x00,0x00,0x00,0x00,0xC0,0xFF,0xFF,0xA0,0x00,0x00,0x00,
  0x00,0x00,0x00,0x00,0x0C,0xFF,0xFF,0xFF,0x54,0x00,0x00,0x00,0x00,0x00,0x00,0xC0,
  0xFF,0xFF,0xA0,0x00,0x00,0x00,0x00,0x00,0x00,0x00,0x0C,0xFF,0xFF,0xFF,0x54,0x00,
  0x00,0x00,0x00,0x00,0x00,0xC0,0xFF,0xFF,0xA0,0x00,0x00,0x00,0x00,0x00,0x00,0x00,
  0x0C,0xFF,0xFF,0xFF,0x54,0x00,0x00,0x00,0x00,0x00,0x00,0xC0,0xFF,0xFF,0xA0,0x00,
  0x00,0x00,0x00,0x00,0x00,0x00,0x0C,0xFF,0xFF,0xFF,0x54,0x00,0x00,0x00,0x00,0x00,
  0x00,0xC0,0xFF,0xFF,0xA0,0x00,0x00,0x00,0x00,0x00,0x00,0x00,0x0C,0xFF,0xFF,0xFF,
  0x54,0x00,0x00,0x00,0x00,0x00,0x00,0xC3,0xFF,0xFF,0xA2,0x00,0x00,0x00,0x00,0x00,
  0x00,0x00,0x0C,0xFF,0xFF,0xFF,0x56,0x00,0x00,0x00,0x00,0x00,0x00,0xDB,0xFF,0xFF,
  0xB7,0x00,0x00,0x00,0x00,0x00,0x00,0x00,0x0C,0xFF,0xFF,0xFF,0x6B,0x00,0x00,0x00,
  0x00,0x00,0x2E,0xFF,0xFF,0xFF,0xF2,0x12,0x00,0x00,0x00,0x00,0x00,0x00,0x0C,0xFF,
  0xFF,0xFF,0xB4,0x00,0x00,0x00,0x5E,0x82,0xE8,0xFF,0xFF,0xFF,0xFF,0xD8,0x76,0x41,
  0x00,0x00,0x00,0x00,0x0C,0xFF,0xFF,0xFF,0xFF,0xB6,0x6F,0x14,0x00,0x00,0x00,0x00,
  0x00,0x00,0x00,0x00,0x00,0x00,0xBD,0xFF,0xFF,0x94,0x00,0x00,0x00,0x00,0x00,0x00,
  0x00,0x00,0x00,0x00,0x00,0x00,0x39,0xFF,0xFF,0xB8,0x07,0x00,0x00,0x00,0x00,0x00,
  0x00,0x00,0x00,0x00,0x00,0x00,0x00,0xBC,0xFF,0xB3,0x08,0x00,0x00,0x00,0x00,0x00,
  0x00,0x00,0x00,0x00,0x00,0x00,0x00,0x47,0xFF,0xA4,0x04,0x00,0x00,0x00,0x00,0x00,
  0x00,0x00,0x00,0x00,0x00,0x00,0x00,0x04,0xD3,0x8E,0x01,0x00,0x00,0x00,0x00,0x00,
  0x00,0x00,0x00,0x00,0x00,0x00,0x00,0x00,0x65,0x6D,0x00,0x00,0x00,0x00,0x00,0x00,
  0x00,0x00,0x00,0x00,0x00,0x00,0x00,0x00,0x00,0x00,0x00,0x00,0x00,0x00,0x00,0x00,
  0x00,0x00,0x00,0x00,0x00,0x00,0x00,0x00,0x00,0x00,0x00,0x00,0x00,0x00,0x00,0x00,
  0x00,0x00,0x00,0x00,0x00,0x00,0x00,0x00,0x3B,0x93,0x91,0x5F,0x5A,0x67,0x9E,0x7F,
  0x1A,0x00,0x00,0x00,0x00,0x00,0x00,0x0E,0xAF,0xFF,0x6A,0x00,0x00,0x00,0x00,0x05,
  0xA4,0xF5,0x72,0x00,0x00,0x00,0x00,0x0A,0xCE,0xFF,0xAA,0x00,0x00,0x00,0x00,0x00,
  0x00,0x09,0xE0,0xFF,0x89,0x00,0x00,0x00,0x91,0xFF,0xFF,0x3D,0x00,0x00,0x00,0x00,
  0x00,0x00,0x00,0x7D,0xFF,0xFF,0x49,0x00,0x16,0xFA,0xFF,0xF4,0x03,0x00,0x00,0x00,
  0x00,0x00,0x00,0x00,0x36,0xFF,0xFF,0xCC,0x00,0x6F,0xFF,0xFF,0xC4,0x00,0x00,0x00,
  0x00,0x00,0x00,0x00,0x00,0x06,0xFB,0xFF,0xFF,0x30,0xAA,0xFF,0xFF,0xA5,0x00,0x00,
  0x00,0x00,0x00,0x00,0x00,0x00,0x00,0xE3,0xFF,0xFF,0x6D,0xDA,0xFF,0xFF,0x8D,0x00,
  0x00,0x00,0x00,0x00,0x00,0x00,0x00,0x00,0xCA,0xFF,0xFF,0x9F,0xEF,0xFF,0xFF,0x82,
  0x00,0x00,0x00,0x00,0x00,0x00,0x00,0x00,0x00,0xC0,0xFF,0xFF,0xB5,0xFC,0xFF,0xFF,
  0x7B,0x00,0x00,0x00,0x00,0x00,0x00,0x00,0x00,0x00,0xB7,0xFF,0xFF,0xC4,0xFB,0xFF,
  0xFF,0x7B,0x00,0x00,0x00,0x00,0x00,0x00,0x00,0x00,0x00,0xB8,0xFF,0xFF,0xC3,0xEE,
  0xFF,0xFF,0x83,0x00,0x00,0x00,0x00,0x00,0x00,0x00,0x00,0x00,0xC0,0xFF,0xFF,0xB5,
  0xD6,0xFF,0xFF,0x8D,0x00,0x00,0x00,0x00,0x00,0x00,0x00,0x00,0x00,0xCA,0xFF,0xFF,
  0x9E,0xA5,0xFF,0xFF,0xA6,0x00,0x00,0x00,0x00,0x00,0x00,0x00,0x00,0x00,0xE3,0xFF,
  0xFF,0x6F,0x67,0xFF,0xFF,0xC5,0x00,0x00,0x00,0x00,0x00,0x00,0x00,0x00,0x06,0xFB,
  0xFF,0xFF,0x33,0x0F,0xF5,0xFF,0xF4,0x03,0x00,0x00,0x00,0x00,0x00,0x00,0x00,0x35,
  0xFF,0xFF,0xD3,0x00,0x00,0x80,0xFF,0xFF,0x3E,0x00,0x00,0x00,0x00,0x00,0x00,0x00,
  0x7B,0xFF,0xFF,0x54,0x00,0x00,0x04,0xBD,0xFF,0xAC,0x00,0x00,0x00,0x00,0x00,0x00,
  0x08,0xDF,0xFF,0x9D,0x00,0x00,0x00,0x00,0x07,0x9E,0xFE,0x6C,0x00,0x00,0x00,0x00,
  0x04,0xA0,0xFA,0x87,0x01,0x00,0x00,0x00,0x00,0x00,0x00,0x31,0x90,0x93,0x61,0x59,
  0x64,0x9E,0x85,0x22,0x00,0x00,0x00,0x00,0x00,0x00,0x00,0x00,0x00,0x00,0x1F,0xDE,
  0xEA,0x3B,0x00,0x00,0x00,0x00,0x00,0x00,0x00,0x00,0x00,0x00,0x00,0x00,0x5B,0xFF,
  0xFF,0x86,0x00,0x00,0x00,0x00,0x00,0x00,0x00,0x00,0x00,0x00,0x00,0x00,0x27,0xF2,
  0xFA,0x48,0x00,0x00,0x00,0x00,0x00,0x00,0x00,0x00,0x00,0x00,0x00,0x00,0x00,0x09,
  0x0E,0x00,0x00,0x00,0x00,0x00,0x00,0x00,0x00,0x00,0x00,0x00,0x00,0x00,0x00,0x00,
  0x00,0x00,0x00,0x00,0x00,0x00,0x00,0x00,0x00,0x00,0x00,0x00,0x00,0x00,0x00,0x00,
  0x00,0x00,0x00,0x00,0x00,0x00,0x00,0x00,0x00,0x00,0x00,0x00,0x00,0x00,0x00,0x00,
  0x00,0x00,0x00,0x00,0x00,0x00,0x00,0x00,0x00,0x00,0x00,0x00,0x00,0x00,0x00,0x00,
  0x00,0x00,0x00,0x00,0x00,0x00,0x00,0x00,0x7E,0xC0,0xC0,0xC0,0xC0,0xC0,0xC0,0xC0,
  0xC0,0xC0,0xC0,0xC0,0xC0,0xC0,0xC0,0x96,0x00,0x00,0x00,0x00,0x00,0x00,0x00,0x00,
  0x00,0x00,0x00,0x00,0x00,0x00,0x00,0x00,0x00,0x00,0x00,0x00,0x00,0x00,0x00,0x00,
  0x00,0x00,0x00,0x00,0x00,0x00,0x00,0x00,0x00,0x00,0x00,0x00,0x00,0x00,0x00,0x00,
  0x00,0x00,0x00,0x00,0x00,0x00,0x00,0x00,0x00,0x00,0x00,0x00,0x00,0x00,0x00,0x0A,
  0x0F,0x00,0x00,0x00,0x00,0x00,0x00,0x00,0x00,0x00,0x00,0x00,0x00,0x00,0x28,0xF3,
  0xFB,0x4B,0x00,0x00,0x00,0x00,0x00,0x00,0x00,0x00,0x00,0x00,0x00,0x00,0x5B,0xFF,
  0xFF,0x86,0x00,0x00,0x00,0x00,0x00,0x00,0x00,0x00,0x00,0x00,0x00,0x00,0x1D,0xDC,
  0xE9,0x39,0x00,0x00,0x00,0x00,0x00,0x00,0x00,0x00,0x00,0x00,0x00,0x00,0x00,0x00,
  0x00,0x00,0x00,0x00,0x3C,0xFF,0xFF,0xF4,0x20,0x00,0x00,0x00,0x00,0x00,0x00,0x00,
  0x00,0x00,0x00,0x00,0x00,0x00,0x00,0x00,0x00,0x00,0x00,0xB9,0xFF,0xF8,0x47,0x00,
  0x00,0x00,0x00,0x00,0x00,0x00,0x00,0x00,0x00,0x00,0x00,0x00,0x00,0x00,0x00,0x00,
  0x00,0x3C,0xFF,0xF5,0x46,0x00,0x00,0x00,0x00,0x00,0x00,0x00,0x00,0x00,0x00,0x00,
  0x00,0x00,0x00,0x00,0x00,0x00,0x00,0x00,0xC6,0xEE,0x39,0x00,0x00,0x00,0x00,0x00,
  0x00,0x00,0x00,0x00,0x00,0x00,0x00,0x00,0x00,0x00,0x00,0x00,0x00,0x00,0x58,0xE3,
  0x2C,0x00,0x00,0x00,0x00,0x00,0x00,0x00,0x00,0x00,0x00,0x00,0x00,0x00,0x00,0x00,
  0x00,0x00,0x00,0x00,0x03,0xB4,0x1B,0x00,0x00,0x00,0x00,0x00,0x00,0x00,0x00,0x00,
  0x00,0x00,0x00,0x00,0x00,0x00,0x00,0x00,0x00,0x00,0x00,0x00,0x00,0x00,0x00,0x00,
  0x00,0x00,0x00,0x00,0x00,0x00,0x00,0x00,0x00,0x00,0x00,0x00,0x00,0x00,0x00,0x00,
  0x00,0x00,0x00,0x00,0x00,0x00,0x00,0x00,0x00,0x00,0x00,0x00,0x00,0x00,0x00,0x00,
  0x0F,0x66,0x9E,0xFD,0xFF,0xFF,0xFF,0x44,0x00,0x00,0x00,0x00,0x2C,0x6F,0xC2,0xFF,
  0xFF,0xFF,0xF8,0x00,0x00,0x00,0x00,0x00,0x00,0x00,0x83,0xFF,0xFF,0xFF,0x44,0x00,
  0x00,0x00,0x00,0x00,0x00,0x02,0xCD,0xFF,0xFF,0xF8,0x00,0x00,0x00,0x00,0x00,0x00,
  0x00,0x34,0xFF,0xFF,0xFF,0x44,0x00,0x00,0x00,0x00,0x00,0x00,0x00,0x80,0xFF,0xFF,
  0xF8,0x00,0x00,0x00,0x00,0x00,0x00,0x00,0x1E,0xFF,0xFF,0xFF,0x44,0x00,0x00,0x00,
  0x00,0x00,0x00,0x00,0x6A,0xFF,0xFF,0xF8,0x00,0x00,0x00,0x00,0x00,0x00,0x00,0x1C,
  0xFF,0xFF,0xFF,0x44,0x00,0x00,0x00,0x00,0x00,0x00,0x00,0x68,0xFF,0xFF,0xF8,0x00,
  0x00,0x00,0x00,0x00,0x00,0x00,0x1C,0xFF,0xFF,0xFF,0x44,0x00,0x00,0x00,0x00,0x00,
  0x00,0x00,0x68,0xFF,0xFF,0xF8,0x00,0x00,0x00,0x00,0x00,0x00,0x00,0x1C,0xFF,0xFF,
  0xFF,0x44,0x00,0x00,0x00,0x00,0x00,0x00,0x00,0x68,0xFF,0xFF,0xF8,0x00,0x00,0x00,
  0x00,0x00,0x00,0x00,0x1C,0xFF,0xFF,0xFF,0x44,0x00,0x00,0x00,0x00,0x00,0x00,0x00,
  0x68,0xFF,0xFF,0xF8,0x00,0x00,0x00,0x00,0x00,0x00,0x00,0x1C,0xFF,0xFF,0xFF,0x44,
  0x00,0x00,0x00,0x00,0x00,0x00,0x00,0x68,0xFF,0xFF,0xF8,0x00,0x00,0x00,0x00,0x00,
  0x00,0x00,0x1C,0xFF,0xFF,0xFF,0x44,0x00,0x00,0x00,0x00,0x00,0x00,0x00,0x68,0xFF,
  0xFF,0xF8,0x00,0x00,0x00,0x00,0x00,0x00,0x00,0x1C,0xFF,0xFF,0xFF,0x44,0x00,0x00,
  0x00,0x00,0x00,0x00,0x00,0x68,0xFF,0xFF,0xF8,0x00,0x00,0x00,0x00,0x00,0x00,0x00,
  0x1C,0xFF,0xFF,0xFF,0x44,0x00,0x00,0x00,0x00,0x00,0x00,0x00,0x68,0xFF,0xFF,0xF8,
  0x00,0x00,0x00,0x00,0x00,0x00,0x00,0x1B,0xFF,0xFF,0xFF,0x44,0x00,0x00,0x00,0x00,
  0x00,0x00,0x00,0x6C,0xFF,0xFF,0xF8,0x00,0x00,0x00,0x00,0x00,0x00,0x00,0x13,0xFF,
  0xFF,0xFF,0x47,0x00,0x00,0x00,0x00,0x00,0x00,0x00,0x79,0xFF,0xFF,0xF8,0x00,0x00,
  0x00,0x00,0x00,0x00,0x00,0x04,0xFC,0xFF,0xFF,0x50,0x00,0x00,0x00,0x00,0x00,0x00,
  0x00,0x96,0xFF,0xFF,0xF8,0x00,0x00,0x00,0x00,0x00,0x00,0x00,0x00,0xD5,0xFF,0xFF,
  0x66,0x00,0x00,0x00,0x00,0x00,0x00,0x00,0x92,0xFF,0xFF,0xF8,0x00,0x00,0x00,0x00,
  0x00,0x00,0x00,0x00,0x8D,0xFF,0xFF,0x8D,0x00,0x00,0x00,0x00,0x00,0x00,0x1D,0x82,
  0xFF,0xFF,0xFA,0x00,0x00,0x00,0x00,0x00,0x00,0x00,0x00,0x21,0xF4,0xFF,0xD2,0x00,
  0x00,0x00,0x00,0x00,0x00,0x7F,0x2F,0xFF,0xFF,0xFF,0x0F,0x00,0x00,0x00,0x00,0x00,
  0x00,0x00,0x00,0x51,0xF7,0xFF,0x62,0x00,0x00,0x00,0x00,0x65,0x3D,0x28,0xFF,0xFF,
  0xFF,0x5D,0x00,0x00,0x00,0x00,0x00,0x00,0x00,0x00,0x00,0x23,0x93,0xD5,0xA9,0x7B,
  0x6D,0x70,0x26,0x00,0x28,0xFF,0xFF,0xFF,0xF9,0x98,0x69,0x02,0x00,0x00,0x00,0x00,
  0x00,0x00,0x32,0xE4,0xDB,0x23,0x00,0x00,0x00,0x4F,0xEE,0xCA,0x0D,0x00,0x00,0x00,
  0x00,0x00,0x00,0x00,0x00,0x00,0x00,0x00,0x00,0x90,0xFF,0xFF,0x7C,0x00,0x00,0x00,
  0xB8,0xFF,0xFF,0x54,0x00,0x00,0x00,0x00,0x00,0x00,0x00,0x00,0x00,0x00,0x00,0x00,
  0x90,0xFF,0xFF,0x7B,0x00,0x00,0x00,0xB8,0xFF,0xFF,0x53,0x00,0x00,0x00,0x00,0x00,
  0x00,0x00,0x00,0x00,0x00,0x00,0x00,0x31,0xE4,0xDC,0x22,0x00,0x00,0x00,0x4E,0xEE,
  0xCA,0x0D,0x00,0x00,0x00,0x00,0x00,0x00,0x00,0x00,0x00,0x00,0x00,0x00,0x00,0x00,
  0x00,0x00,0x00,0x00,0x00,0x00,0x00,0x00,0x00,0x00,0x00,0x00,0x00,0x00,0x00,0x00,
  0x00,0x00,0x00,0x00,0x00,0x00,0x00,0x00,0x00,0x00,0x00,0x00,0x00,0x00,0x00,0x00,
  0x00,0x00,0x00,0x00,0x00,0x00,0x00,0x00,0x00,0x00,0x00,0x00,0x00,0x00,0x00,0x00,
  0x00,0x00,0x00,0x00,0x00,0x00,0x00,0x00,0x00,0x00,0x00,0x00,0x00,0x0F,0x66,0x9E,
  0xFD,0xFF,0xFF,0xFF,0x44,0x00,0x00,0x00,0x00,0x2C,0x6F,0xC2,0xFF,0xFF,0xFF,0xF8,
  0x00,0x00,0x00,0x00,0x00,0x00,0x00,0x83,0xFF,0xFF,0xFF,0x44,0x00,0x00,0x00,0x00,
  0x00,0x00,0x02,0xCD,0xFF,0xFF,0xF8,0x00,0x00,0x00,0x00,0x00,0x00,0x00,0x34,0xFF,
  0xFF,0xFF,0x44,0x00,0x00,0x00,0x00,0x00,0x00,0x00,0x80,0xFF,0xFF,0xF8,0x00,0x00,
  0x00,0x00,0x00,0x00,0x00,0x1E,0xFF,0xFF,0xFF,0x44,0x00,0x00,0x00,0x00,0x00,0x00,
  0x00,0x6A,0xFF,0xFF,0xF8,0x00,0x00,0x00,0x00,0x00,0x00,0x00,0x1C,0xFF,0xFF,0xFF,
  0x44,0x00,0x00,0x00,0x00,0x00,0x00,0x00,0x68,0xFF,0xFF,0xF8,0x00,0x00,0x00,0x00,
  0x00,0x00,0x00,0x1C,0xFF,0xFF,0xFF,0x44,0x00,0x00,0x00,0x00,0x00,0x00,0x00,0x68,
  0xFF,0xFF,0xF8,0x00,0x00,0x00,0x00,0x00,0x00,0x00,0x1C,0xFF,0xFF,0xFF,0x44,0x00,
  0x00,0x00,0x00,0x00,0x00,0x00,0x68,0xFF,0xFF,0xF8,0x00,0x00,0x00,0x00,0x00,0x00,
  0x00,0x1C,0xFF,0xFF,0xFF,0x44,0x00,0x00,0x00,0x00,0x00,0x00,0x00,0x68,0xFF,0xFF,
  0xF8,0x00,0x00,0x00,0x00,0x00,0x00,0x00,0x1C,0xFF,0xFF,0xFF,0x44,0x00,0x00,0x00,
  0x00,0x00,0x00,0x00,0x68,0xFF,0xFF,0xF8,0x00,0x00,0x00,0x00,0x00,0x00,0x00,0x1C,
  0xFF,0xFF,0xFF,0x44,0x00,0x00,0x00,0x00,0x00,0x00,0x00,0x68,0xFF,0xFF,0xF8,0x00,
  0x00,0x00,0x00,0x00,0x00,0x00,0x1C,0xFF,0xFF,0xFF,0x44,0x00,0x00,0x00,0x00,0x00,
  0x00,0x00,0x68,0xFF,0xFF,0xF8,0x00,0x00,0x00,0x00,0x00,0x00,0x00,0x1C,0xFF,0xFF,
  0xFF,0x44,0x00,0x00,0x00,0x00,0x00,0x00,0x00,0x68,0xFF,0xFF,0xF8,0x00,0x00,0x00,
  0x00,0x00,0x00,0x00,0x1B,0xFF,0xFF,0xFF,0x44,0x00,0x00,0x00,0x00,0x00,0x00,0x00,
  0x6C,0xFF,0xFF,0xF8,0x00,0x00,0x00,0x00,0x00,0x00,0x00,0x13,0xFF,0xFF,0xFF,0x47,
  0x00,0x00,0x00,0x00,0x00,0x00,0x00,0x79,0xFF,0xFF,0xF8,0x00,0x00,0x00,0x00,0x00,
  0x00,0x00,0x04,0xFC,0xFF,0xFF,0x50,0x00,0x00,0x00,0x00,0x00,0x00,0x00,0x96,0xFF,
  0xFF,0xF8,0x00,0x00,0x00,0x00,0x00,0x00,0x00,0x00,0xD5,0xFF,0xFF,0x66,0x00,0x00,
  0x00,0x00,0x00,0x00,0x00,0x92,0xFF,0xFF,0xF8,0x00,0x00,0x00,0x00,0x00,0x00,0x00,
  0x00,0x8D,0xFF,0xFF,0x8D,0x00,0x00,0x00,0x00,0x00,0x00,0x1D,0x82,0xFF,0xFF,0xFA,
  0x00,0x00,0x00,0x00,0x00,0x00,0x00,0x00,0x21,0xF4,0xFF,0xD2,0x00,0x00,0x00,0x00,
  0x00,0x00,0x7F,0x2F,0xFF,0xFF,0xFF,0x0F,0x00,0x00,0x00,0x00,0x00,0x00,0x00,0x00,
  0x51,0xF7,0xFF,0x62,0x00,0x00,0x00,0x00,0x65,0x3D,0x28,0xFF,0xFF,0xFF,0x5D,0x00,
  0x00,0x00,0x00,0x00,0x00,0x00,0x00,0x00,0x23,0x93,0xD5,0xA9,0x7B,0x6D,0x70,0x26,
  0x00,0x28,0xFF,0xFF,0xFF,0xF9,0x98,0x69,0x02,0x23,0xBC,0xBC,0xBC,0xBC,0xBC,0xBC,
  0xBC,0xBC,0xBC,0xBC,0xBC,0xBC,0xBC,0xBC,0xBC,0xBC,0xBC,0xBC,0xBC,0xBC,0xBC,0xBC,
  0xBC,0xBC,0xBC,0xBC,0xBC,0xBC,0xBC,0xBC,0xBC,0xBC,0xBC,0xBC,0xBC,0xBC,0x23,0x00,
  0x00,0x00,0x00,0x00,0x2D,0x00,0x00,0x00,0x50,0x72,0x2D,0x00,0x03,0x8F,0x40,0x00,
  0x00,0x00,0x90,0x6A,0x00,0x00,0x00,0x31,0xFE,0x2B,0x00,0x00,0x00,0x9D,0xFF,0x4B,
  0x00,0x00,0x00,0xDF,0xFF,0xE6,0x52,0x00,0x00,0xF5,0xFF,0xFF,0xFF,0xA5,0x00,0xDD,
  0xFF,0xFF,0xFF,0xFF,0x13,0x90,0xFF,0xFF,0xFF,0xF4,0x05,0x0D,0x9F,0xF0,0xDF,0x52,
  0x00,0x00,0x52,0xDE,0xEF,0x9F,0x0E,0x05,0xF5,0xFF,0xFF,0xFF,0x9C,0x14,0xFF,0xFF,
  0xFF,0xFF,0xE6,0x00,0xA5,0xFF,0xFF,0xFF,0xF6,0x00,0x00,0x52,0xE6,0xFF,0xDD,0x00,
  0x00,0x00,0x4C,0xFF,0x9B,0x00,0x00,0x00,0x2C,0xFD,0x2F,0x00,0x00,0x00,0x69,0x8C,
  0x00,0x00,0x00,0x3B,0x8B,0x02,0x00,0x2C,0x6F,0x4F,0x00,0x00,0x00,0x2E,0x00,0x00,
  0x00,0x00,0x00,0x00,0x00,0x00,0x00,0x00,0x2D,0x00,0x00,0x00,0x00,0x00,0x00,0x22,
  0x0A,0x00,0x00,0x00,0x50,0x72,0x2D,0x00,0x00,0x00,0x00,0x36,0x76,0x42,0x00,0x00,
  0x03,0x8F,0x40,0x00,0x00,0x00,0x00,0x00,0x6F,0x64,0x00,0x00,0x00,0x00,0x90,0x6A,
  0x00,0x00,0x00,0x00,0x00,0x5C,0x9D,0x00,0x00,0x00,0x00,0x31,0xFE,0x2B,0x00,0x00,
  0x00,0x00,0x0E,0xED,0x5F,0x00,0x00,0x00,0x00,0x9D,0xFF,0x4B,0x00,0x00,0x00,0x00,
  0x69,0xFF,0x7D,0x00,0x00,0x00,0x00,0xDF,0xFF,0xE6,0x52,0x00,0x00,0x00,0xAB,0xFF,
  0xF5,0x70,0x03,0x00,0x00,0xF5,0xFF,0xFF,0xFF,0xA5,0x00,0x00,0xC1,0xFF,0xFF,0xFF,
  0xCD,0x0C,0x00,0xDD,0xFF,0xFF,0xFF,0xFF,0x13,0x00,0xA9,0xFF,0xFF,0xFF,0xFF,0x47,
  0x00,0x90,0xFF,0xFF,0xFF,0xF4,0x05,0x00,0x5C,0xFF,0xFF,0xFF,0xFF,0x2E,0x00,0x0D,
  0x9F,0xF0,0xDF,0x52,0x00,0x00,0x01,0x80,0xE8,0xEB,0x79,0x00,0x00,0x00,0x52,0xDE,
  0xEF,0x9F,0x0E,0x00,0x00,0x32,0xCE,0xF3,0xB8,0x21,0x00,0x05,0xF5,0xFF,0xFF,0xFF,
  0x9C,0x00,0x00,0xC6,0xFF,0xFF,0xFF,0xD0,0x00,0x14,0xFF,0xFF,0xFF,0xFF,0xE6,0x00,
  0x00,0xE0,0xFF,0xFF,0xFF,0xFF,0x1A,0x00,0xA5,0xFF,0xFF,0xFF,0xF6,0x00,0x00,0x74,
  0xFD,0xFF,0xFF,0xFF,0x2A,0x00,0x00,0x52,0xE6,0xFF,0xDD,0x00,0x00,0x00,0x35,0xD0,
  0xFF,0xFF,0x12,0x00,0x00,0x00,0x4C,0xFF,0x9B,0x00,0x00,0x00,0x00,0x18,0xFF,0xCF,
  0x00,0x00,0x00,0x00,0x2C,0xFD,0x2F,0x00,0x00,0x00,0x00,0x00,0xF7,0x61,0x00,0x00,
  0x00,0x00,0x69,0x8C,0x00,0x00,0x00,0x00,0x00,0x35,0xBE,0x01,0x00,0x00,0x00,0x3B,
  0x8B,0x02,0x00,0x00,0x00,0x00,0x21,0x97,0x10,0x00,0x00,0x2C,0x6F,0x4F,0x00,0x00,
  0x00,0x00,0x1A,0x67,0x62,0x04,0x00,0x00,0x00,0x2E,0x00,0x00,0x00,0x00,0x00,0x00,
  0x2A,0x03,0x00,0x00,0x00,0x00,0x00,0x00,0x00,0x18,0x62,0x7A,0x64,0x1B,0x00,0x00,
  0x00,0x4E,0xF5,0xFF,0xFF,0xFF,0xF7,0x55,0x00,0x0E,0xEE,0xFF,0xFF,0xFF,0xFF,0xFF,
  0xF2,0x12,0x57,0xFF,0xFF,0xFF,0xFF,0xFF,0xFF,0xFF,0x5F,0x84,0xFF,0xFF,0xFF,0xFF,
  0xFF,0xFF,0xFF,0x8B,0x94,0xFF,0xFF,0xFF,0xFF,0xFF,0xFF,0xFF,0x9B,0x8E,0xFF,0xFF,
  0xFF,0xFF,0xFF,0xFF,0xFF,0x96,0x72,0xFF,0xFF,0xFF,0xFF,0xFF,0xFF,0xFF,0x79,0x32,
  0xFF,0xFF,0xFF,0xFF,0xFF,0xFF,0xFF,0x3A,0x00,0xB5,0xFF,0xFF,0xFF,0xFF,0xFF,0xBC,
  0x00,0x00,0x0B,0x8F,0xE3,0xFB,0xE5,0x94,0x0E,0x00,0x2F,0xDB,0xEE,0x66,0x00,0x00,
  0x00,0x00,0x00,0x00,0x09,0xB9,0xF3,0xA6,0x01,0x00,0x00,0x00,0x00,0x00,0x00,0x7F,
  0xF1,0xCE,0x1F,0xA8,0xFF,0xFF,0xF1,0x01,0x00,0x00,0x00,0x00,0x00,0x5C,0xFF,0xFF,
  0xFF,0x3F,0x00,0x00,0x00,0x00,0x00,0x13,0xFC,0xFF,0xFF,0x8B,0xC5,0xFF,0xFF,0xFF,
  0x10,0x00,0x00,0x00,0x00,0x00,0x79,0xFF,0xFF,0xFF,0x5C,0x00,0x00,0x00,0x00,0x00,
  0x2D,0xFF,0xFF,0xFF,0xA8,0xA8,0xFF,0xFF,0xF1,0x01,0x00,0x00,0x00,0x00,0x00,0x5C,
  0xFF,0xFF,0xFF,0x3F,0x00,0x00,0x00,0x00,0x00,0x13,0xFC,0xFF,0xFF,0x8B,0x30,0xDB,
  0xEE,0x66,0x00,0x00,0x00,0x00,0x00,0x00,0x09,0xB9,0xF4,0xA6,0x01,0x00,0x00,0x00,
  0x00,0x00,0x00,0x7F,0xF1,0xCF,0x1F,0x00,0x00,0x00,0x00,0x00,0x00,0x00,0x0A,0x68,
  0x94,0x64,0x55,0x73,0xC4,0xBC,0x70,0x0E,0x00,0x00,0x00,0x00,0x00,0x00,0x00,0x00,
  0x4B,0xE5,0xAF,0x0B,0x00,0x00,0x00,0x10,0xE0,0xFF,0xE6,0x35,0x00,0x00,0x00,0x00,
  0x00,0x00,0x55,0xFB,0xE8,0x0E,0x00,0x00,0x00,0x00,0x00,0x73,0xFF,0xFF,0xDE,0x00,
  0x00,0x00,0x00,0x00,0x1E,0xF1,0xFF,0x80,0x00,0x00,0x00,0x00,0x00,0x00,0x34,0xFF,
  0xFF,0xFE,0x08,0x00,0x00,0x00,0x00,0x9F,0xFF,0xFF,0x2E,0x00,0x00,0x00,0x00,0x00,
  0x00,0x17,0xFF,0xFF,0xAE,0x00,0x00,0x00,0x00,0x13,0xF7,0xFF,0xF2,0x02,0x00,0x00,
  0x00,0x00,0x00,0x00,0x07,0x6B,0x41,0x02,0x00,0x00,0x00,0x00,0x5B,0xFF,0xFF,0xC8,
  0x00,0x00,0x00,0x00,0x00,0x00,0x00,0x00,0x00,0x00,0x00,0x00,0x00,0x00,0x00,0x9A,
  0xFF,0xFF,0xA8,0x00,0x00,0x00,0x00,0x00,0x00,0x00,0x00,0x00,0x00,0x00,0x00,0x00,
  0x00,0x00,0xC7,0xFF,0xFF,0x90,0x00,0x00,0x00,0x00,0x00,0x00,0x00,0x00,0x00,0x00,
  0x00,0x00,0x00,0x00,0x00,0xE6,0xFF,0xFF,0x7F,0x00,0x00,0x00,0x00,0x00,0x00,0x00,
  0x00,0x00,0x00,0x00,0x00,0x2E,0x58,0x5C,0xFE,0xFF,0xFF,0xA4,0x58,0x58,0x58,0x58,
  0x58,0x58,0x58,0x04,0x00,0x00,0x00,0x00,0x00,0x00,0x12,0xFF,0xFF,0xFF,0x6D,0x00,
  0x00,0x00,0x00,0x00,0x00,0x00,0x00,0x00,0x00,0x00,0x00,0x00,0x00,0x14,0xFF,0xFF,
  0xFF,0x6C,0x00,0x00,0x00,0x00,0x00,0x00,0x00,0x00,0x00,0x00,0x00,0x00,0x00,0x00,
  0x12,0xFF,0xFF,0xFF,0x6C,0x00,0x00,0x00,0x00,0x00,0x00,0x00,0x00,0x00,0x00,0x00,
  0x00,0x00,0x00,0x0B,0xFF,0xFF,0xFF,0x6E,0x00,0x00,0x00,0x00,0x00,0x00,0x00,0x00,
  0x00,0x00,0x00,0x00,0x2E,0x58,0x58,0xFB,0xFF,0xFF,0xA4,0x58,0x58,0x58,0x58,0x58,
  0x35,0x00,0x00,0x00,0x00,0x00,0x00,0x00,0x00,0x00,0xD9,0xFF,0xFF,0x86,0x00,0x00,
  0x00,0x00,0x00,0x00,0x00,0x00,0x00,0x00,0x00,0x00,0x00,0x00,0x00,0xB2,0xFF,0xFF,
  0x9D,0x00,0x00,0x00,0x00,0x00,0x00,0x00,0x00,0x00,0x00,0x00,0x00,0x00,0x00,0x00,
  0x7A,0xFF,0xFF,0xBD,0x00,0x00,0x00,0x00,0x00,0x00,0x00,0x00,0x00,0x00,0x00,0x00,
  0x00,0x00,0x00,0x30,0xFF,0xFF,0xEB,0x00,0x00,0x00,0x00,0x00,0x00,0x00,0x00,0x00,
  0x00,0x00,0x00,0x00,0x00,0x00,0x00,0xCF,0xFF,0xFF,0x24,0x00,0x00,0x00,0x00,0x00,
  0x00,0x00,0x00,0x00,0x00,0x00,0x00,0x00,0x00,0x00,0x56,0xFF,0xFF,0x72,0x00,0x00,
  0x00,0x00,0x00,0x00,0x00,0x00,0x00,0x04,0x00,0x00,0x00,0x00,0x00,0x00,0xB3,0xFF,
  0xDA,0x03,0x00,0x00,0x00,0x00,0x00,0x00,0x00,0x01,0xB0,0x00,0x00,0x00,0x00,0x00,
  0x00,0x14,0xCF,0xFF,0x73,0x00,0x00,0x00,0x00,0x00,0x00,0x00,0x4A,0xB1,0x00,0x00,
  0x00,0x00,0x00,0x00,0x00,0x0F,0xA9,0xFB,0x67,0x00,0x00,0x00,0x00,0x00,0x21,0xC3,
  0x25,0x00,0x00,0x00,0x00,0x00,0x00,0x00,0x00,0x00,0x36,0x90,0xA2,0x6B,0x5B,0x5C,
  0x69,0x75,0x10,0x00,0x00,0x86,0xBB,0xB8,0xB8,0xB8,0xB8,0xB8,0xB8,0xB8,0xB8,0xB8,
  0xB8,0xB8,0xB8,0xCB,0x29,0x9C,0x1C,0x00,0x00,0x00,0x00,0x00,0x00,0x00,0x00,0x00,
  0x00,0x00,0x00,0x8C,0x30,0x9C,0x1C,0x00,0x00,0x00,0x00,0x00,0x00,0x00,0x00,0x00,
  0x00,0x00,0x00,0x8C,0x30,0x9C,0x1C,0x00,0x00,0x00,0x00,0x00,0x00,0x00,0x00,0x00,
  0x00,0x00,0x00,0x8C,0x30,0x9C,0x1C,0x00,0x00,0x00,0x00,0x00,0x00,0x00,0x00,0x00,
  0x00,0x00,0x00,0x8C,0x30,0x9C,0x1C,0x00,0x00,0x00,0x00,0x00,0x00,0x00,0x00,0x00,
  0x00,0x00,0x00,0x8C,0x30,0x9C,0x1C,0x00,0x00,0x00,0x00,0x00,0x00,0x00,0x00,0x00,
  0x00,0x00,0x00,0x8C,0x30,0x9C,0x1C,0x00,0x00,0x00,0x00,0x00,0x00,0x00,0x00,0x00,
  0x00,0x00,0x00,0x8C,0x30,0x9C,0x1C,0x00,0x00,0x00,0x00,0x00,0x00,0x00,0x00,0x00,
  0x00,0x00,0x00,0x8C,0x30,0x9C,0x1C,0x00,0x00,0x00,0x00,0x00,0x00,0x00,0x00,0x00,
  0x00,0x00,0x00,0x8C,0x30,0x9C,0x1C,0x00,0x00,0x00,0x00,0x00,0x00,0x00,0x00,0x00,
  0x00,0x00,0x00,0x8C,0x30,0x9C,0x1C,0x00,0x00,0x00,0x00,0x00,0x00,0x00,0x00,0x00,
  0x00,0x00,0x00,0x8C,0x30,0x9C,0x1C,0x00,0x00,0x00,0x00,0x00,0x00,0x00,0x00,0x00,
  0x00,0x00,0x00,0x8C,0x30,0x9C,0x1C,0x00,0x00,0x00,0x00,0x00,0x00,0x00,0x00,0x00,
  0x00,0x00,0x00,0x8C,0x30,0x9C,0x1C,0x00,0x00,0x00,0x00,0x00,0x00,0x00,0x00,0x00,
  0x00,0x00,0x00,0x8C,0x30,0x9C,0x1C,0x00,0x00,0x00,0x00,0x00,0x00,0x00,0x00,0x00,
  0x00,0x00,0x00,0x8C,0x30,0x9C,0x1C,0x00,0x00,0x00,0x00,0x00,0x00,0x00,0x00,0x00,
  0x00,0x00,0x00,0x8C,0x30,0x9C,0x1C,0x00,0x00,0x00,0x00,0x00,0x00,0x00,0x00,0x00,
  0x00,0x00,0x00,0x8C,0x30,0x9C,0x1C,0x00,0x00,0x00,0x00,0x00,0x00,0x00,0x00,0x00,
  0x00,0x00,0x00,0x8C,0x30,0x9C,0x1C,0x00,0x00,0x00,0x00,0x00,0x00,0x00,0x00,0x00,
  0x00,0x00,0x00,0x8C,0x30,0x9C,0x1C,0x00,0x00,0x00,0x00,0x00,0x00,0x00,0x00,0x00,
  0x00,0x00,0x00,0x8C,0x30,0x9C,0x1C,0x00,0x00,0x00,0x00,0x00,0x00,0x00,0x00,0x00,
  0x00,0x00,0x00,0x8C,0x30,0x9C,0x1C,0x00,0x00,0x00,0x00,0x00,0x00,0x00,0x00,0x00,
  0x00,0x00,0x00,0x8C,0x30,0x9C,0x1C,0x00,0x00,0x00,0x00,0x00,0x00,0x00,0x00,0x00,
  0x00,0x00,0x00,0x8C,0x30,0x9C,0x1C,0x00,0x00,0x00,0x00,0x00,0x00,0x00,0x00,0x00,
  0x00,0x00,0x00,0x8C,0x30,0x86,0xBB,0xB8,0xB8,0xB8,0xB8,0xB8,0xB8,0xB8,0xB8,0xB8,
  0xB8,0xB8,0xB8,0xCB,0x29,0x86,0xBB,0xB8,0xB8,0xB8,0xB8,0xB8,0xB8,0xB8,0xB8,0xB8,
  0xB8,0xB8,0xB8,0xCB,0x29,0x9C,0x1C,0x00,0x00,0x00,0x00,0x00,0x00,0x00,0x00,0x00,
  0x00,0x00,0x00,0x8C,0x30,0x9C,0x1C,0x00,0x00,0x00,0x00,0x00,0x00,0x00,0x00,0x00,
  0x00,0x00,0x00,0x8C,0x30,0x9C,0x1C,0x00,0x00,0x00,0x00,0x00,0x00,0x00,0x00,0x00,
  0x00,0x00,0x00,0x8C,0x30,0x9C,0x1C,0x00,0x00,0x00,0x00,0x00,0x00,0x00,0x00,0x00,
  0x00,0x00,0x00,0x8C,0x30,0x9C,0x1C,0x00,0x00,0x00,0x00,0x00,0x00,0x00,0x00,0x00,
  0x00,0x00,0x00,0x8C,0x30,0x9C,0x1C,0x00,0x00,0x00,0x00,0x00,0x00,0x00,0x00,0x00,
  0x00,0x00,0x00,0x8C,0x30,0x9C,0x1C,0x00,0x00,0x00,0x00,0x00,0x00,0x00,0x00,0x00,
  0x00,0x00,0x00,0x8C,0x30,0x9C,0x1C,0x00,0x00,0x00,0x00,0x00,0x00,0x00,0x00,0x00,
  0x00,0x00,0x00,0x8C,0x30,0x9C,0x1C,0x00,0x00,0x00,0x00,0x00,0x00,0x00,0x00,0x00,
  0x00,0x00,0x00,0x8C,0x30,0x9C,0x1C,0x00,0x00,0x00,0x00,0x00,0x00,0x00,0x00,0x00,
  0x00,0x00,0x00,0x8C,0x30,0x9C,0x1C,0x00,0x00,0x00,0x00,0x00,0x00,0x00,0x00,0x00,
  0x00,0x00,0x00,0x8C,0x30,0x9C,0x1C,0x00,0x00,0x00,0x00,0x00,0x00,0x00,0x00,0x00,
  0x00,0x00,0x00,0x8C,0x30,0x9C,0x1C,0x00,0x00,0x00,0x00,0x00,0x00,0x00,0x00,0x00,
  0x00,0x00,0x00,0x8C,0x30,0x9C,0x1C,0x00,0x00,0x00,0x00,0x00,0x00,0x00,0x00,0x00,
  0x00,0x00,0x00,0x8C,0x30,0x9C,0x1C,0x00,0x00,0x00,0x00,0x00,0x00,0x00,0x00,0x00,
  0x00,0x00,0x00,0x8C,0x30,0x9C,0x1C,0x00,0x00,0x00,0x00,0x00,0x00,0x00,0x00,0x00,
  0x00,0x00,0x00,0x8C,0x30,0x9C,0x1C,0x00,0x00,0x00,0x00,0x00,0x00,0x00,0x00,0x00,
  0x00,0x00,0x00,0x8C,0x30,0x9C,0x1C,0x00,0x00,0x00,0x00,0x00,0x00,0x00,0x00,0x00,
  0x00,0x00,0x00,0x8C,0x30,0x9C,0x1C,0x00,0x00,0x00,0x00,0x00,0x00,0x00,0x00,0x00,
  0x00,0x00,0x00,0x8C,0x30,0x9C,0x1C,0x00,0x00,0x00,0x00,0x00,0x00,0x00,0x00,0x00,
  0x00,0x00,0x00,0x8C,0x30,0x9C,0x1C,0x00,0x00,0x00,0x00,0x00,0x00,0x00,0x00,0x00,
  0x00,0x00,0x00,0x8C,0x30,0x9C,0x1C,0x00,0x00,0x00,0x00,0x00,0x00,0x00,0x00,0x00,
  0x00,0x00,0x00,0x8C,0x30,0x9C,0x1C,0x00,0x00,0x00,0x00,0x00,0x00,0x00,0x00,0x00,
  0x00,0x00,0x00,0x8C,0x30,0x9C,0x1C,0x00,0x00,0x00,0x00,0x00,0x00,0x00,0x00,0x00,
  0x00,0x00,0x00,0x8C,0x30,0x86,0xBB,0xB8,0xB8,0xB8,0xB8,0xB8,0xB8,0xB8,0xB8,0xB8,
  0xB8,0xB8,0xB8,0xCB,0x29,0x86,0xBB,0xB8,0xB8,0xB8,0xB8,0xB8,0xB8,0xB8,0xB8,0xB8,
  0xB8,0xB8,0xB8,0xCB,0x29,0x9C,0x1C,0x00,0x00,0x00,0x00,0x00,0x00,0x00,0x00,0x00,
  0x00,0x00,0x00,0x8C,0x30,0x9C,0x1C,0x00,0x00,0x00,0x00,0x00,0x00,0x00,0x00,0x00,
  0x00,0x00,0x00,0x8C,0x30,0x9C,0x1C,0x00,0x00,0x00,0x00,0x00,0x00,0x00,0x00,0x00,
  0x00,0x00,0x00,0x8C,0x30,0x9C,0x1C,0x00,0x00,0x00,0x00,0x00,0x00,0x00,0x00,0x00,
  0x00,0x00,0x00,0x8C,0x30,0x9C,0x1C,0x00,0x00,0x00,0x00,0x00,0x00,0x00,0x00,0x00,
  0x00,0x00,0x00,0x8C,0x30,0x9C,0x1C,0x00,0x00,0x00,0x00,0x00,0x00,0x00,0x00,0x00,
  0x00,0x00,0x00,0x8C,0x30,0x9C,0x1C,0x00,0x00,0x00,0x00,0x00,0x00,0x00,0x00,0x00,
  0x00,0x00,0x00,0x8C,0x30,0x9C,0x1C,0x00,0x00,0x00,0x00,0x00,0x00,0x00,0x00,0x00,
  0x00,0x00,0x00,0x8C,0x30,0x9C,0x1C,0x00,0x00,0x00,0x00,0x00,0x00,0x00,0x00,0x00,
  0x00,0x00,0x00,0x8C,0x30,0x9C,0x1C,0x00,0x00,0x00,0x00,0x00,0x00,0x00,0x00,0x00,
  0x00,0x00,0x00,0x8C,0x30,0x9C,0x1C,0x00,0x00,0x00,0x00,0x00,0x00,0x00,0x00,0x00,
  0x00,0x00,0x00,0x8C,0x30,0x9C,0x1C,0x00,0x00,0x00,0x00,0x00,0x00,0x00,0x00,0x00,
  0x00,0x00,0x00,0x8C,0x30,0x9C,0x1C,0x00,0x00,0x00,0x00,0x00,0x00,0x00,0x00,0x00,
  0x00,0x00,0x00,0x8C,0x30,0x9C,0x1C,0x00,0x00,0x00,0x00,0x00,0x00,0x00,0x00,0x00,
  0x00,0x00,0x00,0x8C,0x30,0x9C,0x1C,0x00,0x00,0x00,0x00,0x00,0x00,0x00,0x00,0x00,
  0x00,0x00,0x00,0x8C,0x30,0x9C,0x1C,0x00,0x00,0x00,0x00,0x00,0x00,0x00,0x00,0x00,
  0x00,0x00,0x00,0x8C,0x30,0x9C,0x1C,0x00,0x00,0x00,0x00,0x00,0x00,0x00,0x00,0x00,
  0x00,0x00,0x00,0x8C,0x30,0x9C,0x1C,0x00,0x00,0x00,0x00,0x00,0x00,0x00,0x00,0x00,
  0x00,0x00,0x00,0x8C,0x30,0x9C,0x1C,0x00,0x00,0x00,0x00,0x00,0x00,0x00,0x00,0x00,
  0x00,0x00,0x00,0x8C,0x30,0x9C,0x1C,0x00,0x00,0x00,0x00,0x00,0x00,0x00,0x00,0x00,
  0x00,0x00,0x00,0x8C,0x30,0x9C,0x1C,0x00,0x00,0x00,0x00,0x00,0x00,0x00,0x00,0x00,
  0x00,0x00,0x00,0x8C,0x30,0x9C,0x1C,0x00,0x00,0x00,0x00,0x00,0x00,0x00,0x00,0x00,
  0x00,0x00,0x00,0x8C,0x30,0x9C,0x1C,0x00,0x00,0x00,0x00,0x00,0x00,0x00,0x00,0x00,
  0x00,0x00,0x00,0x8C,0x30,0x9C,0x1C,0x00,0x00,0x00,0x00,0x00,0x00,0x00,0x00,0x00,
  0x00,0x00,0x00,0x8C,0x30,0x86,0xBB,0xB8,0xB8,0xB8,0xB8,0xB8,0xB8,0xB8,0xB8,0xB8,
  0xB8,0xB8,0xB8,0xCB,0x29,0x86,0xBB,0xB8,0xB8,0xB8,0xB8,0xB8,0xB8,0xB8,0xB8,0xB8,
  0xB8,0xB8,0xB8,0xCB,0x29,0x9C,0x1C,0x00,0x00,0x00,0x00,0x00,0x00,0x00,0x00,0x00,
  0x00,0x00,0x00,0x8C,0x30,0x9C,0x1C,0x00,0x00,0x00,0x00,0x00,0x00,0x00,0x00,0x00,
  0x00,0x00,0x00,0x8C,0x30,0x9C,0x1C,0x00,0x00,0x00,0x00,0x00,0x00,0x00,0x00,0x00,
  0x00,0x00,0x00,0x8C,0x30,0x9C,0x1C,0x00,0x00,0x00,0x00,0x00,0x00,0x00,0x00,0x00,
  0x00,0x00,0x00,0x8C,0x30,0x9C,0x1C,0x00,0x00,0x00,0x00,0x00,0x00,0x00,0x00,0x00,
  0x00,0x00,0x00,0x8C,0x30,0x9C,0x1C,0x00,0x00,0x00,0x00,0x00,0x00,0x00,0x00,0x00,
  0x00,0x00,0x00,0x8C,0x30,0x9C,0x1C,0x00,0x00,0x00,0x00,0x00,0x00,0x00,0x00,0x00,
  0x00,0x00,0x00,0x8C,0x30,0x9C,0x1C,0x00,0x00,0x00,0x00,0x00,0x00,0x00,0x00,0x00,
  0x00,0x00,0x00,0x8C,0x30,0x9C,0x1C,0x00,0x00,0x00,0x00,0x00,0x00,0x00,0x00,0x00,
  0x00,0x00,0x00,0x8C,0x30,0x9C,0x1C,0x00,0x00,0x00,0x00,0x00,0x00,0x00,0x00,0x00,
  0x00,0x00,0x00,0x8C,0x30,0x9C,0x1C,0x00,0x00,0x00,0x00,0x00,0x00,0x00,0x00,0x00,
  0x00,0x00,0x00,0x8C,0x30,0x9C,0x1C,0x00,0x00,0x00,0x00,0x00,0x00,0x00,0x00,0x00,
  0x00,0x00,0x00,0x8C,0x30,0x9C,0x1C,0x00,0x00,0x00,0x00,0x00,0x00,0x00,0x00,0x00,
  0x00,0x00,0x00,0x8C,0x30,0x9C,0x1C,0x00,0x00,0x00,0x00,0x00,0x00,0x00,0x00,0x00,
  0x00,0x00,0x00,0x8C,0x30,0x9C,0x1C,0x00,0x00,0x00,0x00,0x00,0x00,0x00,0x00,0x00,
  0x00,0x00,0x00,0x8C,0x30,0x9C,0x1C,0x00,0x00,0x00,0x00,0x00,0x00,0x00,0x00,0x00,
  0x00,0x00,0x00,0x8C,0x30,0x9C,0x1C,0x00,0x00,0x00,0x00,0x00,0x00,0x00,0x00,0x00,
  0x00,0x00,0x00,0x8C,0x30,0x9C,0x1C,0x00,0x00,0x00,0x00,0x00,0x00,0x00,0x00,0x00,
  0x00,0x00,0x00,0x8C,0x30,0x9C,0x1C,0x00,0x00,0x00,0x00,0x00,0x00,0x00,0x00,0x00,
  0x00,0x00,0x00,0x8C,0x30,0x9C,0x1C,0x00,0x00,0x00,0x00,0x00,0x00,0x00,0x00,0x00,
  0x00,0x00,0x00,0x8C,0x30,0x9C,0x1C,0x00,0x00,0x00,0x00,0x00,0x00,0x00,0x00,0x00,
  0x00,0x00,0x00,0x8C,0x30,0x9C,0x1C,0x00,0x00,0x00,0x00,0x00,0x00,0x00,0x00,0x00,
  0x00,0x00,0x00,0x8C,0x30,0x9C,0x1C,0x00,0x00,0x00,0x00,0x00,0x00,0x00,0x00,0x00,
  0x00,0x00,0x00,0x8C,0x30,0x9C,0x1C,0x00,0x00,0x00,0x00,0x00,0x00,0x00,0x00,0x00,
  0x00,0x00,0x00,0x8C,0x30,0x86,0xBB,0xB8,0xB8,0xB8,0xB8,0xB8,0xB8,0xB8,0xB8,0xB8,
  0xB8,0xB8,0xB8,0xCB,0x29,0x86,0xBB,0xB8,0xB8,0xB8,0xB8,0xB8,0xB8,0xB8,0xB8,0xB8,
  0xB8,0xB8,0xB8,0xCB,0x29,0x9C,0x1C,0x00,0x00,0x00,0x00,0x00,0x00,0x00,0x00,0x00,
  0x00,0x00,0x00,0x8C,0x30,0x9C,0x1C,0x00,0x00,0x00,0x00,0x00,0x00,0x00,0x00,0x00,
  0x00,0x00,0x00,0x8C,0x30,0x9C,0x1C,0x00,0x00,0x00,0x00,0x00,0x00,0x00,0x00,0x00,
  0x00,0x00,0x00,0x8C,0x30,0x9C,0x1C,0x00,0x00,0x00,0x00,0x00,0x00,0x00,0x00,0x00,
  0x00,0x00,0x00,0x8C,0x30,0x9C,0x1C,0x00,0x00,0x00,0x00,0x00,0x00,0x00,0x00,0x00,
  0x00,0x00,0x00,0x8C,0x30,0x9C,0x1C,0x00,0x00,0x00,0x00,0x00,0x00,0x00,0x00,0x00,
  0x00,0x00,0x00,0x8C,0x30,0x9C,0x1C,0x00,0x00,0x00,0x00,0x00,0x00,0x00,0x00,0x00,
  0x00,0x00,0x00,0x8C,0x30,0x9C,0x1C,0x00,0x00,0x00,0x00,0x00,0x00,0x00,0x00,0x00,
  0x00,0x00,0x00,0x8C,0x30,0x9C,0x1C,0x00,0x00,0x00,0x00,0x00,0x00,0x00,0x00,0x00,
  0x00,0x00,0x00,0x8C,0x30,0x9C,0x1C,0x00,0x00,0x00,0x00,0x00,0x00,0x00,0x00,0x00,
  0x00,0x00,0x00,0x8C,0x30,0x9C,0x1C,0x00,0x00,0x00,0x00,0x00,0x00,0x00,0x00,0x00,
  0x00,0x00,0x00,0x8C,0x30,0x9C,0x1C,0x00,0x00,0x00,0x00,0x00,0x00,0x00,0x00,0x00,
  0x00,0x00,0x00,0x8C,0x30,0x9C,0x1C,0x00,0x00,0x00,0x00,0x00,0x00,0x00,0x00,0x00,
  0x00,0x00,0x00,0x8C,0x30,0x9C,0x1C,0x00,0x00,0x00,0x00,0x00,0x00,0x00,0x00,0x00,
  0x00,0x00,0x00,0x8C,0x30,0x9C,0x1C,0x00,0x00,0x00,0x00,0x00,0x00,0x00,0x00,0x00,
  0x00,0x00,0x00,0x8C,0x30,0x9C,0x1C,0x00,0x00,0x00,0x00,0x00,0x00,0x00,0x00,0x00,
  0x00,0x00,0x00,0x8C,0x30,0x9C,0x1C,0x00,0x00,0x00,0x00,0x00,0x00,0x00,0x00,0x00,
  0x00,0x00,0x00,0x8C,0x30,0x9C,0x1C,0x00,0x00,0x00,0x00,0x00,0x00,0x00,0x00,0x00,
  0x00,0x00,0x00,0x8C,0x30,0x9C,0x1C,0x00,0x00,0x00,0x00,0x00,0x00,0x00,0x00,0x00,
  0x00,0x00,0x00,0x8C,0x30,0x9C,0x1C,0x00,0x00,0x00,0x00,0x00,0x00,0x00,0x00,0x00,
  0x00,0x00,0x00,0x8C,0x30,0x9C,0x1C,0x00,0x00,0x00,0x00,0x00,0x00,0x00,0x00,0x00,
  0x00,0x00,0x00,0x8C,0x30,0x9C,0x1C,0x00,0x00,0x00,0x00,0x00,0x00,0x00,0x00,0x00,
  0x00,0x00,0x00,0x8C,0x30,0x9C,0x1C,0x00,0x00,0x00,0x00,0x00,0x00,0x00,0x00,0x00,
  0x00,0x00,0x00,0x8C,0x30,0x9C,0x1C,0x00,0x00,0x00,0x00,0x00,0x00,0x00,0x00,0x00,
  0x00,0x00,0x00,0x8C,0x30,0x86,0xBB,0xB8,0xB8,0xB8,0xB8,0xB8,0xB8,0xB8,0xB8,0xB8,
  0xB8,0xB8,0xB8,0xCB,0x29,0x86,0xBB,0xB8,0xB8,0xB8,0xB8,0xB8,0xB8,0xB8,0xB8,0xB8,
  0xB8,0xB8,0xB8,0xCB,0x29,0x9C,0x1C,0x00,0x00,0x00,0x00,0x00,0x00,0x00,0x00,0x00,
  0x00,0x00,0x00,0x8C,0x30,0x9C,0x1C,0x00,0x00,0x00,0x00,0x00,0x00,0x00,0x00,0x00,
  0x00,0x00,0x00,0x8C,0x30,0x9C,0x1C,0x00,0x00,0x00,0x00,0x00,0x00,0x00,0x00,0x00,
  0x00,0x00,0x00,0x8C,0x30,0x9C,0x1C,0x00,0x00,0x00,0x00,0x00,0x00,0x00,0x00,0x00,
  0x00,0x00,0x00,0x8C,0x30,0x9C,0x1C,0x00,0x00,0x00,0x00,0x00,0x00,0x00,0x00,0x00,
  0x00,0x00,0x00,0x8C,0x30,0x9C,0x1C,0x00,0x00,0x00,0x00,0x00,0x00,0x00,0x00,0x00,
  0x00,0x00,0x00,0x8C,0x30,0x9C,0x1C,0x00,0x00,0x00,0x00,0x00,0x00,0x00,0x00,0x00,
  0x00,0x00,0x00,0x8C,0x30,0x9C,0x1C,0x00,0x00,0x00,0x00,0x00,0x00,0x00,0x00,0x00,
  0x00,0x00,0x00,0x8C,0x30,0x9C,0x1C,0x00,0x00,0x00,0x00,0x00,0x00,0x00,0x00,0x00,
  0x00,0x00,0x00,0x8C,0x30,0x9C,0x1C,0x00,0x00,0x00,0x00,0x00,0x00,0x00,0x00,0x00,
  0x00,0x00,0x00,0x8C,0x30,0x9C,0x1C,0x00,0x00,0x00,0x00,0x00,0x00,0x00,0x00,0x00,
  0x00,0x00,0x00,0x8C,0x30,0x9C,0x1C,0x00,0x00,0x00,0x00,0x00,0x00,0x00,0x00,0x00,
  0x00,0x00,0x00,0x8C,0x30,0x9C,0x1C,0x00,0x00,0x00,0x00,0x00,0x00,0x00,0x00,0x00,
  0x00,0x00,0x00,0x8C,0x30,0x9C,0x1C,0x00,0x00,0x00,0x00,0x00,0x00,0x00,0x00,0x00,
  0x00,0x00,0x00,0x8C,0x30,0x9C,0x1C,0x00,0x00,0x00,0x00,0x00,0x00,0x00,0x00,0x00,
  0x00,0x00,0x00,0x8C,0x30,0x9C,0x1C,0x00,0x00,0x00,0x00,0x00,0x00,0x00,0x00,0x00,
  0x00,0x00,0x00,0x8C,0x30,0x9C,0x1C,0x00,0x00,0x00,0x00,0x00,0x00,0x00,0x00,0x00,
  0x00,0x00,0x00,0x8C,0x30,0x9C,0x1C,0x00,0x00,0x00,0x00,0x00,0x00,0x00,0x00,0x00,
  0x00,0x00,0x00,0x8C,0x30,0x9C,0x1C,0x00,0x00,0x00,0x00,0x00,0x00,0x00,0x00,0x00,
  0x00,0x00,0x00,0x8C,0x30,0x9C,0x1C,0x00,0x00,0x00,0x00,0x00,0x00,0x00,0x00,0x00,
  0x00,0x00,0x00,0x8C,0x30,0x9C,0x1C,0x00,0x00,0x00,0x00,0x00,0x00,0x00,0x00,0x00,
  0x00,0x00,0x00,0x8C,0x30,0x9C,0x1C,0x00,0x00,0x00,0x00,0x00,0x00,0x00,0x00,0x00,
  0x00,0x00,0x00,0x8C,0x30,0x9C,0x1C,0x00,0x00,0x00,0x00,0x00,0x00,0x00,0x00,0x00,
  0x00,0x00,0x00,0x8C,0x30,0x9C,0x1C,0x00,0x00,0x00,0x00,0x00,0x00,0x00,0x00,0x00,
  0x00,0x00,0x00,0x8C,0x30,0x86,0xBB,0xB8,0xB8,0xB8,0xB8,0xB8,0xB8,0xB8,0xB8,0xB8,
  0xB8,0xB8,0xB8,0xCB,0x29,
};
