// Generado por tools/mkfont.py — no editar a mano.
// NotoSans-Medium.ttf a 19px, 134 glifos, 19664 bytes.
#pragma once
#include <pgmspace.h>

static const uint8_t FONT_BODY_M[] PROGMEM = {
  0x00,0x00,0x00,0x86,0x00,0x00,0x00,0x0B,0x00,0x00,0x00,0x13,0x00,0x00,0x00,0x00,
  0x00,0x00,0x00,0x15,0x00,0x00,0x00,0x06,0x00,0x00,0x00,0x20,0x00,0x00,0x00,0x00,
  0x00,0x00,0x00,0x00,0x00,0x00,0x00,0x05,0x00,0x00,0x00,0x00,0x00,0x00,0x00,0x00,
  0x00,0x00,0x00,0x00,0x00,0x00,0x00,0x21,0x00,0x00,0x00,0x0E,0x00,0x00,0x00,0x03,
  0x00,0x00,0x00,0x05,0x00,0x00,0x00,0x0E,0x00,0x00,0x00,0x01,0x00,0x00,0x00,0x00,
  0x00,0x00,0x00,0x22,0x00,0x00,0x00,0x05,0x00,0x00,0x00,0x06,0x00,0x00,0x00,0x08,
  0x00,0x00,0x00,0x0E,0x00,0x00,0x00,0x01,0x00,0x00,0x00,0x00,0x00,0x00,0x00,0x23,
  0x00,0x00,0x00,0x0E,0x00,0x00,0x00,0x0C,0x00,0x00,0x00,0x0C,0x00,0x00,0x00,0x0E,
  0x00,0x00,0x00,0x00,0x00,0x00,0x00,0x00,0x00,0x00,0x00,0x24,0x00,0x00,0x00,0x10,
  0x00,0x00,0x00,0x09,0x00,0x00,0x00,0x0B,0x00,0x00,0x00,0x0F,0x00,0x00,0x00,0x01,
  0x00,0x00,0x00,0x00,0x00,0x00,0x00,0x25,0x00,0x00,0x00,0x0E,0x00,0x00,0x00,0x10,
  0x00,0x00,0x00,0x10,0x00,0x00,0x00,0x0E,0x00,0x00,0x00,0x00,0x00,0x00,0x00,0x00,
  0x00,0x00,0x00,0x26,0x00,0x00,0x00,0x0E,0x00,0x00,0x00,0x0E,0x00,0x00,0x00,0x0E,
  0x00,0x00,0x00,0x0E,0x00,0x00,0x00,0x00,0x00,0x00,0x00,0x00,0x00,0x00,0x00,0x27,
  0x00,0x00,0x00,0x05,0x00,0x00,0x00,0x03,0x00,0x00,0x00,0x04,0x00,0x00,0x00,0x0E,
  0x00,0x00,0x00,0x01,0x00,0x00,0x00,0x00,0x00,0x00,0x00,0x28,0x00,0x00,0x00,0x11,
  0x00,0x00,0x00,0x06,0x00,0x00,0x00,0x06,0x00,0x00,0x00,0x0E,0x00,0x00,0x00,0x00,
  0x00,0x00,0x00,0x00,0x00,0x00,0x00,0x29,0x00,0x00,0x00,0x11,0x00,0x00,0x00,0x06,
  0x00,0x00,0x00,0x06,0x00,0x00,0x00,0x0E,0x00,0x00,0x00,0x00,0x00,0x00,0x00,0x00,
  0x00,0x00,0x00,0x2A,0x00,0x00,0x00,0x0A,0x00,0x00,0x00,0x0A,0x00,0x00,0x00,0x0A,
  0x00,0x00,0x00,0x0F,0x00,0x00,0x00,0x00,0x00,0x00,0x00,0x00,0x00,0x00,0x00,0x2B,
  0x00,0x00,0x00,0x0A,0x00,0x00,0x00,0x0A,0x00,0x00,0x00,0x0B,0x00,0x00,0x00,0x0C,
  0x00,0x00,0x00,0x00,0x00,0x00,0x00,0x00,0x00,0x00,0x00,0x2C,0x00,0x00,0x00,0x05,
  0x00,0x00,0x00,0x04,0x00,0x00,0x00,0x05,0x00,0x00,0x00,0x02,0x00,0x00,0x00,0x00,
  0x00,0x00,0x00,0x00,0x00,0x00,0x00,0x2D,0x00,0x00,0x00,0x02,0x00,0x00,0x00,0x06,
  0x00,0x00,0x00,0x06,0x00,0x00,0x00,0x06,0x00,0x00,0x00,0x00,0x00,0x00,0x00,0x00,
  0x00,0x00,0x00,0x2E,0x00,0x00,0x00,0x03,0x00,0x00,0x00,0x03,0x00,0x00,0x00,0x05,
  0x00,0x00,0x00,0x03,0x00,0x00,0x00,0x01,0x00,0x00,0x00,0x00,0x00,0x00,0x00,0x2F,
  0x00,0x00,0x00,0x0E,0x00,0x00,0x00,0x08,0x00,0x00,0x00,0x07,0x00,0x00,0x00,0x0E,
  0x00,0x00,0x00,0x00,0x00,0x00,0x00,0x00,0x00,0x00,0x00,0x30,0x00,0x00,0x00,0x0E,
  0x00,0x00,0x00,0x0A,0x00,0x00,0x00,0x0B,0x00,0x00,0x00,0x0E,0x00,0x00,0x00,0x00,
  0x00,0x00,0x00,0x00,0x00,0x00,0x00,0x31,0x00,0x00,0x00,0x0E,0x00,0x00,0x00,0x07,
  0x00,0x00,0x00,0x0B,0x00,0x00,0x00,0x0E,0x00,0x00,0x00,0x01,0x00,0x00,0x00,0x00,
  0x00,0x00,0x00,0x32,0x00,0x00,0x00,0x0E,0x00,0x00,0x00,0x0A,0x00,0x00,0x00,0x0B,
  0x00,0x00,0x00,0x0E,0x00,0x00,0x00,0x00,0x00,0x00,0x00,0x00,0x00,0x00,0x00,0x33,
  0x00,0x00,0x00,0x0E,0x00,0x00,0x00,0x0A,0x00,0x00,0x00,0x0B,0x00,0x00,0x00,0x0E,
  0x00,0x00,0x00,0x00,0x00,0x00,0x00,0x00,0x00,0x00,0x00,0x34,0x00,0x00,0x00,0x0E,
  0x00,0x00,0x00,0x0B,0x00,0x00,0x00,0x0B,0x00,0x00,0x00,0x0E,0x00,0x00,0x00,0x00,
  0x00,0x00,0x00,0x00,0x00,0x00,0x00,0x35,0x00,0x00,0x00,0x0E,0x00,0x00,0x00,0x09,
  0x00,0x00,0x00,0x0B,0x00,0x00,0x00,0x0E,0x00,0x00,0x00,0x01,0x00,0x00,0x00,0x00,
  0x00,0x00,0x00,0x36,0x00,0x00,0x00,0x0E,0x00,0x00,0x00,0x0B,0x00,0x00,0x00,0x0B,
  0x00,0x00,0x00,0x0E,0x00,0x00,0x00,0x00,0x00,0x00,0x00,0x00,0x00,0x00,0x00,0x37,
  0x00,0x00,0x00,0x0E,0x00,0x00,0x00,0x0B,0x00,0x00,0x00,0x0B,0x00,0x00,0x00,0x0E,
  0x00,0x00,0x00,0x00,0x00,0x00,0x00,0x00,0x00,0x00,0x00,0x38,0x00,0x00,0x00,0x0E,
  0x00,0x00,0x00,0x0A,0x00,0x00,0x00,0x0B,0x00,0x00,0x00,0x0E,0x00,0x00,0x00,0x00,
  0x00,0x00,0x00,0x00,0x00,0x00,0x00,0x39,0x00,0x00,0x00,0x0E,0x00,0x00,0x00,0x0A,
  0x00,0x00,0x00,0x0B,0x00,0x00,0x00,0x0E,0x00,0x00,0x00,0x00,0x00,0x00,0x00,0x00,
  0x00,0x00,0x00,0x3A,0x00,0x00,0x00,0x0B,0x00,0x00,0x00,0x03,0x00,0x00,0x00,0x05,
  0x00,0x00,0x00,0x0B,0x00,0x00,0x00,0x01,0x00,0x00,0x00,0x00,0x00,0x00,0x00,0x3B,
  0x00,0x00,0x00,0x0E,0x00,0x00,0x00,0x04,0x00,0x00,0x00,0x05,0x00,0x00,0x00,0x0B,
  0x00,0x00,0x00,0x00,0x00,0x00,0x00,0x00,0x00,0x00,0x00,0x3C,0x00,0x00,0x00,0x0A,
  0x00,0x00,0x00,0x0A,0x00,0x00,0x00,0x0B,0x00,0x00,0x00,0x0C,0x00,0x00,0x00,0x00,
  0x00,0x00,0x00,0x00,0x00,0x00,0x00,0x3D,0x00,0x00,0x00,0x06,0x00,0x00,0x00,0x0A,
  0x00,0x00,0x00,0x0B,0x00,0x00,0x00,0x0A,0x00,0x00,0x00,0x00,0x00,0x00,0x00,0x00,
  0x00,0x00,0x00,0x3E,0x00,0x00,0x00,0x0A,0x00,0x00,0x00,0x0A,0x00,0x00,0x00,0x0B,
  0x00,0x00,0x00,0x0C,0x00,0x00,0x00,0x00,0x00,0x00,0x00,0x00,0x00,0x00,0x00,0x3F,
  0x00,0x00,0x00,0x0E,0x00,0x00,0x00,0x08,0x00,0x00,0x00,0x08,0x00,0x00,0x00,0x0E,
  0x00,0x00,0x00,0x00,0x00,0x00,0x00,0x00,0x00,0x00,0x00,0x40,0x00,0x00,0x00,0x10,
  0x00,0x00,0x00,0x0F,0x00,0x00,0x00,0x11,0x00,0x00,0x00,0x0E,0x00,0x00,0x00,0x01,
  0x00,0x00,0x00,0x00,0x00,0x00,0x00,0x41,0x00,0x00,0x00,0x0E,0x00,0x00,0x00,0x0D,
  0x00,0x00,0x00,0x0C,0x00,0x00,0x00,0x0E,0x00,0x00,0x00,0x00,0x00,0x00,0x00,0x00,
  0x00,0x00,0x00,0x42,0x00,0x00,0x00,0x0E,0x00,0x00,0x00,0x0B,0x00,0x00,0x00,0x0C,
  0x00,0x00,0x00,0x0E,0x00,0x00,0x00,0x01,0x00,0x00,0x00,0x00,0x00,0x00,0x00,0x43,
  0x00,0x00,0x00,0x0E,0x00,0x00,0x00,0x0B,0x00,0x00,0x00,0x0C,0x00,0x00,0x00,0x0E,
  0x00,0x00,0x00,0x01,0x00,0x00,0x00,0x00,0x00,0x00,0x00,0x44,0x00,0x00,0x00,0x0E,
  0x00,0x00,0x00,0x0C,0x00,0x00,0x00,0x0E,0x00,0x00,0x00,0x0E,0x00,0x00,0x00,0x01,
  0x00,0x00,0x00,0x00,0x00,0x00,0x00,0x45,0x00,0x00,0x00,0x0E,0x00,0x00,0x00,0x09,
  0x00,0x00,0x00,0x0B,0x00,0x00,0x00,0x0E,0x00,0x00,0x00,0x01,0x00,0x00,0x00,0x00,
  0x00,0x00,0x00,0x46,0x00,0x00,0x00,0x0E,0x00,0x00,0x00,0x09,0x00,0x00,0x00,0x0A,
  0x00,0x00,0x00,0x0E,0x00,0x00,0x00,0x01,0x00,0x00,0x00,0x00,0x00,0x00,0x00,0x47,
  0x00,0x00,0x00,0x0E,0x00,0x00,0x00,0x0C,0x00,0x00,0x00,0x0E,0x00,0x00,0x00,0x0E,
  0x00,0x00,0x00,0x01,0x00,0x00,0x00,0x00,0x00,0x00,0x00,0x48,0x00,0x00,0x00,0x0E,
  0x00,0x00,0x00,0x0C,0x00,0x00,0x00,0x0E,0x00,0x00,0x00,0x0E,0x00,0x00,0x00,0x01,
  0x00,0x00,0x00,0x00,0x00,0x00,0x00,0x49,0x00,0x00,0x00,0x0E,0x00,0x00,0x00,0x06,
  0x00,0x00,0x00,0x07,0x00,0x00,0x00,0x0E,0x00,0x00,0x00,0x00,0x00,0x00,0x00,0x00,
  0x00,0x00,0x00,0x4A,0x00,0x00,0x00,0x12,0x00,0x00,0x00,0x06,0x00,0x00,0x00,0x06,
  0x00,0x00,0x00,0x0E,0xFF,0xFF,0xFF,0xFE,0x00,0x00,0x00,0x00,0x00,0x00,0x00,0x4B,
  0x00,0x00,0x00,0x0E,0x00,0x00,0x00,0x0B,0x00,0x00,0x00,0x0C,0x00,0x00,0x00,0x0E,
  0x00,0x00,0x00,0x01,0x00,0x00,0x00,0x00,0x00,0x00,0x00,0x4C,0x00,0x00,0x00,0x0E,
  0x00,0x00,0x00,0x09,0x00,0x00,0x00,0x0A,0x00,0x00,0x00,0x0E,0x00,0x00,0x00,0x01,
  0x00,0x00,0x00,0x00,0x00,0x00,0x00,0x4D,0x00,0x00,0x00,0x0E,0x00,0x00,0x00,0x0F,
  0x00,0x00,0x00,0x11,0x00,0x00,0x00,0x0E,0x00,0x00,0x00,0x01,0x00,0x00,0x00,0x00,
  0x00,0x00,0x00,0x4E,0x00,0x00,0x00,0x0E,0x00,0x00,0x00,0x0C,0x00,0x00,0x00,0x0F,
  0x00,0x00,0x00,0x0E,0x00,0x00,0x00,0x01,0x00,0x00,0x00,0x00,0x00,0x00,0x00,0x4F,
  0x00,0x00,0x00,0x0E,0x00,0x00,0x00,0x0D,0x00,0x00,0x00,0x0F,0x00,0x00,0x00,0x0E,
  0x00,0x00,0x00,0x01,0x00,0x00,0x00,0x00,0x00,0x00,0x00,0x50,0x00,0x00,0x00,0x0E,
  0x00,0x00,0x00,0x0A,0x00,0x00,0x00,0x0C,0x00,0x00,0x00,0x0E,0x00,0x00,0x00,0x01,
  0x00,0x00,0x00,0x00,0x00,0x00,0x00,0x51,0x00,0x00,0x00,0x11,0x00,0x00,0x00,0x0D,
  0x00,0x00,0x00,0x0F,0x00,0x00,0x00,0x0E,0x00,0x00,0x00,0x01,0x00,0x00,0x00,0x00,
  0x00,0x00,0x00,0x52,0x00,0x00,0x00,0x0E,0x00,0x00,0x00,0x0B,0x00,0x00,0x00,0x0C,
  0x00,0x00,0x00,0x0E,0x00,0x00,0x00,0x01,0x00,0x00,0x00,0x00,0x00,0x00,0x00,0x53,
  0x00,0x00,0x00,0x0E,0x00,0x00,0x00,0x0A,0x00,0x00,0x00,0x0A,0x00,0x00,0x00,0x0E,
  0x00,0x00,0x00,0x00,0x00,0x00,0x00,0x00,0x00,0x00,0x00,0x54,0x00,0x00,0x00,0x0E,
  0x00,0x00,0x00,0x0B,0x00,0x00,0x00,0x0B,0x00,0x00,0x00,0x0E,0x00,0x00,0x00,0x00,
  0x00,0x00,0x00,0x00,0x00,0x00,0x00,0x55,0x00,0x00,0x00,0x0E,0x00,0x00,0x00,0x0C,
  0x00,0x00,0x00,0x0E,0x00,0x00,0x00,0x0E,0x00,0x00,0x00,0x01,0x00,0x00,0x00,0x00,
  0x00,0x00,0x00,0x56,0x00,0x00,0x00,0x0E,0x00,0x00,0x00,0x0C,0x00,0x00,0x00,0x0C,
  0x00,0x00,0x00,0x0E,0x00,0x00,0x00,0x00,0x00,0x00,0x00,0x00,0x00,0x00,0x00,0x57,
  0x00,0x00,0x00,0x0E,0x00,0x00,0x00,0x12,0x00,0x00,0x00,0x12,0x00,0x00,0x00,0x0E,
  0x00,0x00,0x00,0x00,0x00,0x00,0x00,0x00,0x00,0x00,0x00,0x58,0x00,0x00,0x00,0x0E,
  0x00,0x00,0x00,0x0C,0x00,0x00,0x00,0x0C,0x00,0x00,0x00,0x0E,0x00,0x00,0x00,0x00,
  0x00,0x00,0x00,0x00,0x00,0x00,0x00,0x59,0x00,0x00,0x00,0x0E,0x00,0x00,0x00,0x0C,
  0x00,0x00,0x00,0x0B,0x00,0x00,0x00,0x0E,0x00,0x00,0x00,0x00,0x00,0x00,0x00,0x00,
  0x00,0x00,0x00,0x5A,0x00,0x00,0x00,0x0E,0x00,0x00,0x00,0x0B,0x00,0x00,0x00,0x0B,
  0x00,0x00,0x00,0x0E,0x00,0x00,0x00,0x00,0x00,0x00,0x00,0x00,0x00,0x00,0x00,0x5B,
  0x00,0x00,0x00,0x12,0x00,0x00,0x00,0x05,0x00,0x00,0x00,0x06,0x00,0x00,0x00,0x0E,
  0x00,0x00,0x00,0x01,0x00,0x00,0x00,0x00,0x00,0x00,0x00,0x5C,0x00,0x00,0x00,0x0E,
  0x00,0x00,0x00,0x08,0x00,0x00,0x00,0x07,0x00,0x00,0x00,0x0E,0x00,0x00,0x00,0x00,
  0x00,0x00,0x00,0x00,0x00,0x00,0x00,0x5D,0x00,0x00,0x00,0x12,0x00,0x00,0x00,0x05,
  0x00,0x00,0x00,0x06,0x00,0x00,0x00,0x0E,0x00,0x00,0x00,0x00,0x00,0x00,0x00,0x00,
  0x00,0x00,0x00,0x5E,0x00,0x00,0x00,0x09,0x00,0x00,0x00,0x0B,0x00,0x00,0x00,0x0B,
  0x00,0x00,0x00,0x0E,0x00,0x00,0x00,0x00,0x00,0x00,0x00,0x00,0x00,0x00,0x00,0x5F,
  0x00,0x00,0x00,0x02,0x00,0x00,0x00,0x0A,0x00,0x00,0x00,0x08,0xFF,0xFF,0xFF,0xFF,
  0xFF,0xFF,0xFF,0xFF,0x00,0x00,0x00,0x00,0x00,0x00,0x00,0x60,0x00,0x00,0x00,0x03,
  0x00,0x00,0x00,0x06,0x00,0x00,0x00,0x06,0x00,0x00,0x00,0x0F,0x00,0x00,0x00,0x00,
  0x00,0x00,0x00,0x00,0x00,0x00,0x00,0x61,0x00,0x00,0x00,0x0B,0x00,0x00,0x00,0x0A,
  0x00,0x00,0x00,0x0B,0x00,0x00,0x00,0x0B,0x00,0x00,0x00,0x00,0x00,0x00,0x00,0x00,
  0x00,0x00,0x00,0x62,0x00,0x00,0x00,0x0F,0x00,0x00,0x00,0x0A,0x00,0x00,0x00,0x0C,
  0x00,0x00,0x00,0x0F,0x00,0x00,0x00,0x01,0x00,0x00,0x00,0x00,0x00,0x00,0x00,0x63,
  0x00,0x00,0x00,0x0B,0x00,0x00,0x00,0x08,0x00,0x00,0x00,0x09,0x00,0x00,0x00,0x0B,
  0x00,0x00,0x00,0x01,0x00,0x00,0x00,0x00,0x00,0x00,0x00,0x64,0x00,0x00,0x00,0x0F,
  0x00,0x00,0x00,0x0B,0x00,0x00,0x00,0x0C,0x00,0x00,0x00,0x0F,0x00,0x00,0x00,0x00,
  0x00,0x00,0x00,0x00,0x00,0x00,0x00,0x65,0x00,0x00,0x00,0x0B,0x00,0x00,0x00,0x09,
  0x00,0x00,0x00,0x0B,0x00,0x00,0x00,0x0B,0x00,0x00,0x00,0x01,0x00,0x00,0x00,0x00,
  0x00,0x00,0x00,0x66,0x00,0x00,0x00,0x0F,0x00,0x00,0x00,0x08,0x00,0x00,0x00,0x07,
  0x00,0x00,0x00,0x0F,0x00,0x00,0x00,0x00,0x00,0x00,0x00,0x00,0x00,0x00,0x00,0x67,
  0x00,0x00,0x00,0x10,0x00,0x00,0x00,0x0B,0x00,0x00,0x00,0x0C,0x00,0x00,0x00,0x0B,
  0x00,0x00,0x00,0x00,0x00,0x00,0x00,0x00,0x00,0x00,0x00,0x68,0x00,0x00,0x00,0x0F,
  0x00,0x00,0x00,0x0A,0x00,0x00,0x00,0x0C,0x00,0x00,0x00,0x0F,0x00,0x00,0x00,0x01,
  0x00,0x00,0x00,0x00,0x00,0x00,0x00,0x69,0x00,0x00,0x00,0x0F,0x00,0x00,0x00,0x03,
  0x00,0x00,0x00,0x05,0x00,0x00,0x00,0x0F,0x00,0x00,0x00,0x01,0x00,0x00,0x00,0x00,
  0x00,0x00,0x00,0x6A,0x00,0x00,0x00,0x14,0x00,0x00,0x00,0x06,0x00,0x00,0x00,0x05,
  0x00,0x00,0x00,0x0F,0xFF,0xFF,0xFF,0xFE,0x00,0x00,0x00,0x00,0x00,0x00,0x00,0x6B,
  0x00,0x00,0x00,0x0F,0x00,0x00,0x00,0x0A,0x00,0x00,0x00,0x0B,0x00,0x00,0x00,0x0F,
  0x00,0x00,0x00,0x01,0x00,0x00,0x00,0x00,0x00,0x00,0x00,0x6C,0x00,0x00,0x00,0x0F,
  0x00,0x00,0x00,0x03,0x00,0x00,0x00,0x05,0x00,0x00,0x00,0x0F,0x00,0x00,0x00,0x01,
  0x00,0x00,0x00,0x00,0x00,0x00,0x00,0x6D,0x00,0x00,0x00,0x0B,0x00,0x00,0x00,0x10,
  0x00,0x00,0x00,0x12,0x00,0x00,0x00,0x0B,0x00,0x00,0x00,0x01,0x00,0x00,0x00,0x00,
  0x00,0x00,0x00,0x6E,0x00,0x00,0x00,0x0B,0x00,0x00,0x00,0x0A,0x00,0x00,0x00,0x0C,
  0x00,0x00,0x00,0x0B,0x00,0x00,0x00,0x01,0x00,0x00,0x00,0x00,0x00,0x00,0x00,0x6F,
  0x00,0x00,0x00,0x0B,0x00,0x00,0x00,0x0A,0x00,0x00,0x00,0x0C,0x00,0x00,0x00,0x0B,
  0x00,0x00,0x00,0x01,0x00,0x00,0x00,0x00,0x00,0x00,0x00,0x70,0x00,0x00,0x00,0x10,
  0x00,0x00,0x00,0x0A,0x00,0x00,0x00,0x0C,0x00,0x00,0x00,0x0B,0x00,0x00,0x00,0x01,
  0x00,0x00,0x00,0x00,0x00,0x00,0x00,0x71,0x00,0x00,0x00,0x10,0x00,0x00,0x00,0x0B,
  0x00,0x00,0x00,0x0C,0x00,0x00,0x00,0x0B,0x00,0x00,0x00,0x00,0x00,0x00,0x00,0x00,
  0x00,0x00,0x00,0x72,0x00,0x00,0x00,0x0B,0x00,0x00,0x00,0x07,0x00,0x00,0x00,0x08,
  0x00,0x00,0x00,0x0B,0x00,0x00,0x00,0x01,0x00,0x00,0x00,0x00,0x00,0x00,0x00,0x73,
  0x00,0x00,0x00,0x0B,0x00,0x00,0x00,0x09,0x00,0x00,0x00,0x09,0x00,0x00,0x00,0x0B,
  0x00,0x00,0x00,0x00,0x00,0x00,0x00,0x00,0x00,0x00,0x00,0x74,0x00,0x00,0x00,0x0E,
  0x00,0x00,0x00,0x07,0x00,0x00,0x00,0x07,0x00,0x00,0x00,0x0E,0x00,0x00,0x00,0x00,
  0x00,0x00,0x00,0x00,0x00,0x00,0x00,0x75,0x00,0x00,0x00,0x0B,0x00,0x00,0x00,0x0A,
  0x00,0x00,0x00,0x0C,0x00,0x00,0x00,0x0B,0x00,0x00,0x00,0x01,0x00,0x00,0x00,0x00,
  0x00,0x00,0x00,0x76,0x00,0x00,0x00,0x0B,0x00,0x00,0x00,0x0A,0x00,0x00,0x00,0x0A,
  0x00,0x00,0x00,0x0B,0x00,0x00,0x00,0x00,0x00,0x00,0x00,0x00,0x00,0x00,0x00,0x77,
  0x00,0x00,0x00,0x0B,0x00,0x00,0x00,0x10,0x00,0x00,0x00,0x0F,0x00,0x00,0x00,0x0B,
  0x00,0x00,0x00,0x00,0x00,0x00,0x00,0x00,0x00,0x00,0x00,0x78,0x00,0x00,0x00,0x0B,
  0x00,0x00,0x00,0x0A,0x00,0x00,0x00,0x0A,0x00,0x00,0x00,0x0B,0x00,0x00,0x00,0x00,
  0x00,0x00,0x00,0x00,0x00,0x00,0x00,0x79,0x00,0x00,0x00,0x10,0x00,0x00,0x00,0x0A,
  0x00,0x00,0x00,0x0A,0x00,0x00,0x00,0x0B,0x00,0x00,0x00,0x00,0x00,0x00,0x00,0x00,
  0x00,0x00,0x00,0x7A,0x00,0x00,0x00,0x0B,0x00,0x00,0x00,0x09,0x00,0x00,0x00,0x09,
  0x00,0x00,0x00,0x0B,0x00,0x00,0x00,0x00,0x00,0x00,0x00,0x00,0x00,0x00,0x00,0x7B,
  0x00,0x00,0x00,0x12,0x00,0x00,0x00,0x07,0x00,0x00,0x00,0x07,0x00,0x00,0x00,0x0E,
  0x00,0x00,0x00,0x00,0x00,0x00,0x00,0x00,0x00,0x00,0x00,0x7C,0x00,0x00,0x00,0x14,
  0x00,0x00,0x00,0x03,0x00,0x00,0x00,0x0A,0x00,0x00,0x00,0x0F,0x00,0x00,0x00,0x04,
  0x00,0x00,0x00,0x00,0x00,0x00,0x00,0x7D,0x00,0x00,0x00,0x12,0x00,0x00,0x00,0x07,
  0x00,0x00,0x00,0x07,0x00,0x00,0x00,0x0E,0x00,0x00,0x00,0x00,0x00,0x00,0x00,0x00,
  0x00,0x00,0x00,0x7E,0x00,0x00,0x00,0x03,0x00,0x00,0x00,0x0A,0x00,0x00,0x00,0x0B,
  0x00,0x00,0x00,0x09,0x00,0x00,0x00,0x00,0x00,0x00,0x00,0x00,0x00,0x00,0x00,0xA1,
  0x00,0x00,0x00,0x0F,0x00,0x00,0x00,0x03,0x00,0x00,0x00,0x05,0x00,0x00,0x00,0x0B,
  0x00,0x00,0x00,0x01,0x00,0x00,0x00,0x00,0x00,0x00,0x00,0xAA,0x00,0x00,0x00,0x06,
  0x00,0x00,0x00,0x07,0x00,0x00,0x00,0x07,0x00,0x00,0x00,0x0E,0x00,0x00,0x00,0x00,
  0x00,0x00,0x00,0x00,0x00,0x00,0x00,0xAB,0x00,0x00,0x00,0x09,0x00,0x00,0x00,0x0A,
  0x00,0x00,0x00,0x0A,0x00,0x00,0x00,0x0A,0x00,0x00,0x00,0x00,0x00,0x00,0x00,0x00,
  0x00,0x00,0x00,0xB0,0x00,0x00,0x00,0x07,0x00,0x00,0x00,0x08,0x00,0x00,0x00,0x08,
  0x00,0x00,0x00,0x0F,0x00,0x00,0x00,0x00,0x00,0x00,0x00,0x00,0x00,0x00,0x00,0xB1,
  0x00,0x00,0x00,0x0C,0x00,0x00,0x00,0x0A,0x00,0x00,0x00,0x0B,0x00,0x00,0x00,0x0C,
  0x00,0x00,0x00,0x00,0x00,0x00,0x00,0x00,0x00,0x00,0x00,0xB7,0x00,0x00,0x00,0x03,
  0x00,0x00,0x00,0x03,0x00,0x00,0x00,0x05,0x00,0x00,0x00,0x09,0x00,0x00,0x00,0x01,
  0x00,0x00,0x00,0x00,0x00,0x00,0x00,0xBA,0x00,0x00,0x00,0x06,0x00,0x00,0x00,0x07,
  0x00,0x00,0x00,0x07,0x00,0x00,0x00,0x0E,0x00,0x00,0x00,0x00,0x00,0x00,0x00,0x00,
  0x00,0x00,0x00,0xBB,0x00,0x00,0x00,0x09,0x00,0x00,0x00,0x0A,0x00,0x00,0x00,0x0A,
  0x00,0x00,0x00,0x0A,0x00,0x00,0x00,0x00,0x00,0x00,0x00,0x00,0x00,0x00,0x00,0xBF,
  0x00,0x00,0x00,0x0E,0x00,0x00,0x00,0x09,0x00,0x00,0x00,0x08,0x00,0x00,0x00,0x0A,
  0x00,0x00,0x00,0x00,0x00,0x00,0x00,0x00,0x00,0x00,0x00,0xC1,0x00,0x00,0x00,0x12,
  0x00,0x00,0x00,0x0D,0x00,0x00,0x00,0x0C,0x00,0x00,0x00,0x12,0x00,0x00,0x00,0x00,
  0x00,0x00,0x00,0x00,0x00,0x00,0x00,0xC9,0x00,0x00,0x00,0x12,0x00,0x00,0x00,0x09,
  0x00,0x00,0x00,0x0B,0x00,0x00,0x00,0x12,0x00,0x00,0x00,0x01,0x00,0x00,0x00,0x00,
  0x00,0x00,0x00,0xCD,0x00,0x00,0x00,0x12,0x00,0x00,0x00,0x07,0x00,0x00,0x00,0x07,
  0x00,0x00,0x00,0x12,0x00,0x00,0x00,0x00,0x00,0x00,0x00,0x00,0x00,0x00,0x00,0xD1,
  0x00,0x00,0x00,0x12,0x00,0x00,0x00,0x0C,0x00,0x00,0x00,0x0F,0x00,0x00,0x00,0x12,
  0x00,0x00,0x00,0x01,0x00,0x00,0x00,0x00,0x00,0x00,0x00,0xD3,0x00,0x00,0x00,0x12,
  0x00,0x00,0x00,0x0D,0x00,0x00,0x00,0x0F,0x00,0x00,0x00,0x12,0x00,0x00,0x00,0x01,
  0x00,0x00,0x00,0x00,0x00,0x00,0x00,0xD7,0x00,0x00,0x00,0x09,0x00,0x00,0x00,0x09,
  0x00,0x00,0x00,0x0B,0x00,0x00,0x00,0x0B,0x00,0x00,0x00,0x01,0x00,0x00,0x00,0x00,
  0x00,0x00,0x00,0xDA,0x00,0x00,0x00,0x12,0x00,0x00,0x00,0x0C,0x00,0x00,0x00,0x0E,
  0x00,0x00,0x00,0x12,0x00,0x00,0x00,0x01,0x00,0x00,0x00,0x00,0x00,0x00,0x00,0xDC,
  0x00,0x00,0x00,0x12,0x00,0x00,0x00,0x0C,0x00,0x00,0x00,0x0E,0x00,0x00,0x00,0x12,
  0x00,0x00,0x00,0x01,0x00,0x00,0x00,0x00,0x00,0x00,0x00,0xE1,0x00,0x00,0x00,0x0F,
  0x00,0x00,0x00,0x0A,0x00,0x00,0x00,0x0B,0x00,0x00,0x00,0x0F,0x00,0x00,0x00,0x00,
  0x00,0x00,0x00,0x00,0x00,0x00,0x00,0xE9,0x00,0x00,0x00,0x0F,0x00,0x00,0x00,0x09,
  0x00,0x00,0x00,0x0B,0x00,0x00,0x00,0x0F,0x00,0x00,0x00,0x01,0x00,0x00,0x00,0x00,
  0x00,0x00,0x00,0xED,0x00,0x00,0x00,0x0F,0x00,0x00,0x00,0x05,0x00,0x00,0x00,0x05,
  0x00,0x00,0x00,0x0F,0x00,0x00,0x00,0x01,0x00,0x00,0x00,0x00,0x00,0x00,0x00,0xF1,
  0x00,0x00,0x00,0x0F,0x00,0x00,0x00,0x0A,0x00,0x00,0x00,0x0C,0x00,0x00,0x00,0x0F,
  0x00,0x00,0x00,0x01,0x00,0x00,0x00,0x00,0x00,0x00,0x00,0xF3,0x00,0x00,0x00,0x0F,
  0x00,0x00,0x00,0x0A,0x00,0x00,0x00,0x0C,0x00,0x00,0x00,0x0F,0x00,0x00,0x00,0x01,
  0x00,0x00,0x00,0x00,0x00,0x00,0x00,0xF7,0x00,0x00,0x00,0x0A,0x00,0x00,0x00,0x0A,
  0x00,0x00,0x00,0x0B,0x00,0x00,0x00,0x0C,0x00,0x00,0x00,0x00,0x00,0x00,0x00,0x00,
  0x00,0x00,0x00,0xFA,0x00,0x00,0x00,0x0F,0x00,0x00,0x00,0x0A,0x00,0x00,0x00,0x0C,
  0x00,0x00,0x00,0x0F,0x00,0x00,0x00,0x01,0x00,0x00,0x00,0x00,0x00,0x00,0x00,0xFC,
  0x00,0x00,0x00,0x0F,0x00,0x00,0x00,0x0A,0x00,0x00,0x00,0x0C,0x00,0x00,0x00,0x0F,
  0x00,0x00,0x00,0x01,0x00,0x00,0x00,0x00,0x00,0x00,0x20,0x14,0x00,0x00,0x00,0x02,
  0x00,0x00,0x00,0x13,0x00,0x00,0x00,0x13,0x00,0x00,0x00,0x06,0x00,0x00,0x00,0x00,
  0x00,0x00,0x00,0x00,0x00,0x00,0x20,0x18,0x00,0x00,0x00,0x05,0x00,0x00,0x00,0x04,
  0x00,0x00,0x00,0x04,0x00,0x00,0x00,0x0E,0x00,0x00,0x00,0x00,0x00,0x00,0x00,0x00,
  0x00,0x00,0x20,0x19,0x00,0x00,0x00,0x05,0x00,0x00,0x00,0x04,0x00,0x00,0x00,0x04,
  0x00,0x00,0x00,0x0E,0x00,0x00,0x00,0x00,0x00,0x00,0x00,0x00,0x00,0x00,0x20,0x1C,
  0x00,0x00,0x00,0x05,0x00,0x00,0x00,0x08,0x00,0x00,0x00,0x07,0x00,0x00,0x00,0x0E,
  0x00,0x00,0x00,0x00,0x00,0x00,0x00,0x00,0x00,0x00,0x20,0x1D,0x00,0x00,0x00,0x05,
  0x00,0x00,0x00,0x08,0x00,0x00,0x00,0x07,0x00,0x00,0x00,0x0E,0x00,0x00,0x00,0x00,
  0x00,0x00,0x00,0x00,0x00,0x00,0x20,0x22,0x00,0x00,0x00,0x05,0x00,0x00,0x00,0x05,
  0x00,0x00,0x00,0x07,0x00,0x00,0x00,0x0A,0x00,0x00,0x00,0x01,0x00,0x00,0x00,0x00,
  0x00,0x00,0x20,0x26,0x00,0x00,0x00,0x03,0x00,0x00,0x00,0x0E,0x00,0x00,0x00,0x0F,
  0x00,0x00,0x00,0x03,0x00,0x00,0x00,0x01,0x00,0x00,0x00,0x00,0x00,0x00,0x20,0xAC,
  0x00,0x00,0x00,0x0E,0x00,0x00,0x00,0x0B,0x00,0x00,0x00,0x0B,0x00,0x00,0x00,0x0E,
  0x00,0x00,0x00,0x00,0x00,0x00,0x00,0x00,0x00,0x00,0x21,0x90,0x00,0x00,0x00,0x0E,
  0x00,0x00,0x00,0x09,0x00,0x00,0x00,0x0B,0x00,0x00,0x00,0x0E,0x00,0x00,0x00,0x01,
  0x00,0x00,0x00,0x00,0x00,0x00,0x21,0x92,0x00,0x00,0x00,0x0E,0x00,0x00,0x00,0x09,
  0x00,0x00,0x00,0x0B,0x00,0x00,0x00,0x0E,0x00,0x00,0x00,0x01,0x00,0x00,0x00,0x00,
  0x00,0x00,0x25,0xCB,0x00,0x00,0x00,0x0E,0x00,0x00,0x00,0x09,0x00,0x00,0x00,0x0B,
  0x00,0x00,0x00,0x0E,0x00,0x00,0x00,0x01,0x00,0x00,0x00,0x00,0x00,0x00,0x25,0xCF,
  0x00,0x00,0x00,0x0E,0x00,0x00,0x00,0x09,0x00,0x00,0x00,0x0B,0x00,0x00,0x00,0x0E,
  0x00,0x00,0x00,0x01,0x00,0x00,0x00,0x00,0x00,0x00,0x27,0x13,0x00,0x00,0x00,0x0E,
  0x00,0x00,0x00,0x09,0x00,0x00,0x00,0x0B,0x00,0x00,0x00,0x0E,0x00,0x00,0x00,0x01,
  0x00,0x00,0x00,0x00,0x00,0x00,0x27,0x17,0x00,0x00,0x00,0x0E,0x00,0x00,0x00,0x09,
  0x00,0x00,0x00,0x0B,0x00,0x00,0x00,0x0E,0x00,0x00,0x00,0x01,0x00,0x00,0x00,0x00,
  0x8E,0xFF,0xC5,0x82,0xFF,0xB9,0x75,0xFF,0xAD,0x69,0xFF,0xA1,0x5D,0xFF,0x95,0x50,
  0xFF,0x89,0x44,0xFF,0x7D,0x37,0xFF,0x71,0x2B,0xFF,0x65,0x1E,0xFF,0x59,0x00,0x00,
  0x00,0x4B,0xCC,0x6D,0xAB,0xFF,0xDA,0x61,0xF4,0x8A,0xBB,0xFF,0x39,0x1F,0xFF,0xD5,
  0xA7,0xFF,0x26,0x0B,0xFF,0xC2,0x94,0xFF,0x13,0x00,0xF8,0xAF,0x81,0xFD,0x02,0x00,
  0xE5,0x9C,0x6E,0xED,0x00,0x00,0xD2,0x89,0x00,0x00,0x00,0x00,0x75,0xFF,0x1E,0x00,
  0x69,0xFF,0x1A,0x00,0x00,0x00,0x00,0x00,0xA5,0xED,0x00,0x00,0x99,0xE9,0x00,0x00,
  0x00,0x00,0x00,0x00,0xD5,0xBC,0x00,0x00,0xC9,0xB8,0x00,0x00,0x00,0x00,0x00,0x08,
  0xFC,0x8C,0x00,0x02,0xF5,0x88,0x00,0x00,0x00,0xD8,0xFF,0xFF,0xFF,0xFF,0xFF,0xFF,
  0xFF,0xFF,0xFF,0xCC,0x00,0x9E,0xBC,0xD7,0xFF,0xC5,0xBC,0xD7,0xFF,0xC4,0xBC,0x95,
  0x00,0x00,0x00,0x8B,0xF8,0x07,0x00,0x8C,0xF8,0x06,0x00,0x00,0x00,0x00,0x00,0xC2,
  0xC7,0x00,0x00,0xC5,0xC8,0x00,0x00,0x00,0x66,0xBC,0xBC,0xF8,0xE7,0xBC,0xBC,0xF9,
  0xE8,0xBC,0xBC,0x1D,0x8C,0xFF,0xFF,0xFF,0xFF,0xFF,0xFF,0xFF,0xFF,0xFF,0xFF,0x28,
  0x00,0x00,0x4B,0xFF,0x3C,0x00,0x51,0xFF,0x3E,0x00,0x00,0x00,0x00,0x00,0x78,0xFF,
  0x0F,0x00,0x82,0xFE,0x0F,0x00,0x00,0x00,0x00,0x00,0xA5,0xE0,0x00,0x00,0xB3,0xDC,
  0x00,0x00,0x00,0x00,0x00,0x00,0xD2,0xB2,0x00,0x00,0xE4,0xAC,0x00,0x00,0x00,0x00,
  0x00,0x00,0x00,0x30,0xFF,0x0C,0x00,0x00,0x00,0x00,0x00,0x1D,0x64,0xFF,0x4A,0x24,
  0x01,0x00,0x10,0xAD,0xFF,0xFF,0xFF,0xFF,0xFF,0xE0,0x45,0x9F,0xFF,0xE4,0xA7,0xFF,
  0x8E,0xB9,0xF8,0x26,0xE5,0xFF,0x28,0x30,0xFF,0x0C,0x00,0x0A,0x00,0xD5,0xFF,0x36,
  0x30,0xFF,0x0C,0x00,0x00,0x00,0x7C,0xFF,0xEE,0xA3,0xFF,0x0C,0x00,0x00,0x00,0x04,
  0x8C,0xFA,0xFF,0xFF,0xCD,0x66,0x07,0x00,0x00,0x00,0x1C,0x8D,0xFF,0xFF,0xFF,0xD8,
  0x1F,0x00,0x00,0x00,0x30,0xFF,0x41,0xBC,0xFF,0xAF,0x00,0x00,0x00,0x30,0xFF,0x0C,
  0x22,0xFF,0xDD,0x69,0x1F,0x00,0x30,0xFF,0x0E,0x7B,0xFF,0xB7,0xEC,0xFF,0xE5,0xD4,
  0xFF,0xF3,0xFF,0xF6,0x32,0x6D,0xBF,0xE2,0xF8,0xFF,0xD3,0x97,0x21,0x00,0x00,0x00,
  0x00,0x30,0xFF,0x0C,0x00,0x00,0x00,0x00,0x00,0x00,0x30,0xFF,0x0C,0x00,0x00,0x00,
  0x00,0x14,0xB5,0xF7,0xDF,0x54,0x00,0x00,0x00,0x00,0x44,0xFF,0x6A,0x00,0x00,0x00,
  0x00,0x99,0xFF,0xD5,0xF4,0xFA,0x1A,0x00,0x00,0x01,0xCD,0xDC,0x05,0x00,0x00,0x00,
  0x01,0xF1,0xCA,0x01,0x4D,0xFF,0x75,0x00,0x00,0x58,0xFF,0x58,0x00,0x00,0x00,0x00,
  0x14,0xFF,0x8A,0x00,0x08,0xFF,0x99,0x00,0x05,0xDC,0xCD,0x01,0x00,0x00,0x00,0x00,
  0x21,0xFF,0x80,0x00,0x00,0xFC,0xA8,0x00,0x6B,0xFF,0x45,0x00,0x00,0x00,0x00,0x00,
  0x0B,0xFF,0x95,0x00,0x14,0xFF,0x92,0x0B,0xE8,0xBC,0x41,0xD8,0xF8,0xBE,0x1D,0x00,
  0x00,0xD8,0xE2,0x1A,0x7C,0xFF,0x61,0x7E,0xFE,0x39,0xEB,0xFA,0xD0,0xFF,0xB8,0x00,
  0x00,0x6A,0xFF,0xFF,0xFF,0xE9,0x21,0xF2,0xA8,0x4A,0xFF,0x7C,0x00,0xA9,0xFE,0x1C,
  0x00,0x01,0x69,0xB3,0x9E,0x29,0x90,0xFB,0x24,0x6D,0xFF,0x39,0x00,0x63,0xFF,0x42,
  0x00,0x00,0x00,0x00,0x00,0x20,0xF9,0x96,0x00,0x7E,0xFF,0x2B,0x00,0x54,0xFF,0x55,
  0x00,0x00,0x00,0x00,0x00,0xA3,0xF4,0x18,0x00,0x6B,0xFF,0x3A,0x00,0x64,0xFF,0x42,
  0x00,0x00,0x00,0x00,0x2E,0xFD,0x83,0x00,0x00,0x43,0xFF,0x7C,0x00,0xAA,0xFE,0x1D,
  0x00,0x00,0x00,0x00,0xB6,0xEB,0x0E,0x00,0x00,0x02,0xE0,0xFA,0xD0,0xFF,0xBE,0x00,
  0x00,0x00,0x00,0x3F,0xFF,0x70,0x00,0x00,0x00,0x00,0x36,0xD3,0xF8,0xC3,0x22,0x00,
  0x00,0x00,0x00,0x58,0xCC,0xF3,0xE6,0xA2,0x1A,0x00,0x00,0x00,0x00,0x00,0x00,0x00,
  0x56,0xFF,0xFC,0xC8,0xE7,0xFF,0xCE,0x02,0x00,0x00,0x00,0x00,0x00,0x00,0xB7,0xFF,
  0x56,0x00,0x0A,0xDE,0xFF,0x27,0x00,0x00,0x00,0x00,0x00,0x00,0xC7,0xFF,0x28,0x00,
  0x00,0xC1,0xFF,0x2A,0x00,0x00,0x00,0x00,0x00,0x00,0x87,0xFF,0x87,0x00,0x48,0xFD,
  0xD5,0x03,0x00,0x00,0x00,0x00,0x00,0x00,0x0F,0xE0,0xFD,0xA4,0xFC,0xE9,0x2D,0x00,
  0x00,0x00,0x00,0x00,0x00,0x00,0x02,0x98,0xFF,0xFF,0xD5,0x1B,0x00,0x00,0x00,0x00,
  0x00,0x00,0x00,0x0A,0xB8,0xFF,0xD8,0xF0,0xFC,0x5C,0x00,0x00,0x09,0xF4,0xF9,0x11,
  0x00,0x95,0xFF,0xBD,0x0A,0x34,0xEE,0xFE,0x67,0x00,0x55,0xFF,0xB1,0x00,0x00,0xF1,
  0xFF,0x2D,0x00,0x00,0x30,0xEB,0xFF,0x76,0xD5,0xFF,0x49,0x00,0x08,0xFF,0xFF,0x1D,
  0x00,0x00,0x00,0x2C,0xE9,0xFF,0xFF,0xB0,0x00,0x00,0x00,0xDD,0xFF,0x97,0x04,0x00,
  0x00,0x2D,0xC9,0xFF,0xFF,0x8F,0x00,0x00,0x00,0x56,0xFE,0xFF,0xE7,0xC2,0xD7,0xFF,
  0xFF,0xAF,0xEA,0xFF,0x83,0x00,0x00,0x00,0x36,0xB1,0xE2,0xF9,0xE8,0xB1,0x3F,0x00,
  0x30,0xEE,0xFF,0x7E,0xBB,0xFF,0x39,0xA7,0xFF,0x26,0x94,0xFF,0x13,0x81,0xFD,0x02,
  0x6E,0xED,0x00,0x00,0x00,0x02,0xC6,0xF3,0x1B,0x00,0x00,0x70,0xFF,0x72,0x00,0x00,
  0x07,0xEB,0xED,0x07,0x00,0x00,0x5C,0xFF,0x8E,0x00,0x00,0x00,0xAD,0xFF,0x3C,0x00,
  0x00,0x00,0xE6,0xFA,0x08,0x00,0x00,0x14,0xFF,0xD3,0x00,0x00,0x00,0x28,0xFF,0xBF,
  0x00,0x00,0x00,0x37,0xFF,0xB0,0x00,0x00,0x00,0x2B,0xFF,0xBD,0x00,0x00,0x00,0x18,
  0xFF,0xD1,0x00,0x00,0x00,0x01,0xEC,0xF8,0x07,0x00,0x00,0x00,0xB4,0xFF,0x3A,0x00,
  0x00,0x00,0x66,0xFF,0x8B,0x00,0x00,0x00,0x0B,0xF0,0xEB,0x07,0x00,0x00,0x00,0x78,
  0xFF,0x6E,0x00,0x00,0x00,0x03,0xC7,0xF1,0x18,0x29,0xFA,0xB2,0x00,0x00,0x00,0x00,
  0x8A,0xFF,0x5A,0x00,0x00,0x00,0x15,0xF9,0xDB,0x01,0x00,0x00,0x00,0xAA,0xFF,0x47,
  0x00,0x00,0x00,0x58,0xFF,0x98,0x00,0x00,0x00,0x1D,0xFF,0xD3,0x00,0x00,0x00,0x00,
  0xEC,0xFE,0x05,0x00,0x00,0x00,0xD8,0xFF,0x17,0x00,0x00,0x00,0xC9,0xFF,0x26,0x00,
  0x00,0x00,0xD6,0xFF,0x19,0x00,0x00,0x00,0xEA,0xFF,0x07,0x00,0x00,0x18,0xFF,0xDB,
  0x00,0x00,0x00,0x53,0xFF,0x9F,0x00,0x00,0x00,0xA3,0xFF,0x51,0x00,0x00,0x10,0xF6,
  0xE1,0x03,0x00,0x00,0x81,0xFF,0x62,0x00,0x00,0x22,0xF7,0xB6,0x00,0x00,0x00,0x00,
  0x00,0x00,0x00,0xCB,0xFF,0x22,0x00,0x00,0x00,0x00,0x00,0x00,0x00,0xAF,0xFF,0x09,
  0x00,0x00,0x00,0x00,0x27,0x00,0x00,0x93,0xEF,0x00,0x00,0x0D,0x1A,0x18,0xFF,0xDC,
  0x90,0xA7,0xE4,0x72,0xBD,0xFA,0x84,0x2A,0xCA,0xE0,0xF7,0xFF,0xFF,0xFC,0xE9,0xD3,
  0x7A,0x00,0x00,0x00,0x44,0xFE,0xF9,0xA1,0x00,0x00,0x00,0x00,0x00,0x11,0xE4,0xD6,
  0x80,0xFF,0x59,0x00,0x00,0x00,0x00,0xA9,0xFF,0x6C,0x13,0xF4,0xF1,0x20,0x00,0x00,
  0x01,0x6B,0xDD,0x0D,0x00,0x90,0xAA,0x1D,0x00,0x00,0x00,0x00,0x03,0x00,0x00,0x03,
  0x00,0x00,0x00,0x00,0x00,0x00,0x00,0x5C,0xFF,0x30,0x00,0x00,0x00,0x00,0x00,0x00,
  0x00,0x5C,0xFF,0x30,0x00,0x00,0x00,0x00,0x00,0x00,0x00,0x5C,0xFF,0x30,0x00,0x00,
  0x00,0x00,0x00,0x00,0x00,0x5C,0xFF,0x30,0x00,0x00,0x00,0x11,0xBC,0xBC,0xBC,0xD4,
  0xFF,0xC8,0xBC,0xBC,0xAD,0x18,0xFF,0xFF,0xFF,0xFF,0xFF,0xFF,0xFF,0xFF,0xEC,0x00,
  0x00,0x00,0x00,0x5C,0xFF,0x30,0x00,0x00,0x00,0x00,0x00,0x00,0x00,0x5C,0xFF,0x30,
  0x00,0x00,0x00,0x00,0x00,0x00,0x00,0x5C,0xFF,0x30,0x00,0x00,0x00,0x00,0x00,0x00,
  0x00,0x5C,0xFF,0x30,0x00,0x00,0x00,0x00,0x69,0xFF,0xB5,0x00,0x94,0xFF,0x6F,0x00,
  0xC4,0xFF,0x22,0x03,0xF5,0xC3,0x00,0x2D,0xFF,0x61,0x00,0x37,0xBC,0xBC,0xBC,0xBC,
  0x4F,0x4C,0xFF,0xFF,0xFF,0xFF,0x6C,0x4D,0xCD,0x6D,0xAB,0xFF,0xDA,0x63,0xF5,0x8A,
  0x00,0x00,0x00,0x00,0x07,0xEF,0xEE,0x06,0x00,0x00,0x00,0x00,0x53,0xFF,0x99,0x00,
  0x00,0x00,0x00,0x00,0xAF,0xFF,0x3D,0x00,0x00,0x00,0x00,0x11,0xF9,0xDF,0x01,0x00,
  0x00,0x00,0x00,0x68,0xFF,0x84,0x00,0x00,0x00,0x00,0x00,0xC4,0xFF,0x28,0x00,0x00,
  0x00,0x00,0x21,0xFE,0xCB,0x00,0x00,0x00,0x00,0x00,0x7D,0xFF,0x6F,0x00,0x00,0x00,
  0x00,0x00,0xD8,0xFC,0x17,0x00,0x00,0x00,0x00,0x35,0xFF,0xB7,0x00,0x00,0x00,0x00,
  0x00,0x91,0xFF,0x5A,0x00,0x00,0x00,0x00,0x04,0xE9,0xF3,0x0A,0x00,0x00,0x00,0x00,
  0x4A,0xFF,0xA2,0x00,0x00,0x00,0x00,0x00,0xA6,0xFF,0x46,0x00,0x00,0x00,0x00,0x00,
  0x00,0x00,0x12,0x90,0xDF,0xF7,0xD9,0x75,0x02,0x00,0x00,0x07,0xC9,0xFF,0xEA,0xC4,
  0xF3,0xFF,0x98,0x00,0x00,0x64,0xFF,0xC7,0x0A,0x00,0x1A,0xE4,0xFF,0x32,0x00,0xBF,
  0xFF,0x4A,0x00,0x00,0x00,0x74,0xFF,0x90,0x01,0xF0,0xFF,0x0E,0x00,0x00,0x00,0x35,
  0xFF,0xCC,0x10,0xFF,0xEF,0x00,0x00,0x00,0x00,0x15,0xFF,0xEF,0x1D,0xFF,0xE3,0x00,
  0x00,0x00,0x00,0x08,0xFF,0xFD,0x1E,0xFF,0xE3,0x00,0x00,0x00,0x00,0x09,0xFF,0xFB,
  0x10,0xFF,0xF0,0x00,0x00,0x00,0x00,0x15,0xFF,0xED,0x00,0xED,0xFF,0x0E,0x00,0x00,
  0x00,0x35,0xFF,0xCD,0x00,0xB3,0xFF,0x4A,0x00,0x00,0x00,0x73,0xFF,0x97,0x00,0x56,
  0xFF,0xC6,0x0A,0x00,0x19,0xE3,0xFF,0x39,0x00,0x02,0xBD,0xFF,0xEA,0xC3,0xF3,0xFF,
  0xA2,0x00,0x00,0x00,0x0B,0x8D,0xE4,0xF7,0xD9,0x79,0x06,0x00,0x00,0x00,0x00,0x45,
  0xEF,0xFF,0x10,0x00,0x00,0x6A,0xFB,0xFF,0xFF,0x10,0x03,0x92,0xFF,0xDB,0xEB,0xFF,
  0x10,0x3C,0xFE,0xC5,0x15,0xE7,0xFF,0x10,0x00,0x4E,0x06,0x00,0xEB,0xFF,0x10,0x00,
  0x00,0x00,0x00,0xEC,0xFF,0x10,0x00,0x00,0x00,0x00,0xEC,0xFF,0x10,0x00,0x00,0x00,
  0x00,0xEC,0xFF,0x10,0x00,0x00,0x00,0x00,0xEC,0xFF,0x10,0x00,0x00,0x00,0x00,0xEC,
  0xFF,0x10,0x00,0x00,0x00,0x00,0xEC,0xFF,0x10,0x00,0x00,0x00,0x00,0xEC,0xFF,0x10,
  0x00,0x00,0x00,0x00,0xEC,0xFF,0x10,0x00,0x00,0x00,0x00,0xEC,0xFF,0x10,0x00,0x00,
  0x45,0xB5,0xEB,0xFA,0xDD,0x87,0x0A,0x00,0x00,0x9A,0xFF,0xFF,0xD5,0xC8,0xF7,0xFF,
  0xC0,0x01,0x00,0x77,0xCD,0x2E,0x00,0x00,0x21,0xEB,0xFF,0x47,0x00,0x01,0x08,0x00,
  0x00,0x00,0x00,0x9D,0xFF,0x74,0x00,0x00,0x00,0x00,0x00,0x00,0x00,0x9E,0xFF,0x67,
  0x00,0x00,0x00,0x00,0x00,0x00,0x07,0xE5,0xFF,0x25,0x00,0x00,0x00,0x00,0x00,0x00,
  0x87,0xFF,0xA9,0x00,0x00,0x00,0x00,0x00,0x00,0x5C,0xFE,0xE3,0x14,0x00,0x00,0x00,
  0x00,0x00,0x4B,0xFB,0xEE,0x2C,0x00,0x00,0x00,0x00,0x00,0x41,0xF7,0xF0,0x35,0x00,
  0x00,0x00,0x00,0x00,0x3A,0xF4,0xF1,0x37,0x00,0x00,0x00,0x00,0x00,0x32,0xF0,0xF2,
  0x38,0x00,0x00,0x00,0x00,0x00,0x11,0xEC,0xFF,0xE0,0xBC,0xBC,0xBC,0xBC,0xBC,0xBC,
  0x20,0xFF,0xFF,0xFF,0xFF,0xFF,0xFF,0xFF,0xFF,0xFF,0x00,0x10,0x7A,0xCB,0xF2,0xFA,
  0xE1,0x9C,0x1C,0x00,0x03,0xD7,0xFF,0xF2,0xC8,0xC7,0xF4,0xFF,0xE4,0x12,0x00,0x45,
  0x61,0x06,0x00,0x00,0x12,0xD9,0xFF,0x64,0x00,0x00,0x00,0x00,0x00,0x00,0x00,0xA5,
  0xFF,0x61,0x00,0x00,0x00,0x00,0x00,0x00,0x40,0xF2,0xED,0x17,0x00,0x00,0x14,0xBC,
  0xC4,0xE0,0xF8,0xB3,0x2A,0x00,0x00,0x00,0x1C,0xFF,0xFF,0xFF,0xF4,0xB2,0x3B,0x00,
  0x00,0x00,0x00,0x00,0x09,0x23,0x75,0xF9,0xFC,0x3E,0x00,0x00,0x00,0x00,0x00,0x00,
  0x00,0x7A,0xFF,0xB3,0x00,0x00,0x00,0x00,0x00,0x00,0x00,0x47,0xFF,0xD6,0x00,0x00,
  0x00,0x00,0x00,0x00,0x00,0x6E,0xFF,0xC2,0x21,0x73,0x12,0x00,0x00,0x00,0x32,0xE8,
  0xFF,0x72,0x30,0xFF,0xFC,0xDE,0xC4,0xDA,0xFE,0xFF,0xC3,0x06,0x0E,0x7C,0xC8,0xE9,
  0xFA,0xED,0xC6,0x70,0x05,0x00,0x00,0x00,0x00,0x00,0x00,0x00,0xB7,0xFF,0xA0,0x00,
  0x00,0x00,0x00,0x00,0x00,0x00,0x67,0xFF,0xFF,0xA0,0x00,0x00,0x00,0x00,0x00,0x00,
  0x22,0xF3,0xD4,0xFF,0xA0,0x00,0x00,0x00,0x00,0x00,0x02,0xC2,0xF0,0x63,0xFF,0xA0,
  0x00,0x00,0x00,0x00,0x00,0x74,0xFF,0x5E,0x50,0xFF,0xA0,0x00,0x00,0x00,0x00,0x2A,
  0xF8,0xAF,0x00,0x53,0xFF,0xA0,0x00,0x00,0x00,0x04,0xCD,0xE9,0x15,0x00,0x54,0xFF,
  0xA0,0x00,0x00,0x00,0x81,0xFF,0x4F,0x00,0x00,0x54,0xFF,0xA0,0x00,0x00,0x34,0xFB,
  0x9F,0x00,0x00,0x00,0x54,0xFF,0xA0,0x00,0x00,0x9E,0xFF,0xFF,0xFF,0xFF,0xFF,0xFF,
  0xFF,0xFF,0xFF,0x80,0x75,0xBC,0xBC,0xBC,0xBC,0xBC,0xD2,0xFF,0xE6,0xBC,0x5E,0x00,
  0x00,0x00,0x00,0x00,0x00,0x54,0xFF,0xA0,0x00,0x00,0x00,0x00,0x00,0x00,0x00,0x00,
  0x54,0xFF,0xA0,0x00,0x00,0x00,0x00,0x00,0x00,0x00,0x00,0x54,0xFF,0xA0,0x00,0x00,
  0x1B,0xFF,0xFF,0xFF,0xFF,0xFF,0xFF,0xE8,0x00,0x2F,0xFF,0xE9,0xBC,0xBC,0xBC,0xBC,
  0xAA,0x00,0x43,0xFF,0x9D,0x00,0x00,0x00,0x00,0x00,0x00,0x58,0xFF,0x86,0x00,0x00,
  0x00,0x00,0x00,0x00,0x6C,0xFF,0x70,0x00,0x00,0x00,0x00,0x00,0x00,0x81,0xFF,0xE5,
  0xF0,0xFA,0xE0,0x93,0x14,0x00,0x5D,0xF5,0xD7,0xC2,0xD9,0xFD,0xFF,0xDE,0x14,0x00,
  0x01,0x00,0x00,0x00,0x2C,0xE1,0xFF,0x88,0x00,0x00,0x00,0x00,0x00,0x00,0x61,0xFF,
  0xC7,0x00,0x00,0x00,0x00,0x00,0x00,0x3F,0xFF,0xD0,0x00,0x00,0x00,0x00,0x00,0x00,
  0x69,0xFF,0xB0,0x65,0x17,0x00,0x00,0x00,0x33,0xE9,0xFF,0x57,0xE0,0xFE,0xE3,0xC5,
  0xD8,0xFF,0xFF,0xA5,0x01,0x68,0xC1,0xE4,0xF9,0xF1,0xC3,0x61,0x01,0x00,0x00,0x00,
  0x00,0x0B,0x76,0xC9,0xEF,0xFB,0xE7,0x09,0x00,0x00,0x00,0x1E,0xD9,0xFF,0xFB,0xD1,
  0xC4,0xE2,0x0B,0x00,0x00,0x02,0xCA,0xFF,0xA3,0x14,0x00,0x00,0x00,0x00,0x00,0x00,
  0x51,0xFF,0xC7,0x01,0x00,0x00,0x00,0x00,0x00,0x00,0x00,0x9C,0xFF,0x54,0x00,0x00,
  0x00,0x00,0x00,0x00,0x00,0x00,0xDA,0xFF,0x22,0x9C,0xEB,0xF7,0xC6,0x43,0x00,0x00,
  0x00,0xF6,0xF5,0xC1,0xF1,0xC5,0xE2,0xFF,0xFC,0x41,0x00,0x07,0xFF,0xFF,0xB1,0x0C,
  0x00,0x02,0x92,0xFF,0xC2,0x00,0x06,0xFF,0xFF,0x16,0x00,0x00,0x00,0x0F,0xFF,0xF9,
  0x01,0x00,0xEF,0xFE,0x05,0x00,0x00,0x00,0x00,0xF5,0xFF,0x06,0x00,0xB6,0xFF,0x45,
  0x00,0x00,0x00,0x1A,0xFF,0xEB,0x00,0x00,0x56,0xFF,0xD5,0x17,0x00,0x05,0xA3,0xFF,
  0xA0,0x00,0x00,0x00,0xAB,0xFF,0xF3,0xC6,0xE8,0xFF,0xEA,0x1E,0x00,0x00,0x00,0x03,
  0x73,0xD5,0xF8,0xEA,0xA4,0x20,0x00,0x00,0x44,0xFF,0xFF,0xFF,0xFF,0xFF,0xFF,0xFF,
  0xFF,0xFF,0x08,0x31,0xBC,0xBC,0xBC,0xBC,0xBC,0xBC,0xC9,0xFF,0xF0,0x03,0x00,0x00,
  0x00,0x00,0x00,0x00,0x00,0x7A,0xFF,0x8F,0x00,0x00,0x00,0x00,0x00,0x00,0x00,0x05,
  0xE5,0xFE,0x24,0x00,0x00,0x00,0x00,0x00,0x00,0x00,0x5C,0xFF,0xB4,0x00,0x00,0x00,
  0x00,0x00,0x00,0x00,0x00,0xCD,0xFF,0x47,0x00,0x00,0x00,0x00,0x00,0x00,0x00,0x3E,
  0xFF,0xD8,0x01,0x00,0x00,0x00,0x00,0x00,0x00,0x00,0xAF,0xFF,0x6C,0x00,0x00,0x00,
  0x00,0x00,0x00,0x00,0x22,0xFD,0xF1,0x0C,0x00,0x00,0x00,0x00,0x00,0x00,0x00,0x90,
  0xFF,0x90,0x00,0x00,0x00,0x00,0x00,0x00,0x00,0x0E,0xF2,0xFE,0x25,0x00,0x00,0x00,
  0x00,0x00,0x00,0x00,0x72,0xFF,0xB5,0x00,0x00,0x00,0x00,0x00,0x00,0x00,0x03,0xDF,
  0xFF,0x48,0x00,0x00,0x00,0x00,0x00,0x00,0x00,0x54,0xFF,0xD9,0x01,0x00,0x00,0x00,
  0x00,0x00,0x00,0x00,0x29,0xA6,0xE8,0xFA,0xE3,0x9A,0x1C,0x00,0x00,0x29,0xF1,0xFF,
  0xE4,0xC4,0xED,0xFF,0xE3,0x13,0x00,0x94,0xFF,0x9D,0x03,0x00,0x0A,0xC2,0xFF,0x6F,
  0x00,0xA8,0xFF,0x48,0x00,0x00,0x00,0x75,0xFF,0x83,0x00,0x73,0xFF,0x95,0x00,0x00,
  0x01,0xBA,0xFF,0x47,0x00,0x0A,0xCC,0xFF,0xAD,0x48,0xBA,0xFF,0x93,0x00,0x00,0x00,
  0x0D,0xC2,0xFF,0xFF,0xFF,0x76,0x00,0x00,0x00,0x03,0x99,0xFE,0xDD,0xAE,0xFD,0xF5,
  0x6E,0x00,0x00,0x8D,0xFF,0x9E,0x05,0x00,0x2D,0xD4,0xFF,0x68,0x0A,0xF9,0xED,0x06,
  0x00,0x00,0x00,0x21,0xFF,0xDF,0x1D,0xFF,0xDC,0x00,0x00,0x00,0x00,0x06,0xFB,0xF6,
  0x04,0xF0,0xFF,0x5C,0x00,0x00,0x03,0x85,0xFF,0xC5,0x00,0x6F,0xFF,0xFF,0xDC,0xC3,
  0xE6,0xFF,0xF8,0x3C,0x00,0x00,0x45,0xB7,0xE2,0xF9,0xE6,0xA6,0x2C,0x00,0x00,0x00,
  0x2B,0xAD,0xED,0xF5,0xCD,0x62,0x00,0x00,0x00,0x31,0xF4,0xFF,0xE2,0xC7,0xF7,0xFF,
  0x91,0x00,0x00,0xBE,0xFF,0x8A,0x02,0x00,0x1F,0xDE,0xFF,0x3E,0x0B,0xFC,0xF6,0x06,
  0x00,0x00,0x00,0x56,0xFF,0x9D,0x1F,0xFF,0xDC,0x00,0x00,0x00,0x00,0x19,0xFF,0xD7,
  0x10,0xFF,0xF6,0x0B,0x00,0x00,0x00,0x41,0xFF,0xED,0x00,0xCB,0xFF,0xA7,0x1E,0x09,
  0x49,0xE3,0xFF,0xEE,0x00,0x3A,0xF5,0xFF,0xFF,0xFF,0xFF,0x8C,0xFF,0xDD,0x00,0x00,
  0x25,0x8E,0xB5,0xA4,0x4D,0x32,0xFF,0xC4,0x00,0x00,0x00,0x00,0x00,0x00,0x00,0x6A,
  0xFF,0x8E,0x00,0x00,0x00,0x00,0x00,0x00,0x08,0xDA,0xFF,0x36,0x00,0x00,0x00,0x00,
  0x00,0x1F,0xB9,0xFF,0xB1,0x00,0x00,0x2A,0xDF,0xC3,0xD5,0xFE,0xFF,0xCC,0x13,0x00,
  0x00,0x25,0xF0,0xFC,0xEE,0xC4,0x6E,0x07,0x00,0x00,0x63,0xF4,0x8A,0xAB,0xFF,0xDA,
  0x52,0xDC,0x74,0x00,0x00,0x00,0x00,0x00,0x00,0x00,0x00,0x00,0x00,0x00,0x00,0x00,
  0x00,0x00,0x4D,0xCD,0x6D,0xAB,0xFF,0xDA,0x63,0xF5,0x8A,0x00,0x6B,0xF5,0x86,0x00,
  0xB7,0xFF,0xD6,0x00,0x59,0xDC,0x71,0x00,0x00,0x00,0x00,0x00,0x00,0x00,0x00,0x00,
  0x00,0x00,0x00,0x00,0x00,0x00,0x00,0x00,0x00,0x00,0x00,0x00,0x00,0x00,0x00,0x00,
  0x8D,0xFF,0x98,0x00,0xB5,0xFF,0x50,0x00,0xE4,0xF6,0x0B,0x15,0xFF,0xA5,0x00,0x4C,
  0xFF,0x44,0x00,0x00,0x00,0x00,0x00,0x00,0x00,0x00,0x00,0x07,0x61,0x00,0x00,0x00,
  0x00,0x00,0x00,0x07,0x6C,0xE4,0xF0,0x00,0x00,0x00,0x00,0x08,0x6D,0xE5,0xFF,0xBA,
  0x40,0x00,0x00,0x08,0x6E,0xE5,0xFD,0xAB,0x32,0x00,0x00,0x03,0x6F,0xE6,0xF9,0x9D,
  0x26,0x00,0x00,0x00,0x00,0x16,0xFF,0xFF,0x97,0x17,0x00,0x00,0x00,0x00,0x00,0x00,
  0x2F,0xA0,0xF8,0xF9,0xA5,0x3B,0x00,0x00,0x00,0x00,0x00,0x00,0x17,0x81,0xE9,0xFF,
  0xD0,0x65,0x0A,0x00,0x00,0x00,0x00,0x00,0x07,0x62,0xD1,0xFF,0xE3,0x00,0x00,0x00,
  0x00,0x00,0x00,0x00,0x00,0x43,0xA4,0x02,0xBC,0xBC,0xBC,0xBC,0xBC,0xBC,0xBC,0xBC,
  0x9E,0x04,0xFF,0xFF,0xFF,0xFF,0xFF,0xFF,0xFF,0xFF,0xD8,0x00,0x00,0x00,0x00,0x00,
  0x00,0x00,0x00,0x00,0x00,0x00,0x00,0x00,0x00,0x00,0x00,0x00,0x00,0x00,0x00,0x02,
  0xBC,0xBC,0xBC,0xBC,0xBC,0xBC,0xBC,0xBC,0x9E,0x04,0xFF,0xFF,0xFF,0xFF,0xFF,0xFF,
  0xFF,0xFF,0xD8,0x0E,0x58,0x02,0x00,0x00,0x00,0x00,0x00,0x00,0x00,0x18,0xFF,0xD5,
  0x58,0x02,0x00,0x00,0x00,0x00,0x00,0x01,0x54,0xCC,0xFF,0xD6,0x59,0x02,0x00,0x00,
  0x00,0x00,0x00,0x00,0x45,0xBE,0xFF,0xD7,0x5A,0x02,0x00,0x00,0x00,0x00,0x00,0x00,
  0x37,0xB0,0xFE,0xD8,0x59,0x00,0x00,0x00,0x00,0x00,0x00,0x23,0xB3,0xFF,0xEE,0x00,
  0x00,0x00,0x02,0x4B,0xB6,0xFE,0xF0,0x8E,0x20,0x00,0x13,0x75,0xDE,0xFF,0xDC,0x6F,
  0x0D,0x00,0x00,0x13,0xF7,0xFF,0xC0,0x50,0x02,0x00,0x00,0x00,0x00,0x14,0xA1,0x30,
  0x00,0x00,0x00,0x00,0x00,0x00,0x00,0x1D,0x83,0xD2,0xF5,0xF1,0xCB,0x5C,0x00,0x9D,
  0xFF,0xF1,0xC5,0xCD,0xFD,0xFF,0x76,0x26,0x5A,0x05,0x00,0x00,0x41,0xFF,0xE3,0x00,
  0x00,0x00,0x00,0x00,0x00,0xF7,0xF9,0x00,0x00,0x00,0x00,0x00,0x45,0xFF,0xC7,0x00,
  0x00,0x00,0x00,0x3D,0xED,0xF6,0x2F,0x00,0x00,0x00,0x4E,0xF8,0xEC,0x39,0x00,0x00,
  0x00,0x12,0xF3,0xE5,0x23,0x00,0x00,0x00,0x00,0x4E,0xFF,0x6C,0x00,0x00,0x00,0x00,
  0x00,0x38,0x9C,0x2F,0x00,0x00,0x00,0x00,0x00,0x00,0x00,0x00,0x00,0x00,0x00,0x00,
  0x00,0x56,0xCD,0x64,0x00,0x00,0x00,0x00,0x00,0xBB,0xFF,0xCE,0x00,0x00,0x00,0x00,
  0x00,0x6F,0xF5,0x7F,0x00,0x00,0x00,0x00,0x00,0x00,0x00,0x35,0x94,0xD6,0xF0,0xF4,
  0xD8,0x9B,0x36,0x00,0x00,0x00,0x00,0x00,0x08,0xA0,0xFE,0xFF,0xEB,0xCE,0xC6,0xE4,
  0xFF,0xFF,0x90,0x05,0x00,0x00,0x06,0xC3,0xFF,0xB0,0x3A,0x00,0x00,0x00,0x00,0x33,
  0xBE,0xFF,0x91,0x00,0x00,0x8F,0xFF,0x7B,0x00,0x37,0xBA,0xF1,0xEE,0xCC,0x83,0x01,
  0xAB,0xFF,0x3A,0x1D,0xFA,0xB0,0x00,0x39,0xF7,0xFE,0xCD,0xC9,0xF8,0xED,0x00,0x11,
  0xF5,0xA0,0x7C,0xFF,0x2E,0x00,0xC9,0xFA,0x41,0x00,0x00,0xBF,0xE1,0x00,0x00,0xAE,
  0xDB,0xBB,0xDB,0x00,0x17,0xFF,0xAB,0x00,0x00,0x00,0xCC,0xD6,0x00,0x00,0x8E,0xF7,
  0xDD,0xB7,0x00,0x34,0xFF,0x7D,0x00,0x00,0x00,0xDF,0xCA,0x00,0x00,0x9C,0xF0,0xEA,
  0xA5,0x00,0x24,0xFF,0x87,0x00,0x00,0x16,0xFD,0xC8,0x00,0x00,0xC7,0xCC,0xD6,0xB5,
  0x00,0x05,0xEC,0xE5,0x2E,0x13,0xA3,0xF4,0xEF,0x1C,0x55,0xFF,0x76,0xB6,0xE9,0x01,
  0x00,0x74,0xFF,0xFF,0xFF,0xF5,0x43,0xF5,0xFF,0xFF,0xE3,0x11,0x67,0xFF,0x54,0x00,
  0x00,0x61,0xB0,0xA3,0x33,0x00,0x46,0xAF,0x95,0x1E,0x00,0x10,0xE8,0xEA,0x29,0x00,
  0x00,0x00,0x00,0x00,0x00,0x00,0x00,0x00,0x00,0x00,0x00,0x46,0xFC,0xF3,0x86,0x33,
  0x0D,0x07,0x20,0x41,0x82,0x55,0x00,0x00,0x00,0x00,0x00,0x3C,0xDF,0xFF,0xFF,0xFF,
  0xFF,0xFF,0xFF,0xFF,0x69,0x00,0x00,0x00,0x00,0x00,0x00,0x03,0x47,0x8C,0xA8,0xB7,
  0xA6,0x77,0x24,0x00,0x00,0x00,0x00,0x00,0x00,0x00,0x00,0x0F,0xF7,0xFF,0x76,0x00,
  0x00,0x00,0x00,0x00,0x00,0x00,0x00,0x00,0x66,0xFF,0xFF,0xD4,0x00,0x00,0x00,0x00,
  0x00,0x00,0x00,0x00,0x00,0xC4,0xFA,0xB2,0xFF,0x32,0x00,0x00,0x00,0x00,0x00,0x00,
  0x00,0x23,0xFF,0xBF,0x56,0xFF,0x8F,0x00,0x00,0x00,0x00,0x00,0x00,0x00,0x81,0xFF,
  0x6C,0x0B,0xF4,0xE9,0x04,0x00,0x00,0x00,0x00,0x00,0x01,0xDD,0xFB,0x16,0x00,0xA5,
  0xFF,0x4B,0x00,0x00,0x00,0x00,0x00,0x3D,0xFF,0xB7,0x00,0x00,0x4A,0xFF,0xA8,0x00,
  0x00,0x00,0x00,0x00,0x9C,0xFF,0x5D,0x00,0x00,0x04,0xE9,0xF7,0x0F,0x00,0x00,0x00,
  0x08,0xF0,0xFF,0xFF,0xFF,0xFF,0xFF,0xFF,0xFF,0x64,0x00,0x00,0x00,0x58,0xFF,0xF3,
  0xE4,0xE4,0xE4,0xE4,0xE8,0xFF,0xC2,0x00,0x00,0x00,0xB6,0xFF,0x5C,0x00,0x00,0x00,
  0x00,0x08,0xF0,0xFE,0x20,0x00,0x18,0xFC,0xF5,0x0C,0x00,0x00,0x00,0x00,0x00,0x9F,
  0xFF,0x7D,0x00,0x73,0xFF,0xA7,0x00,0x00,0x00,0x00,0x00,0x00,0x44,0xFF,0xDA,0x00,
  0xD1,0xFF,0x4D,0x00,0x00,0x00,0x00,0x00,0x00,0x02,0xE6,0xFF,0x39,0x30,0xFF,0xFF,
  0xFF,0xFF,0xF7,0xDF,0xAB,0x43,0x00,0x00,0x30,0xFF,0xF6,0xBC,0xBC,0xCA,0xEF,0xFF,
  0xFF,0x65,0x00,0x30,0xFF,0xDC,0x00,0x00,0x00,0x07,0x98,0xFF,0xDF,0x00,0x30,0xFF,
  0xDC,0x00,0x00,0x00,0x00,0x28,0xFF,0xFE,0x02,0x30,0xFF,0xDC,0x00,0x00,0x00,0x00,
  0x37,0xFF,0xE4,0x00,0x30,0xFF,0xDC,0x00,0x00,0x09,0x31,0xC4,0xFF,0x77,0x00,0x30,
  0xFF,0xFF,0xFF,0xFF,0xFF,0xFF,0xE7,0x63,0x00,0x00,0x30,0xFF,0xF6,0xBC,0xBC,0xBF,
  0xDD,0xFF,0xD7,0x4E,0x00,0x30,0xFF,0xDC,0x00,0x00,0x00,0x00,0x54,0xFE,0xF8,0x1F,
  0x30,0xFF,0xDC,0x00,0x00,0x00,0x00,0x00,0xC8,0xFF,0x64,0x30,0xFF,0xDC,0x00,0x00,
  0x00,0x00,0x00,0xCF,0xFF,0x6A,0x30,0xFF,0xDC,0x00,0x00,0x00,0x00,0x5D,0xFF,0xFF,
  0x32,0x30,0xFF,0xF6,0xBC,0xBC,0xC2,0xE1,0xFF,0xFF,0x9A,0x00,0x30,0xFF,0xFF,0xFF,
  0xFF,0xFF,0xF1,0xC3,0x60,0x01,0x00,0x00,0x00,0x00,0x48,0xAE,0xDE,0xF8,0xE7,0xC7,
  0x7B,0x18,0x00,0x06,0x9F,0xFF,0xFF,0xE1,0xC2,0xD5,0xFE,0xFD,0x23,0x00,0x8C,0xFF,
  0xE9,0x44,0x00,0x00,0x00,0x20,0x60,0x00,0x25,0xFC,0xFD,0x37,0x00,0x00,0x00,0x00,
  0x00,0x00,0x00,0x7D,0xFF,0xB2,0x00,0x00,0x00,0x00,0x00,0x00,0x00,0x00,0xB7,0xFF,
  0x6D,0x00,0x00,0x00,0x00,0x00,0x00,0x00,0x00,0xD0,0xFF,0x4F,0x00,0x00,0x00,0x00,
  0x00,0x00,0x00,0x00,0xD1,0xFF,0x4E,0x00,0x00,0x00,0x00,0x00,0x00,0x00,0x00,0xBA,
  0xFF,0x69,0x00,0x00,0x00,0x00,0x00,0x00,0x00,0x00,0x88,0xFF,0xA9,0x00,0x00,0x00,
  0x00,0x00,0x00,0x00,0x00,0x37,0xFF,0xF9,0x27,0x00,0x00,0x00,0x00,0x00,0x00,0x00,
  0x00,0xAE,0xFF,0xDD,0x36,0x00,0x00,0x00,0x03,0x30,0x00,0x00,0x13,0xC6,0xFF,0xFF,
  0xDC,0xC1,0xD2,0xF2,0xE8,0x00,0x00,0x00,0x08,0x67,0xC4,0xE8,0xFC,0xF3,0xCF,0x82,
  0x00,0x30,0xFF,0xFF,0xFF,0xFF,0xF3,0xD9,0x9A,0x39,0x00,0x00,0x00,0x30,0xFF,0xF6,
  0xBC,0xBC,0xC8,0xF1,0xFF,0xFE,0x90,0x02,0x00,0x30,0xFF,0xDC,0x00,0x00,0x00,0x03,
  0x5C,0xF0,0xFF,0x7E,0x00,0x30,0xFF,0xDC,0x00,0x00,0x00,0x00,0x00,0x3E,0xFE,0xFC,
  0x19,0x30,0xFF,0xDC,0x00,0x00,0x00,0x00,0x00,0x00,0xBC,0xFF,0x74,0x30,0xFF,0xDC,
  0x00,0x00,0x00,0x00,0x00,0x00,0x7C,0xFF,0xA4,0x30,0xFF,0xDC,0x00,0x00,0x00,0x00,
  0x00,0x00,0x62,0xFF,0xBD,0x30,0xFF,0xDC,0x00,0x00,0x00,0x00,0x00,0x00,0x66,0xFF,
  0xBB,0x30,0xFF,0xDC,0x00,0x00,0x00,0x00,0x00,0x00,0x84,0xFF,0xA4,0x30,0xFF,0xDC,
  0x00,0x00,0x00,0x00,0x00,0x00,0xCA,0xFF,0x6C,0x30,0xFF,0xDC,0x00,0x00,0x00,0x00,
  0x00,0x53,0xFF,0xF6,0x16,0x30,0xFF,0xDC,0x00,0x00,0x00,0x09,0x70,0xF8,0xFF,0x75,
  0x00,0x30,0xFF,0xF6,0xBC,0xBD,0xCE,0xF8,0xFF,0xFD,0x7F,0x00,0x00,0x30,0xFF,0xFF,
  0xFF,0xFE,0xF1,0xD1,0x91,0x28,0x00,0x00,0x00,0x30,0xFF,0xFF,0xFF,0xFF,0xFF,0xFF,
  0xFF,0x70,0x30,0xFF,0xF6,0xBC,0xBC,0xBC,0xBC,0xBC,0x52,0x30,0xFF,0xDC,0x00,0x00,
  0x00,0x00,0x00,0x00,0x30,0xFF,0xDC,0x00,0x00,0x00,0x00,0x00,0x00,0x30,0xFF,0xDC,
  0x00,0x00,0x00,0x00,0x00,0x00,0x30,0xFF,0xDC,0x00,0x00,0x00,0x00,0x00,0x00,0x30,
  0xFF,0xFF,0xFF,0xFF,0xFF,0xFF,0xFF,0x18,0x30,0xFF,0xF6,0xBC,0xBC,0xBC,0xBC,0xBC,
  0x11,0x30,0xFF,0xDC,0x00,0x00,0x00,0x00,0x00,0x00,0x30,0xFF,0xDC,0x00,0x00,0x00,
  0x00,0x00,0x00,0x30,0xFF,0xDC,0x00,0x00,0x00,0x00,0x00,0x00,0x30,0xFF,0xDC,0x00,
  0x00,0x00,0x00,0x00,0x00,0x30,0xFF,0xF6,0xBC,0xBC,0xBC,0xBC,0xBC,0x52,0x30,0xFF,
  0xFF,0xFF,0xFF,0xFF,0xFF,0xFF,0x70,0x30,0xFF,0xFF,0xFF,0xFF,0xFF,0xFF,0xFF,0x70,
  0x30,0xFF,0xF5,0xBC,0xBC,0xBC,0xBC,0xBC,0x52,0x30,0xFF,0xD8,0x00,0x00,0x00,0x00,
  0x00,0x00,0x30,0xFF,0xD8,0x00,0x00,0x00,0x00,0x00,0x00,0x30,0xFF,0xD8,0x00,0x00,
  0x00,0x00,0x00,0x00,0x30,0xFF,0xD8,0x00,0x00,0x00,0x00,0x00,0x00,0x30,0xFF,0xF5,
  0xBC,0xBC,0xBC,0xBC,0xBC,0x0E,0x30,0xFF,0xFF,0xFF,0xFF,0xFF,0xFF,0xFF,0x14,0x30,
  0xFF,0xD8,0x00,0x00,0x00,0x00,0x00,0x00,0x30,0xFF,0xD8,0x00,0x00,0x00,0x00,0x00,
  0x00,0x30,0xFF,0xD8,0x00,0x00,0x00,0x00,0x00,0x00,0x30,0xFF,0xD8,0x00,0x00,0x00,
  0x00,0x00,0x00,0x30,0xFF,0xD8,0x00,0x00,0x00,0x00,0x00,0x00,0x30,0xFF,0xD8,0x00,
  0x00,0x00,0x00,0x00,0x00,0x00,0x00,0x00,0x2C,0x8E,0xD2,0xED,0xF6,0xDD,0xB7,0x6A,
  0x0B,0x00,0x01,0x7C,0xFC,0xFF,0xF3,0xC9,0xC9,0xEA,0xFF,0xE8,0x07,0x00,0x74,0xFF,
  0xF8,0x6C,0x06,0x00,0x00,0x00,0x2B,0x45,0x00,0x1D,0xFA,0xFF,0x51,0x00,0x00,0x00,
  0x00,0x00,0x00,0x00,0x00,0x78,0xFF,0xBD,0x00,0x00,0x00,0x00,0x00,0x00,0x00,0x00,
  0x00,0xB4,0xFF,0x6E,0x00,0x00,0x00,0x00,0x00,0x00,0x00,0x00,0x00,0xCF,0xFF,0x4C,
  0x00,0x00,0x00,0x63,0xBC,0xBC,0xBC,0xBC,0x46,0xD4,0xFF,0x4D,0x00,0x00,0x00,0x88,
  0xFF,0xFF,0xFF,0xFF,0x60,0xBF,0xFF,0x69,0x00,0x00,0x00,0x00,0x00,0x00,0xA8,0xFF,
  0x60,0x8B,0xFF,0xAC,0x00,0x00,0x00,0x00,0x00,0x00,0xA8,0xFF,0x60,0x33,0xFF,0xFC,
  0x32,0x00,0x00,0x00,0x00,0x00,0xA8,0xFF,0x60,0x00,0xA8,0xFF,0xEB,0x4E,0x01,0x00,
  0x00,0x00,0xA8,0xFF,0x60,0x00,0x0D,0xBC,0xFF,0xFF,0xE9,0xC8,0xC4,0xDC,0xFE,0xFF,
  0x60,0x00,0x00,0x02,0x5C,0xB9,0xEA,0xFC,0xF8,0xE6,0xBF,0x84,0x22,0x30,0xFF,0xDC,
  0x00,0x00,0x00,0x00,0x00,0x00,0xA8,0xFF,0x64,0x30,0xFF,0xDC,0x00,0x00,0x00,0x00,
  0x00,0x00,0xA8,0xFF,0x64,0x30,0xFF,0xDC,0x00,0x00,0x00,0x00,0x00,0x00,0xA8,0xFF,
  0x64,0x30,0xFF,0xDC,0x00,0x00,0x00,0x00,0x00,0x00,0xA8,0xFF,0x64,0x30,0xFF,0xDC,
  0x00,0x00,0x00,0x00,0x00,0x00,0xA8,0xFF,0x64,0x30,0xFF,0xDC,0x00,0x00,0x00,0x00,
  0x00,0x00,0xA8,0xFF,0x64,0x30,0xFF,0xFF,0xFF,0xFF,0xFF,0xFF,0xFF,0xFF,0xFF,0xFF,
  0x64,0x30,0xFF,0xF6,0xBC,0xBC,0xBC,0xBC,0xBC,0xBC,0xE8,0xFF,0x64,0x30,0xFF,0xDC,
  0x00,0x00,0x00,0x00,0x00,0x00,0xA8,0xFF,0x64,0x30,0xFF,0xDC,0x00,0x00,0x00,0x00,
  0x00,0x00,0xA8,0xFF,0x64,0x30,0xFF,0xDC,0x00,0x00,0x00,0x00,0x00,0x00,0xA8,0xFF,
  0x64,0x30,0xFF,0xDC,0x00,0x00,0x00,0x00,0x00,0x00,0xA8,0xFF,0x64,0x30,0xFF,0xDC,
  0x00,0x00,0x00,0x00,0x00,0x00,0xA8,0xFF,0x64,0x30,0xFF,0xDC,0x00,0x00,0x00,0x00,
  0x00,0x00,0xA8,0xFF,0x64,0x48,0xFF,0xFF,0xFF,0xFF,0xFC,0x1D,0x9A,0xEE,0xFF,0xDB,
  0x81,0x00,0x00,0xA8,0xFF,0x64,0x00,0x00,0x00,0xA8,0xFF,0x64,0x00,0x00,0x00,0xA8,
  0xFF,0x64,0x00,0x00,0x00,0xA8,0xFF,0x64,0x00,0x00,0x00,0xA8,0xFF,0x64,0x00,0x00,
  0x00,0xA8,0xFF,0x64,0x00,0x00,0x00,0xA8,0xFF,0x64,0x00,0x00,0x00,0xA8,0xFF,0x64,
  0x00,0x00,0x00,0xA8,0xFF,0x64,0x00,0x00,0x00,0xA8,0xFF,0x64,0x00,0x11,0x6F,0xDF,
  0xFF,0xC0,0x58,0x48,0xFF,0xFF,0xFF,0xFF,0xFC,0x00,0x00,0x00,0x44,0xFF,0xC8,0x00,
  0x00,0x00,0x44,0xFF,0xC8,0x00,0x00,0x00,0x44,0xFF,0xC8,0x00,0x00,0x00,0x44,0xFF,
  0xC8,0x00,0x00,0x00,0x44,0xFF,0xC8,0x00,0x00,0x00,0x44,0xFF,0xC8,0x00,0x00,0x00,
  0x44,0xFF,0xC8,0x00,0x00,0x00,0x44,0xFF,0xC8,0x00,0x00,0x00,0x44,0xFF,0xC8,0x00,
  0x00,0x00,0x44,0xFF,0xC8,0x00,0x00,0x00,0x44,0xFF,0xC8,0x00,0x00,0x00,0x44,0xFF,
  0xC8,0x00,0x00,0x00,0x44,0xFF,0xC8,0x00,0x00,0x00,0x44,0xFF,0xC7,0x00,0x00,0x00,
  0x53,0xFF,0xB9,0x00,0x00,0x00,0xA8,0xFF,0x88,0x67,0xC3,0xDD,0xFF,0xF2,0x20,0x64,
  0xF5,0xF5,0xBA,0x31,0x00,0x30,0xFF,0xDC,0x00,0x00,0x00,0x00,0x10,0xD9,0xFF,0x70,
  0x30,0xFF,0xDC,0x00,0x00,0x00,0x03,0xB9,0xFF,0x9A,0x00,0x30,0xFF,0xDC,0x00,0x00,
  0x00,0x92,0xFF,0xBF,0x05,0x00,0x30,0xFF,0xDC,0x00,0x00,0x65,0xFF,0xDB,0x12,0x00,
  0x00,0x30,0xFF,0xDC,0x00,0x3E,0xFA,0xF0,0x28,0x00,0x00,0x00,0x30,0xFF,0xDC,0x1F,
  0xEA,0xFC,0x46,0x00,0x00,0x00,0x00,0x30,0xFF,0xE4,0xD0,0xFF,0xDF,0x08,0x00,0x00,
  0x00,0x00,0x30,0xFF,0xFF,0xF8,0xE5,0xFF,0x8F,0x00,0x00,0x00,0x00,0x30,0xFF,0xF4,
  0x3C,0x37,0xFC,0xFE,0x40,0x00,0x00,0x00,0x30,0xFF,0xDC,0x00,0x00,0x81,0xFF,0xE0,
  0x0D,0x00,0x00,0x30,0xFF,0xDC,0x00,0x00,0x04,0xC9,0xFF,0x9D,0x00,0x00,0x30,0xFF,
  0xDC,0x00,0x00,0x00,0x26,0xF5,0xFF,0x4D,0x00,0x30,0xFF,0xDC,0x00,0x00,0x00,0x00,
  0x68,0xFF,0xE8,0x14,0x30,0xFF,0xDC,0x00,0x00,0x00,0x00,0x00,0xB5,0xFF,0xAB,0x30,
  0xFF,0xDC,0x00,0x00,0x00,0x00,0x00,0x00,0x30,0xFF,0xDC,0x00,0x00,0x00,0x00,0x00,
  0x00,0x30,0xFF,0xDC,0x00,0x00,0x00,0x00,0x00,0x00,0x30,0xFF,0xDC,0x00,0x00,0x00,
  0x00,0x00,0x00,0x30,0xFF,0xDC,0x00,0x00,0x00,0x00,0x00,0x00,0x30,0xFF,0xDC,0x00,
  0x00,0x00,0x00,0x00,0x00,0x30,0xFF,0xDC,0x00,0x00,0x00,0x00,0x00,0x00,0x30,0xFF,
  0xDC,0x00,0x00,0x00,0x00,0x00,0x00,0x30,0xFF,0xDC,0x00,0x00,0x00,0x00,0x00,0x00,
  0x30,0xFF,0xDC,0x00,0x00,0x00,0x00,0x00,0x00,0x30,0xFF,0xDC,0x00,0x00,0x00,0x00,
  0x00,0x00,0x30,0xFF,0xDC,0x00,0x00,0x00,0x00,0x00,0x00,0x30,0xFF,0xFA,0xDC,0xDC,
  0xDC,0xDC,0xDC,0x90,0x30,0xFF,0xFF,0xFF,0xFF,0xFF,0xFF,0xFF,0xA8,0x30,0xFF,0xFF,
  0xE5,0x02,0x00,0x00,0x00,0x00,0x00,0x00,0x76,0xFF,0xFF,0xA4,0x30,0xFF,0xFF,0xFF,
  0x40,0x00,0x00,0x00,0x00,0x00,0x00,0xD1,0xFF,0xFF,0xA4,0x30,0xFF,0xEA,0xFF,0x98,
  0x00,0x00,0x00,0x00,0x00,0x2C,0xFF,0xDB,0xFF,0xA4,0x30,0xFF,0xA2,0xF7,0xEB,0x04,
  0x00,0x00,0x00,0x00,0x87,0xFF,0x8A,0xFF,0xA4,0x30,0xFF,0x9F,0xAB,0xFF,0x49,0x00,
  0x00,0x00,0x01,0xE0,0xE3,0x54,0xFF,0xA4,0x30,0xFF,0xA7,0x50,0xFF,0xA1,0x00,0x00,
  0x00,0x3D,0xFF,0x89,0x59,0xFF,0xA4,0x30,0xFF,0xAB,0x06,0xEE,0xF1,0x08,0x00,0x00,
  0x98,0xFF,0x2D,0x5C,0xFF,0xA4,0x30,0xFF,0xAC,0x00,0x99,0xFF,0x52,0x00,0x05,0xED,
  0xD1,0x00,0x5C,0xFF,0xA4,0x30,0xFF,0xAC,0x00,0x3E,0xFF,0xAA,0x00,0x4F,0xFF,0x75,
  0x00,0x5C,0xFF,0xA4,0x30,0xFF,0xAC,0x00,0x01,0xE1,0xF6,0x0C,0xAA,0xFD,0x1B,0x00,
  0x5C,0xFF,0xA4,0x30,0xFF,0xAC,0x00,0x00,0x87,0xFF,0x68,0xF7,0xBD,0x00,0x00,0x5C,
  0xFF,0xA4,0x30,0xFF,0xAC,0x00,0x00,0x2C,0xFF,0xF3,0xFF,0x61,0x00,0x00,0x5C,0xFF,
  0xA4,0x30,0xFF,0xAC,0x00,0x00,0x00,0xD1,0xFF,0xF7,0x0E,0x00,0x00,0x5C,0xFF,0xA4,
  0x30,0xFF,0xAC,0x00,0x00,0x00,0x76,0xFF,0xA9,0x00,0x00,0x00,0x5C,0xFF,0xA4,0x30,
  0xFF,0xFF,0x97,0x00,0x00,0x00,0x00,0x00,0x00,0xF8,0xF0,0x30,0xFF,0xFF,0xFE,0x39,
  0x00,0x00,0x00,0x00,0x00,0xF8,0xF0,0x30,0xFF,0xF9,0xFF,0xD3,0x05,0x00,0x00,0x00,
  0x00,0xF8,0xF0,0x30,0xFF,0x9E,0xEA,0xFF,0x78,0x00,0x00,0x00,0x00,0xF8,0xF0,0x30,
  0xFF,0x99,0x5F,0xFF,0xF6,0x22,0x00,0x00,0x00,0xF8,0xF0,0x30,0xFF,0xA3,0x00,0xC1,
  0xFF,0xB8,0x00,0x00,0x00,0xF8,0xF0,0x30,0xFF,0xAA,0x00,0x2A,0xFA,0xFF,0x59,0x00,
  0x00,0xF8,0xF0,0x30,0xFF,0xAC,0x00,0x00,0x88,0xFF,0xE8,0x11,0x00,0xF5,0xF0,0x30,
  0xFF,0xAC,0x00,0x00,0x0A,0xE0,0xFF,0x9A,0x00,0xED,0xF0,0x30,0xFF,0xAC,0x00,0x00,
  0x00,0x4E,0xFF,0xFE,0x3B,0xE3,0xF0,0x30,0xFF,0xAC,0x00,0x00,0x00,0x00,0xB1,0xFF,
  0xD4,0xDF,0xF0,0x30,0xFF,0xAC,0x00,0x00,0x00,0x00,0x1F,0xF5,0xFF,0xFF,0xF0,0x30,
  0xFF,0xAC,0x00,0x00,0x00,0x00,0x00,0x77,0xFF,0xFF,0xF0,0x30,0xFF,0xAC,0x00,0x00,
  0x00,0x00,0x00,0x05,0xD5,0xFF,0xF0,0x00,0x00,0x04,0x5B,0xBC,0xE3,0xF8,0xE1,0xB6,
  0x51,0x01,0x00,0x00,0x00,0x0F,0xBB,0xFF,0xFF,0xD8,0xC1,0xDA,0xFF,0xFF,0xAB,0x09,
  0x00,0x00,0xA9,0xFF,0xD6,0x2D,0x00,0x00,0x00,0x32,0xDE,0xFF,0x90,0x00,0x36,0xFF,
  0xF8,0x23,0x00,0x00,0x00,0x00,0x00,0x2F,0xFD,0xFD,0x21,0x89,0xFF,0xAB,0x00,0x00,
  0x00,0x00,0x00,0x00,0x00,0xBE,0xFF,0x72,0xBB,0xFF,0x6F,0x00,0x00,0x00,0x00,0x00,
  0x00,0x00,0x83,0xFF,0xA5,0xD1,0xFF,0x56,0x00,0x00,0x00,0x00,0x00,0x00,0x00,0x6A,
  0xFF,0xBC,0xD1,0xFF,0x56,0x00,0x00,0x00,0x00,0x00,0x00,0x00,0x6B,0xFF,0xBC,0xBA,
  0xFF,0x70,0x00,0x00,0x00,0x00,0x00,0x00,0x00,0x84,0xFF,0xA5,0x86,0xFF,0xAC,0x00,
  0x00,0x00,0x00,0x00,0x00,0x00,0xBF,0xFF,0x71,0x35,0xFF,0xF9,0x23,0x00,0x00,0x00,
  0x00,0x00,0x30,0xFD,0xFD,0x21,0x00,0xAA,0xFF,0xD5,0x2C,0x00,0x00,0x00,0x33,0xDE,
  0xFF,0x90,0x00,0x00,0x10,0xC0,0xFF,0xFF,0xD7,0xC1,0xD9,0xFF,0xFF,0xAA,0x08,0x00,
  0x00,0x00,0x05,0x5F,0xBE,0xE5,0xF8,0xE2,0xB6,0x52,0x01,0x00,0x00,0x30,0xFF,0xFF,
  0xFF,0xFE,0xF2,0xCC,0x79,0x08,0x00,0x30,0xFF,0xF6,0xBC,0xC0,0xDC,0xFF,0xFF,0xC5,
  0x05,0x30,0xFF,0xDC,0x00,0x00,0x00,0x3A,0xF2,0xFF,0x62,0x30,0xFF,0xDC,0x00,0x00,
  0x00,0x00,0x8C,0xFF,0xA2,0x30,0xFF,0xDC,0x00,0x00,0x00,0x00,0x75,0xFF,0xAA,0x30,
  0xFF,0xDC,0x00,0x00,0x00,0x00,0xAF,0xFF,0x82,0x30,0xFF,0xDC,0x00,0x0A,0x2A,0x92,
  0xFF,0xF7,0x23,0x30,0xFF,0xFF,0xFF,0xFF,0xFF,0xFF,0xF3,0x54,0x00,0x30,0xFF,0xF6,
  0xBC,0xB6,0xA1,0x70,0x18,0x00,0x00,0x30,0xFF,0xDC,0x00,0x00,0x00,0x00,0x00,0x00,
  0x00,0x30,0xFF,0xDC,0x00,0x00,0x00,0x00,0x00,0x00,0x00,0x30,0xFF,0xDC,0x00,0x00,
  0x00,0x00,0x00,0x00,0x00,0x30,0xFF,0xDC,0x00,0x00,0x00,0x00,0x00,0x00,0x00,0x30,
  0xFF,0xDC,0x00,0x00,0x00,0x00,0x00,0x00,0x00,0x00,0x00,0x04,0x5B,0xBC,0xE3,0xF8,
  0xE1,0xB6,0x51,0x01,0x00,0x00,0x00,0x0F,0xBB,0xFF,0xFF,0xD8,0xC1,0xDA,0xFF,0xFF,
  0xAB,0x09,0x00,0x00,0xA9,0xFF,0xD6,0x2D,0x00,0x00,0x00,0x32,0xDE,0xFF,0x90,0x00,
  0x36,0xFF,0xF8,0x23,0x00,0x00,0x00,0x00,0x00,0x2F,0xFD,0xFD,0x21,0x89,0xFF,0xAB,
  0x00,0x00,0x00,0x00,0x00,0x00,0x00,0xBE,0xFF,0x71,0xBB,0xFF,0x6F,0x00,0x00,0x00,
  0x00,0x00,0x00,0x00,0x83,0xFF,0xA5,0xD1,0xFF,0x56,0x00,0x00,0x00,0x00,0x00,0x00,
  0x00,0x6A,0xFF,0xBC,0xD1,0xFF,0x56,0x00,0x00,0x00,0x00,0x00,0x00,0x00,0x6B,0xFF,
  0xBA,0xBA,0xFF,0x70,0x00,0x00,0x00,0x00,0x00,0x00,0x00,0x84,0xFF,0x9F,0x86,0xFF,
  0xAC,0x00,0x00,0x00,0x00,0x00,0x00,0x00,0xBF,0xFF,0x72,0x35,0xFF,0xF9,0x23,0x00,
  0x00,0x00,0x00,0x00,0x30,0xFD,0xFC,0x19,0x00,0xAA,0xFF,0xD5,0x2C,0x00,0x00,0x00,
  0x33,0xDE,0xFF,0x9E,0x00,0x00,0x10,0xC0,0xFF,0xFF,0xD7,0xC1,0xD9,0xFF,0xFF,0xBD,
  0x0B,0x00,0x00,0x00,0x05,0x5F,0xBE,0xE5,0xFC,0xFF,0xFF,0x76,0x02,0x00,0x00,0x00,
  0x00,0x00,0x00,0x00,0x00,0x03,0xB2,0xFF,0xCE,0x10,0x00,0x00,0x00,0x00,0x00,0x00,
  0x00,0x00,0x00,0x0A,0xCB,0xFF,0xC8,0x0D,0x00,0x00,0x00,0x00,0x00,0x00,0x00,0x00,
  0x00,0x18,0xDD,0xFC,0xBD,0x09,0x30,0xFF,0xFF,0xFF,0xFE,0xF3,0xD1,0x87,0x13,0x00,
  0x00,0x30,0xFF,0xF6,0xBC,0xBF,0xD4,0xFD,0xFF,0xDE,0x12,0x00,0x30,0xFF,0xDC,0x00,
  0x00,0x00,0x21,0xDE,0xFF,0x7B,0x00,0x30,0xFF,0xDC,0x00,0x00,0x00,0x00,0x7D,0xFF,
  0xAB,0x00,0x30,0xFF,0xDC,0x00,0x00,0x00,0x00,0x82,0xFF,0xA2,0x00,0x30,0xFF,0xDC,
  0x00,0x00,0x00,0x29,0xE8,0xFF,0x55,0x00,0x30,0xFF,0xF6,0xBC,0xBE,0xD5,0xFD,0xFF,
  0x92,0x00,0x00,0x30,0xFF,0xFF,0xFF,0xFF,0xFF,0xFF,0x50,0x00,0x00,0x00,0x30,0xFF,
  0xDC,0x00,0x00,0x83,0xFF,0xA1,0x00,0x00,0x00,0x30,0xFF,0xDC,0x00,0x00,0x0D,0xEA,
  0xFE,0x38,0x00,0x00,0x30,0xFF,0xDC,0x00,0x00,0x00,0x6C,0xFF,0xCA,0x01,0x00,0x30,
  0xFF,0xDC,0x00,0x00,0x00,0x05,0xDB,0xFF,0x62,0x00,0x30,0xFF,0xDC,0x00,0x00,0x00,
  0x00,0x55,0xFF,0xE8,0x0E,0x30,0xFF,0xDC,0x00,0x00,0x00,0x00,0x00,0xC9,0xFF,0x8D,
  0x00,0x00,0x27,0xA2,0xDD,0xF7,0xE4,0xC3,0x77,0x13,0x00,0x38,0xF7,0xFF,0xE3,0xC4,
  0xE2,0xFE,0xFC,0x1A,0x00,0xB7,0xFF,0x91,0x02,0x00,0x00,0x1E,0x59,0x00,0x00,0xDD,
  0xFF,0x32,0x00,0x00,0x00,0x00,0x00,0x00,0x00,0xC7,0xFF,0x6D,0x00,0x00,0x00,0x00,
  0x00,0x00,0x00,0x67,0xFF,0xFC,0x8E,0x19,0x00,0x00,0x00,0x00,0x00,0x01,0x8A,0xFC,
  0xFF,0xFA,0xA3,0x28,0x00,0x00,0x00,0x00,0x00,0x26,0xA0,0xF9,0xFF,0xFB,0x6F,0x00,
  0x00,0x00,0x00,0x00,0x00,0x19,0x9D,0xFF,0xFE,0x38,0x00,0x00,0x00,0x00,0x00,0x00,
  0x00,0xA7,0xFF,0x86,0x00,0x00,0x00,0x00,0x00,0x00,0x00,0x7F,0xFF,0x8E,0x07,0x68,
  0x15,0x00,0x00,0x00,0x1E,0xDC,0xFF,0x55,0x0C,0xFF,0xFE,0xDA,0xC1,0xCE,0xFA,0xFF,
  0xB7,0x02,0x04,0x88,0xCA,0xE7,0xFA,0xF3,0xC8,0x6C,0x04,0x00,0xC0,0xFF,0xFF,0xFF,
  0xFF,0xFF,0xFF,0xFF,0xFF,0xFF,0x70,0x8D,0xBC,0xBC,0xBC,0xEA,0xFF,0xD4,0xBC,0xBC,
  0xBC,0x52,0x00,0x00,0x00,0x00,0xB0,0xFF,0x5C,0x00,0x00,0x00,0x00,0x00,0x00,0x00,
  0x00,0xB0,0xFF,0x5C,0x00,0x00,0x00,0x00,0x00,0x00,0x00,0x00,0xB0,0xFF,0x5C,0x00,
  0x00,0x00,0x00,0x00,0x00,0x00,0x00,0xB0,0xFF,0x5C,0x00,0x00,0x00,0x00,0x00,0x00,
  0x00,0x00,0xB0,0xFF,0x5C,0x00,0x00,0x00,0x00,0x00,0x00,0x00,0x00,0xB0,0xFF,0x5C,
  0x00,0x00,0x00,0x00,0x00,0x00,0x00,0x00,0xB0,0xFF,0x5C,0x00,0x00,0x00,0x00,0x00,
  0x00,0x00,0x00,0xB0,0xFF,0x5C,0x00,0x00,0x00,0x00,0x00,0x00,0x00,0x00,0xB0,0xFF,
  0x5C,0x00,0x00,0x00,0x00,0x00,0x00,0x00,0x00,0xB0,0xFF,0x5C,0x00,0x00,0x00,0x00,
  0x00,0x00,0x00,0x00,0xB0,0xFF,0x5C,0x00,0x00,0x00,0x00,0x00,0x00,0x00,0x00,0xB0,
  0xFF,0x5C,0x00,0x00,0x00,0x00,0x50,0xFF,0xC0,0x00,0x00,0x00,0x00,0x00,0x00,0xB4,
  0xFF,0x54,0x50,0xFF,0xC0,0x00,0x00,0x00,0x00,0x00,0x00,0xB4,0xFF,0x54,0x50,0xFF,
  0xC0,0x00,0x00,0x00,0x00,0x00,0x00,0xB4,0xFF,0x54,0x50,0xFF,0xC0,0x00,0x00,0x00,
  0x00,0x00,0x00,0xB4,0xFF,0x54,0x50,0xFF,0xC0,0x00,0x00,0x00,0x00,0x00,0x00,0xB4,
  0xFF,0x54,0x50,0xFF,0xC0,0x00,0x00,0x00,0x00,0x00,0x00,0xB4,0xFF,0x54,0x50,0xFF,
  0xC0,0x00,0x00,0x00,0x00,0x00,0x00,0xB4,0xFF,0x54,0x50,0xFF,0xC0,0x00,0x00,0x00,
  0x00,0x00,0x00,0xB4,0xFF,0x54,0x4F,0xFF,0xC0,0x00,0x00,0x00,0x00,0x00,0x00,0xB4,
  0xFF,0x53,0x44,0xFF,0xD6,0x00,0x00,0x00,0x00,0x00,0x00,0xCC,0xFF,0x44,0x1A,0xFF,
  0xF9,0x19,0x00,0x00,0x00,0x00,0x14,0xF5,0xFD,0x1A,0x00,0xB9,0xFF,0xB8,0x15,0x00,
  0x00,0x0F,0xB0,0xFF,0xB3,0x00,0x00,0x20,0xE4,0xFF,0xF7,0xD0,0xCD,0xF5,0xFF,0xDE,
  0x1B,0x00,0x00,0x00,0x17,0x8D,0xD9,0xF7,0xF2,0xD4,0x83,0x10,0x00,0x00,0xD4,0xFF,
  0x45,0x00,0x00,0x00,0x00,0x00,0x00,0x9B,0xFF,0x83,0x7D,0xFF,0x9A,0x00,0x00,0x00,
  0x00,0x00,0x03,0xEB,0xFF,0x2C,0x26,0xFF,0xEB,0x03,0x00,0x00,0x00,0x00,0x44,0xFF,
  0xD4,0x00,0x00,0xCF,0xFF,0x43,0x00,0x00,0x00,0x00,0x99,0xFF,0x7C,0x00,0x00,0x78,
  0xFF,0x98,0x00,0x00,0x00,0x03,0xE9,0xFF,0x25,0x00,0x00,0x21,0xFF,0xE9,0x03,0x00,
  0x00,0x42,0xFF,0xCD,0x00,0x00,0x00,0x00,0xCA,0xFF,0x41,0x00,0x00,0x97,0xFF,0x75,
  0x00,0x00,0x00,0x00,0x73,0xFF,0x96,0x00,0x02,0xE8,0xFE,0x1E,0x00,0x00,0x00,0x00,
  0x1C,0xFE,0xE8,0x02,0x40,0xFF,0xC6,0x00,0x00,0x00,0x00,0x00,0x00,0xC4,0xFF,0x3A,
  0x91,0xFF,0x6E,0x00,0x00,0x00,0x00,0x00,0x00,0x6D,0xFF,0x83,0xDB,0xFD,0x19,0x00,
  0x00,0x00,0x00,0x00,0x00,0x18,0xFD,0xD3,0xFF,0xBF,0x00,0x00,0x00,0x00,0x00,0x00,
  0x00,0x00,0xBF,0xFF,0xFF,0x67,0x00,0x00,0x00,0x00,0x00,0x00,0x00,0x00,0x68,0xFF,
  0xFB,0x14,0x00,0x00,0x00,0x00,0xB8,0xFF,0x62,0x00,0x00,0x00,0x00,0x47,0xFF,0xFD,
  0x12,0x00,0x00,0x00,0x00,0x7F,0xFF,0x92,0x77,0xFF,0x9F,0x00,0x00,0x00,0x00,0x8C,
  0xFF,0xFF,0x56,0x00,0x00,0x00,0x00,0xBD,0xFF,0x51,0x36,0xFF,0xDC,0x00,0x00,0x00,
  0x00,0xD1,0xF9,0xFF,0x9E,0x00,0x00,0x00,0x04,0xF5,0xFE,0x12,0x03,0xF1,0xFF,0x19,
  0x00,0x00,0x17,0xFE,0xB7,0xEF,0xE5,0x00,0x00,0x00,0x38,0xFF,0xCF,0x00,0x00,0xB4,
  0xFF,0x56,0x00,0x00,0x5C,0xFF,0x7E,0xB2,0xFF,0x2D,0x00,0x00,0x75,0xFF,0x8E,0x00,
  0x00,0x73,0xFF,0x93,0x00,0x00,0xA1,0xFF,0x3F,0x6C,0xFF,0x74,0x00,0x00,0xB3,0xFF,
  0x4D,0x00,0x00,0x33,0xFF,0xD0,0x00,0x00,0xE5,0xF3,0x06,0x25,0xFF,0xBC,0x00,0x01,
  0xEE,0xFC,0x0F,0x00,0x00,0x02,0xEF,0xFD,0x10,0x2C,0xFF,0xB2,0x00,0x00,0xDD,0xF8,
  0x0A,0x2E,0xFF,0xCA,0x00,0x00,0x00,0x00,0xB1,0xFF,0x49,0x6F,0xFF,0x6B,0x00,0x00,
  0x96,0xFF,0x48,0x6A,0xFF,0x89,0x00,0x00,0x00,0x00,0x70,0xFF,0x82,0xAE,0xFF,0x23,
  0x00,0x00,0x4F,0xFF,0x86,0xA5,0xFF,0x48,0x00,0x00,0x00,0x00,0x2F,0xFF,0xB4,0xE3,
  0xDC,0x00,0x00,0x00,0x0C,0xFA,0xBD,0xD8,0xFB,0x0C,0x00,0x00,0x00,0x00,0x01,0xEC,
  0xE9,0xFF,0x95,0x00,0x00,0x00,0x00,0xBF,0xED,0xFB,0xC6,0x00,0x00,0x00,0x00,0x00,
  0x00,0xAD,0xFF,0xFF,0x4E,0x00,0x00,0x00,0x00,0x78,0xFF,0xFF,0x85,0x00,0x00,0x00,
  0x00,0x00,0x00,0x6C,0xFF,0xFA,0x0D,0x00,0x00,0x00,0x00,0x30,0xFF,0xFF,0x44,0x00,
  0x00,0x00,0x59,0xFF,0xE0,0x09,0x00,0x00,0x00,0x00,0x43,0xFF,0xDC,0x08,0x00,0xBA,
  0xFF,0x7F,0x00,0x00,0x00,0x04,0xD5,0xFF,0x46,0x00,0x00,0x24,0xF7,0xF6,0x1E,0x00,
  0x00,0x71,0xFF,0xA8,0x00,0x00,0x00,0x00,0x7D,0xFF,0xA9,0x00,0x16,0xF0,0xF1,0x19,
  0x00,0x00,0x00,0x00,0x06,0xD8,0xFF,0x3F,0x9E,0xFF,0x6C,0x00,0x00,0x00,0x00,0x00,
  0x00,0x41,0xFF,0xE0,0xFE,0xCB,0x02,0x00,0x00,0x00,0x00,0x00,0x00,0x00,0xA7,0xFF,
  0xFF,0x34,0x00,0x00,0x00,0x00,0x00,0x00,0x00,0x06,0xD7,0xFF,0xFF,0x68,0x00,0x00,
  0x00,0x00,0x00,0x00,0x00,0x7F,0xFF,0xAD,0xF8,0xF0,0x1A,0x00,0x00,0x00,0x00,0x00,
  0x26,0xF8,0xE7,0x0F,0x82,0xFF,0xAD,0x00,0x00,0x00,0x00,0x00,0xBE,0xFF,0x5B,0x00,
  0x09,0xDE,0xFF,0x4F,0x00,0x00,0x00,0x60,0xFF,0xBF,0x00,0x00,0x00,0x4E,0xFF,0xE4,
  0x0D,0x00,0x13,0xEB,0xFA,0x2A,0x00,0x00,0x00,0x00,0xB3,0xFF,0x94,0x00,0xA0,0xFF,
  0x89,0x00,0x00,0x00,0x00,0x00,0x22,0xF7,0xFD,0x38,0xBE,0xFF,0x7A,0x00,0x00,0x00,
  0x00,0x00,0x64,0xFF,0xCF,0x01,0x39,0xFF,0xEF,0x11,0x00,0x00,0x00,0x07,0xE2,0xFF,
  0x4A,0x00,0x00,0xB5,0xFF,0x87,0x00,0x00,0x00,0x70,0xFF,0xC4,0x00,0x00,0x00,0x31,
  0xFE,0xF5,0x18,0x00,0x0C,0xE9,0xFF,0x3E,0x00,0x00,0x00,0x00,0xAC,0xFF,0x94,0x00,
  0x7D,0xFF,0xB8,0x00,0x00,0x00,0x00,0x00,0x2A,0xFD,0xF9,0x32,0xF0,0xFF,0x33,0x00,
  0x00,0x00,0x00,0x00,0x00,0xA2,0xFF,0xF0,0xFF,0xAC,0x00,0x00,0x00,0x00,0x00,0x00,
  0x00,0x22,0xFB,0xFF,0xFC,0x29,0x00,0x00,0x00,0x00,0x00,0x00,0x00,0x00,0x9E,0xFF,
  0xA9,0x00,0x00,0x00,0x00,0x00,0x00,0x00,0x00,0x00,0x7C,0xFF,0x90,0x00,0x00,0x00,
  0x00,0x00,0x00,0x00,0x00,0x00,0x7C,0xFF,0x90,0x00,0x00,0x00,0x00,0x00,0x00,0x00,
  0x00,0x00,0x7C,0xFF,0x90,0x00,0x00,0x00,0x00,0x00,0x00,0x00,0x00,0x00,0x7C,0xFF,
  0x90,0x00,0x00,0x00,0x00,0x00,0x00,0x00,0x00,0x00,0x7C,0xFF,0x90,0x00,0x00,0x00,
  0x00,0x00,0x24,0xFF,0xFF,0xFF,0xFF,0xFF,0xFF,0xFF,0xFF,0xFF,0x10,0x1A,0xBC,0xBC,
  0xBC,0xBC,0xBC,0xBC,0xDD,0xFF,0xEE,0x07,0x00,0x00,0x00,0x00,0x00,0x00,0x09,0xDC,
  0xFF,0x61,0x00,0x00,0x00,0x00,0x00,0x00,0x00,0x8A,0xFF,0xBC,0x00,0x00,0x00,0x00,
  0x00,0x00,0x00,0x32,0xFB,0xF5,0x22,0x00,0x00,0x00,0x00,0x00,0x00,0x04,0xCE,0xFF,
  0x73,0x00,0x00,0x00,0x00,0x00,0x00,0x00,0x77,0xFF,0xCC,0x03,0x00,0x00,0x00,0x00,
  0x00,0x00,0x23,0xF6,0xFB,0x2F,0x00,0x00,0x00,0x00,0x00,0x00,0x00,0xBD,0xFF,0x86,
  0x00,0x00,0x00,0x00,0x00,0x00,0x00,0x63,0xFF,0xDA,0x08,0x00,0x00,0x00,0x00,0x00,
  0x00,0x17,0xEE,0xFE,0x3F,0x00,0x00,0x00,0x00,0x00,0x00,0x00,0xAB,0xFF,0x99,0x00,
  0x00,0x00,0x00,0x00,0x00,0x00,0x40,0xFF,0xFF,0xC9,0xBC,0xBC,0xBC,0xBC,0xBC,0xBC,
  0x2C,0x5C,0xFF,0xFF,0xFF,0xFF,0xFF,0xFF,0xFF,0xFF,0xFF,0x3C,0x88,0xFF,0xFF,0xFF,
  0xCC,0x88,0xFF,0xD2,0xBC,0x95,0x88,0xFF,0x54,0x00,0x00,0x88,0xFF,0x54,0x00,0x00,
  0x88,0xFF,0x54,0x00,0x00,0x88,0xFF,0x54,0x00,0x00,0x88,0xFF,0x54,0x00,0x00,0x88,
  0xFF,0x54,0x00,0x00,0x88,0xFF,0x54,0x00,0x00,0x88,0xFF,0x54,0x00,0x00,0x88,0xFF,
  0x54,0x00,0x00,0x88,0xFF,0x54,0x00,0x00,0x88,0xFF,0x54,0x00,0x00,0x88,0xFF,0x54,
  0x00,0x00,0x88,0xFF,0x54,0x00,0x00,0x88,0xFF,0x54,0x00,0x00,0x88,0xFF,0xFF,0xFF,
  0xCC,0x63,0xBC,0xBC,0xBC,0x95,0xA6,0xFF,0x41,0x00,0x00,0x00,0x00,0x00,0x4A,0xFF,
  0x9E,0x00,0x00,0x00,0x00,0x00,0x04,0xE9,0xF1,0x09,0x00,0x00,0x00,0x00,0x00,0x91,
  0xFF,0x57,0x00,0x00,0x00,0x00,0x00,0x35,0xFF,0xB4,0x00,0x00,0x00,0x00,0x00,0x00,
  0xD8,0xFB,0x15,0x00,0x00,0x00,0x00,0x00,0x7D,0xFF,0x6D,0x00,0x00,0x00,0x00,0x00,
  0x21,0xFE,0xC9,0x00,0x00,0x00,0x00,0x00,0x00,0xC4,0xFF,0x27,0x00,0x00,0x00,0x00,
  0x00,0x68,0xFF,0x83,0x00,0x00,0x00,0x00,0x00,0x12,0xF9,0xDE,0x01,0x00,0x00,0x00,
  0x00,0x00,0xAF,0xFF,0x3C,0x00,0x00,0x00,0x00,0x00,0x53,0xFF,0x98,0x00,0x00,0x00,
  0x00,0x00,0x07,0xEF,0xEE,0x06,0x88,0xFF,0xFF,0xFF,0xD0,0x63,0xBC,0xC1,0xFF,0xD0,
  0x00,0x00,0x14,0xFF,0xD0,0x00,0x00,0x14,0xFF,0xD0,0x00,0x00,0x14,0xFF,0xD0,0x00,
  0x00,0x14,0xFF,0xD0,0x00,0x00,0x14,0xFF,0xD0,0x00,0x00,0x14,0xFF,0xD0,0x00,0x00,
  0x14,0xFF,0xD0,0x00,0x00,0x14,0xFF,0xD0,0x00,0x00,0x14,0xFF,0xD0,0x00,0x00,0x14,
  0xFF,0xD0,0x00,0x00,0x14,0xFF,0xD0,0x00,0x00,0x14,0xFF,0xD0,0x00,0x00,0x14,0xFF,
  0xD0,0x00,0x00,0x14,0xFF,0xD0,0x88,0xFF,0xFF,0xFF,0xD0,0x63,0xBC,0xBC,0xBC,0x98,
  0x00,0x00,0x00,0x00,0x8E,0xED,0x0D,0x00,0x00,0x00,0x00,0x00,0x00,0x00,0x0E,0xF1,
  0xFF,0x7B,0x00,0x00,0x00,0x00,0x00,0x00,0x00,0x73,0xFD,0xB6,0xED,0x0D,0x00,0x00,
  0x00,0x00,0x00,0x04,0xE1,0xAE,0x22,0xFC,0x7A,0x00,0x00,0x00,0x00,0x00,0x58,0xFF,
  0x40,0x00,0xA3,0xEC,0x0C,0x00,0x00,0x00,0x00,0xCA,0xD2,0x00,0x00,0x2A,0xFE,0x79,
  0x00,0x00,0x00,0x3E,0xFF,0x63,0x00,0x00,0x00,0xAC,0xEC,0x0C,0x00,0x00,0xB0,0xEC,
  0x08,0x00,0x00,0x00,0x31,0xFF,0x78,0x00,0x24,0xFD,0x87,0x00,0x00,0x00,0x00,0x00,
  0xB6,0xEB,0x0C,0x05,0xBC,0xBC,0xBC,0xBC,0xBC,0xBC,0xBC,0xBC,0x34,0x08,0xFF,0xFF,
  0xFF,0xFF,0xFF,0xFF,0xFF,0xFF,0x48,0x16,0xE3,0xFF,0x66,0x00,0x00,0x00,0x27,0xE3,
  0xF1,0x1F,0x00,0x00,0x00,0x1D,0xCE,0xC9,0x01,0x00,0x00,0x3E,0xA7,0xE6,0xF9,0xDF,
  0x9C,0x19,0x00,0x00,0x01,0xDB,0xFF,0xE3,0xC5,0xEE,0xFF,0xD8,0x04,0x00,0x00,0x3C,
  0x25,0x00,0x00,0x0F,0xE1,0xFF,0x40,0x00,0x00,0x00,0x00,0x00,0x00,0x00,0xA1,0xFF,
  0x5F,0x00,0x00,0x23,0x7C,0xA9,0xB9,0xBC,0xE4,0xFF,0x64,0x00,0x55,0xFA,0xFF,0xFF,
  0xFF,0xFF,0xFF,0xFF,0x64,0x03,0xEA,0xFF,0xA1,0x26,0x06,0x00,0x9C,0xFF,0x64,0x1C,
  0xFF,0xF9,0x06,0x00,0x00,0x00,0xBD,0xFF,0x64,0x07,0xFD,0xFE,0x23,0x00,0x00,0x5B,
  0xFE,0xFF,0x64,0x00,0xB0,0xFF,0xF4,0xC4,0xDE,0xFB,0xA1,0xFF,0x64,0x00,0x13,0x9F,
  0xEA,0xF6,0xC9,0x45,0x25,0xFF,0x64,0x6C,0xFF,0x98,0x00,0x00,0x00,0x00,0x00,0x00,
  0x00,0x6C,0xFF,0x98,0x00,0x00,0x00,0x00,0x00,0x00,0x00,0x6C,0xFF,0x98,0x00,0x00,
  0x00,0x00,0x00,0x00,0x00,0x6C,0xFF,0x96,0x00,0x00,0x00,0x00,0x00,0x00,0x00,0x6C,
  0xFF,0x8E,0x50,0xCF,0xF7,0xE4,0x8A,0x08,0x00,0x6C,0xFF,0xCC,0xFD,0xDD,0xCD,0xFA,
  0xFF,0xB2,0x00,0x6C,0xFF,0xFF,0x5D,0x00,0x00,0x31,0xF1,0xFF,0x47,0x6C,0xFF,0xD6,
  0x00,0x00,0x00,0x00,0x93,0xFF,0x95,0x6C,0xFF,0xAB,0x00,0x00,0x00,0x00,0x60,0xFF,
  0xBC,0x6C,0xFF,0x9B,0x00,0x00,0x00,0x00,0x4E,0xFF,0xC8,0x6C,0xFF,0xAD,0x00,0x00,
  0x00,0x00,0x62,0xFF,0xBB,0x6C,0xFF,0xDE,0x00,0x00,0x00,0x00,0x98,0xFF,0x94,0x6C,
  0xFF,0xFF,0x69,0x00,0x00,0x33,0xF3,0xFF,0x45,0x6C,0xFF,0xCA,0xFF,0xE0,0xCD,0xFA,
  0xFF,0xB2,0x00,0x6C,0xFF,0x30,0x5F,0xD5,0xF8,0xE5,0x89,0x08,0x00,0x00,0x04,0x74,
  0xD0,0xF5,0xEA,0xC2,0x52,0x02,0xBB,0xFF,0xF9,0xCD,0xD6,0xFD,0x62,0x68,0xFF,0xE0,
  0x24,0x00,0x00,0x1C,0x0B,0xC2,0xFF,0x66,0x00,0x00,0x00,0x00,0x00,0xEC,0xFF,0x2B,
  0x00,0x00,0x00,0x00,0x00,0xFE,0xFF,0x16,0x00,0x00,0x00,0x00,0x00,0xF5,0xFF,0x29,
  0x00,0x00,0x00,0x00,0x00,0xCE,0xFF,0x62,0x00,0x00,0x00,0x00,0x00,0x7B,0xFF,0xDD,
  0x20,0x00,0x00,0x10,0x28,0x0A,0xCF,0xFF,0xF8,0xCB,0xD3,0xF7,0x78,0x00,0x0D,0x87,
  0xDC,0xFA,0xF5,0xC2,0x39,0x00,0x00,0x00,0x00,0x00,0x00,0x00,0x00,0xD0,0xFF,0x34,
  0x00,0x00,0x00,0x00,0x00,0x00,0x00,0x00,0xD0,0xFF,0x34,0x00,0x00,0x00,0x00,0x00,
  0x00,0x00,0x00,0xD0,0xFF,0x34,0x00,0x00,0x00,0x00,0x00,0x00,0x00,0x00,0xCF,0xFF,
  0x34,0x00,0x00,0x18,0xA2,0xED,0xF4,0xBD,0x32,0xC7,0xFF,0x34,0x00,0x0D,0xDA,0xFF,
  0xF0,0xC5,0xE9,0xF4,0xDB,0xFF,0x34,0x00,0x7D,0xFF,0xDA,0x13,0x00,0x01,0x94,0xFF,
  0xFF,0x34,0x00,0xCC,0xFF,0x66,0x00,0x00,0x00,0x0F,0xF8,0xFF,0x34,0x00,0xF4,0xFF,
  0x2A,0x00,0x00,0x00,0x00,0xD4,0xFF,0x34,0x01,0xFF,0xFF,0x16,0x00,0x00,0x00,0x00,
  0xBF,0xFF,0x34,0x00,0xF5,0xFF,0x27,0x00,0x00,0x00,0x00,0xCD,0xFF,0x34,0x00,0xD0,
  0xFF,0x5D,0x00,0x00,0x00,0x08,0xF0,0xFF,0x34,0x00,0x83,0xFF,0xD6,0x16,0x00,0x00,
  0x85,0xFF,0xFF,0x34,0x00,0x11,0xE0,0xFF,0xF4,0xC8,0xE5,0xF0,0xCF,0xFF,0x34,0x00,
  0x00,0x1C,0xA8,0xF0,0xF5,0xBF,0x31,0x7B,0xFF,0x34,0x00,0x05,0x7A,0xD8,0xF8,0xE7,
  0x99,0x15,0x00,0x01,0xB5,0xFF,0xF1,0xC7,0xE7,0xFF,0xD7,0x0D,0x5E,0xFF,0xC9,0x11,
  0x00,0x06,0xAE,0xFF,0x7E,0xBB,0xFF,0x47,0x00,0x00,0x00,0x34,0xFF,0xCB,0xEC,0xFF,
  0xC4,0xBC,0xBC,0xBC,0xC2,0xFF,0xE9,0xFD,0xFF,0xFF,0xFF,0xFF,0xFF,0xFF,0xFF,0xF0,
  0xED,0xFF,0x23,0x00,0x00,0x00,0x00,0x00,0x00,0xC0,0xFF,0x5F,0x00,0x00,0x00,0x00,
  0x00,0x00,0x5F,0xFF,0xE3,0x2E,0x00,0x00,0x00,0x25,0x2B,0x00,0xAA,0xFF,0xFC,0xD4,
  0xC7,0xE2,0xFF,0x70,0x00,0x01,0x67,0xC9,0xF2,0xFB,0xE2,0x9E,0x29,0x00,0x00,0x09,
  0x85,0xDE,0xF8,0xE1,0x59,0x00,0x00,0x93,0xFF,0xF6,0xC5,0xDA,0x3E,0x00,0x00,0xE3,
  0xFF,0x46,0x00,0x00,0x00,0x00,0x00,0xF7,0xFF,0x0F,0x00,0x00,0x00,0x54,0xD0,0xFF,
  0xFF,0xFF,0xFF,0x94,0x00,0x84,0xBC,0xFD,0xFF,0xBF,0xBC,0x6C,0x00,0x00,0x00,0xF8,
  0xFF,0x0C,0x00,0x00,0x00,0x00,0x00,0xF8,0xFF,0x0C,0x00,0x00,0x00,0x00,0x00,0xF8,
  0xFF,0x0C,0x00,0x00,0x00,0x00,0x00,0xF8,0xFF,0x0C,0x00,0x00,0x00,0x00,0x00,0xF8,
  0xFF,0x0C,0x00,0x00,0x00,0x00,0x00,0xF8,0xFF,0x0C,0x00,0x00,0x00,0x00,0x00,0xF8,
  0xFF,0x0C,0x00,0x00,0x00,0x00,0x00,0xF8,0xFF,0x0C,0x00,0x00,0x00,0x00,0x00,0xF8,
  0xFF,0x0C,0x00,0x00,0x00,0x00,0x00,0x19,0xA5,0xEE,0xF4,0xBD,0x34,0x82,0xFF,0x34,
  0x00,0x0B,0xD9,0xFF,0xF5,0xC9,0xE9,0xF4,0xCD,0xFF,0x34,0x00,0x77,0xFF,0xD9,0x18,
  0x00,0x03,0x93,0xFF,0xFF,0x34,0x00,0xC9,0xFF,0x60,0x00,0x00,0x00,0x07,0xF3,0xFF,
  0x34,0x00,0xF3,0xFF,0x28,0x00,0x00,0x00,0x00,0xC8,0xFF,0x34,0x01,0xFF,0xFF,0x15,
  0x00,0x00,0x00,0x00,0xB9,0xFF,0x34,0x00,0xF5,0xFF,0x27,0x00,0x00,0x00,0x00,0xC9,
  0xFF,0x34,0x00,0xCD,0xFF,0x5D,0x00,0x00,0x00,0x05,0xEC,0xFF,0x34,0x00,0x7E,0xFF,
  0xD6,0x16,0x00,0x01,0x81,0xFF,0xFF,0x34,0x00,0x0E,0xDE,0xFF,0xF4,0xC8,0xE4,0xEE,
  0xDD,0xFF,0x34,0x00,0x00,0x1C,0xA8,0xEF,0xF5,0xBE,0x30,0xCA,0xFF,0x34,0x00,0x00,
  0x00,0x00,0x00,0x00,0x00,0x00,0xD7,0xFF,0x2E,0x00,0x00,0x00,0x00,0x00,0x00,0x00,
  0x0E,0xF8,0xFF,0x15,0x00,0x29,0x5B,0x08,0x00,0x00,0x04,0x9C,0xFF,0xCE,0x00,0x00,
  0x44,0xFF,0xF7,0xDA,0xC4,0xE8,0xFF,0xFA,0x43,0x00,0x00,0x1A,0x93,0xD4,0xED,0xFB,
  0xEA,0xB0,0x37,0x00,0x00,0x6C,0xFF,0x98,0x00,0x00,0x00,0x00,0x00,0x00,0x00,0x6C,
  0xFF,0x98,0x00,0x00,0x00,0x00,0x00,0x00,0x00,0x6C,0xFF,0x98,0x00,0x00,0x00,0x00,
  0x00,0x00,0x00,0x6C,0xFF,0x97,0x00,0x00,0x00,0x00,0x00,0x00,0x00,0x6C,0xFF,0x90,
  0x4B,0xCA,0xF6,0xE2,0x9F,0x18,0x00,0x6C,0xFF,0xC6,0xFD,0xE4,0xC8,0xF5,0xFF,0xD9,
  0x05,0x6C,0xFF,0xFF,0x75,0x00,0x00,0x20,0xF1,0xFF,0x47,0x6C,0xFF,0xE3,0x02,0x00,
  0x00,0x00,0xA5,0xFF,0x6C,0x6C,0xFF,0xAF,0x00,0x00,0x00,0x00,0x8D,0xFF,0x74,0x6C,
  0xFF,0x9B,0x00,0x00,0x00,0x00,0x8C,0xFF,0x74,0x6C,0xFF,0x98,0x00,0x00,0x00,0x00,
  0x8C,0xFF,0x74,0x6C,0xFF,0x98,0x00,0x00,0x00,0x00,0x8C,0xFF,0x74,0x6C,0xFF,0x98,
  0x00,0x00,0x00,0x00,0x8C,0xFF,0x74,0x6C,0xFF,0x98,0x00,0x00,0x00,0x00,0x8C,0xFF,
  0x74,0x6C,0xFF,0x98,0x00,0x00,0x00,0x00,0x8C,0xFF,0x74,0x57,0xEB,0x7E,0x6D,0xFF,
  0x9B,0x00,0x14,0x00,0x00,0x00,0x00,0x6C,0xFF,0x98,0x6C,0xFF,0x98,0x6C,0xFF,0x98,
  0x6C,0xFF,0x98,0x6C,0xFF,0x98,0x6C,0xFF,0x98,0x6C,0xFF,0x98,0x6C,0xFF,0x98,0x6C,
  0xFF,0x98,0x6C,0xFF,0x98,0x6C,0xFF,0x98,0x00,0x00,0x00,0x57,0xEB,0x7E,0x00,0x00,
  0x00,0x6D,0xFF,0x9B,0x00,0x00,0x00,0x00,0x14,0x00,0x00,0x00,0x00,0x00,0x00,0x00,
  0x00,0x00,0x00,0x6C,0xFF,0x98,0x00,0x00,0x00,0x6C,0xFF,0x98,0x00,0x00,0x00,0x6C,
  0xFF,0x98,0x00,0x00,0x00,0x6C,0xFF,0x98,0x00,0x00,0x00,0x6C,0xFF,0x98,0x00,0x00,
  0x00,0x6C,0xFF,0x98,0x00,0x00,0x00,0x6C,0xFF,0x98,0x00,0x00,0x00,0x6C,0xFF,0x98,
  0x00,0x00,0x00,0x6C,0xFF,0x98,0x00,0x00,0x00,0x6C,0xFF,0x98,0x00,0x00,0x00,0x6C,
  0xFF,0x98,0x00,0x00,0x00,0x6C,0xFF,0x98,0x00,0x00,0x00,0x6F,0xFF,0x95,0x00,0x00,
  0x00,0xA3,0xFF,0x79,0x19,0xD0,0xD2,0xFF,0xFD,0x27,0x15,0xE6,0xF8,0xD4,0x53,0x00,
  0x6C,0xFF,0x94,0x00,0x00,0x00,0x00,0x00,0x00,0x00,0x6C,0xFF,0x94,0x00,0x00,0x00,
  0x00,0x00,0x00,0x00,0x6C,0xFF,0x94,0x00,0x00,0x00,0x00,0x00,0x00,0x00,0x6C,0xFF,
  0x94,0x00,0x00,0x00,0x00,0x00,0x00,0x00,0x6C,0xFF,0x94,0x00,0x00,0x00,0x87,0xFF,
  0xC4,0x08,0x6C,0xFF,0x94,0x00,0x00,0x65,0xFF,0xDA,0x13,0x00,0x6C,0xFF,0x94,0x00,
  0x46,0xFB,0xEB,0x24,0x00,0x00,0x6C,0xFF,0x91,0x2D,0xF2,0xF7,0x3A,0x00,0x00,0x00,
  0x6C,0xFF,0x93,0xDC,0xFF,0x62,0x00,0x00,0x00,0x00,0x6C,0xFF,0xF6,0xFF,0xFF,0xA8,
  0x00,0x00,0x00,0x00,0x6C,0xFF,0xF9,0x68,0xE7,0xFF,0x5B,0x00,0x00,0x00,0x6C,0xFF,
  0x97,0x00,0x4B,0xFF,0xEF,0x1D,0x00,0x00,0x6C,0xFF,0x94,0x00,0x00,0x9A,0xFF,0xBE,
  0x01,0x00,0x6C,0xFF,0x94,0x00,0x00,0x0C,0xDD,0xFF,0x73,0x00,0x6C,0xFF,0x94,0x00,
  0x00,0x00,0x3B,0xFD,0xF8,0x2D,0x6C,0xFF,0x98,0x6C,0xFF,0x98,0x6C,0xFF,0x98,0x6C,
  0xFF,0x98,0x6C,0xFF,0x98,0x6C,0xFF,0x98,0x6C,0xFF,0x98,0x6C,0xFF,0x98,0x6C,0xFF,
  0x98,0x6C,0xFF,0x98,0x6C,0xFF,0x98,0x6C,0xFF,0x98,0x6C,0xFF,0x98,0x6C,0xFF,0x98,
  0x6C,0xFF,0x98,0x6C,0xFF,0x41,0x58,0xD1,0xF8,0xE4,0x89,0x06,0x22,0xAC,0xEF,0xED,
  0xB9,0x2C,0x00,0x6C,0xFF,0xBB,0xFE,0xDC,0xCE,0xFE,0xFF,0x9D,0xE4,0xF1,0xC8,0xED,
  0xFF,0xEE,0x12,0x6C,0xFF,0xFF,0x61,0x00,0x00,0x69,0xFF,0xFF,0xC7,0x0F,0x00,0x12,
  0xE2,0xFF,0x5F,0x6C,0xFF,0xDD,0x00,0x00,0x00,0x07,0xFE,0xFF,0x4B,0x00,0x00,0x00,
  0x91,0xFF,0x81,0x6C,0xFF,0xAD,0x00,0x00,0x00,0x00,0xF0,0xFF,0x1D,0x00,0x00,0x00,
  0x7C,0xFF,0x88,0x6C,0xFF,0x9B,0x00,0x00,0x00,0x00,0xF0,0xFF,0x0C,0x00,0x00,0x00,
  0x7C,0xFF,0x88,0x6C,0xFF,0x98,0x00,0x00,0x00,0x00,0xF0,0xFF,0x0C,0x00,0x00,0x00,
  0x7C,0xFF,0x88,0x6C,0xFF,0x98,0x00,0x00,0x00,0x00,0xF0,0xFF,0x0C,0x00,0x00,0x00,
  0x7C,0xFF,0x88,0x6C,0xFF,0x98,0x00,0x00,0x00,0x00,0xF0,0xFF,0x0C,0x00,0x00,0x00,
  0x7C,0xFF,0x88,0x6C,0xFF,0x98,0x00,0x00,0x00,0x00,0xF0,0xFF,0x0C,0x00,0x00,0x00,
  0x7C,0xFF,0x88,0x6C,0xFF,0x98,0x00,0x00,0x00,0x00,0xF0,0xFF,0x0C,0x00,0x00,0x00,
  0x7C,0xFF,0x88,0x6C,0xFF,0x41,0x4F,0xC8,0xF6,0xE3,0xA2,0x19,0x00,0x6C,0xFF,0xB9,
  0xFE,0xE4,0xC8,0xF5,0xFF,0xDA,0x05,0x6C,0xFF,0xFF,0x73,0x00,0x00,0x20,0xF1,0xFF,
  0x47,0x6C,0xFF,0xE2,0x01,0x00,0x00,0x00,0xA5,0xFF,0x6C,0x6C,0xFF,0xAF,0x00,0x00,
  0x00,0x00,0x8D,0xFF,0x74,0x6C,0xFF,0x9B,0x00,0x00,0x00,0x00,0x8C,0xFF,0x74,0x6C,
  0xFF,0x98,0x00,0x00,0x00,0x00,0x8C,0xFF,0x74,0x6C,0xFF,0x98,0x00,0x00,0x00,0x00,
  0x8C,0xFF,0x74,0x6C,0xFF,0x98,0x00,0x00,0x00,0x00,0x8C,0xFF,0x74,0x6C,0xFF,0x98,
  0x00,0x00,0x00,0x00,0x8C,0xFF,0x74,0x6C,0xFF,0x98,0x00,0x00,0x00,0x00,0x8C,0xFF,
  0x74,0x00,0x05,0x76,0xD4,0xF8,0xEA,0xAE,0x32,0x00,0x00,0x02,0xB7,0xFF,0xF8,0xCC,
  0xE1,0xFF,0xF7,0x47,0x00,0x66,0xFF,0xDB,0x1D,0x00,0x00,0x69,0xFF,0xE7,0x09,0xC4,
  0xFF,0x61,0x00,0x00,0x00,0x00,0xCD,0xFF,0x53,0xF3,0xFF,0x28,0x00,0x00,0x00,0x00,
  0x93,0xFF,0x83,0xFE,0xFF,0x16,0x00,0x00,0x00,0x00,0x7F,0xFF,0x96,0xEC,0xFF,0x2A,
  0x00,0x00,0x00,0x00,0x93,0xFF,0x89,0xBB,0xFF,0x67,0x00,0x00,0x00,0x00,0xCF,0xFF,
  0x59,0x59,0xFF,0xE0,0x21,0x00,0x00,0x6A,0xFF,0xEE,0x0C,0x00,0xA7,0xFF,0xF9,0xCD,
  0xE0,0xFF,0xFB,0x51,0x00,0x00,0x01,0x6D,0xD1,0xF6,0xEF,0xB4,0x39,0x00,0x00,0x6C,
  0xFF,0x4D,0x4E,0xCF,0xF7,0xE5,0x8B,0x09,0x00,0x6C,0xFF,0xBE,0xFD,0xDC,0xCE,0xFB,
  0xFF,0xB4,0x00,0x6C,0xFF,0xFF,0x5F,0x00,0x00,0x34,0xF3,0xFF,0x48,0x6C,0xFF,0xD4,
  0x00,0x00,0x00,0x00,0x98,0xFF,0x96,0x6C,0xFF,0xA9,0x00,0x00,0x00,0x00,0x60,0xFF,
  0xBC,0x6C,0xFF,0x9B,0x00,0x00,0x00,0x00,0x4E,0xFF,0xC8,0x6C,0xFF,0xAE,0x00,0x00,
  0x00,0x00,0x62,0xFF,0xBB,0x6C,0xFF,0xE0,0x01,0x00,0x00,0x00,0xA0,0xFF,0x94,0x6C,
  0xFF,0xFF,0x6C,0x00,0x00,0x2E,0xF5,0xFF,0x43,0x6C,0xFF,0xD6,0xFF,0xE0,0xC6,0xF9,
  0xFF,0xAF,0x00,0x6C,0xFF,0x8B,0x5D,0xD4,0xF8,0xE5,0x88,0x07,0x00,0x6C,0xFF,0x97,
  0x00,0x00,0x00,0x00,0x00,0x00,0x00,0x6C,0xFF,0x98,0x00,0x00,0x00,0x00,0x00,0x00,
  0x00,0x6C,0xFF,0x98,0x00,0x00,0x00,0x00,0x00,0x00,0x00,0x6C,0xFF,0x98,0x00,0x00,
  0x00,0x00,0x00,0x00,0x00,0x6C,0xFF,0x98,0x00,0x00,0x00,0x00,0x00,0x00,0x00,0x00,
  0x00,0x18,0xA2,0xED,0xF4,0xBE,0x32,0x83,0xFF,0x34,0x00,0x0D,0xDA,0xFF,0xF0,0xC5,
  0xE9,0xF3,0xCC,0xFF,0x34,0x00,0x7D,0xFF,0xD8,0x12,0x00,0x01,0x95,0xFF,0xFF,0x34,
  0x00,0xCC,0xFF,0x64,0x00,0x00,0x00,0x10,0xF8,0xFF,0x34,0x00,0xF4,0xFF,0x29,0x00,
  0x00,0x00,0x00,0xD4,0xFF,0x34,0x01,0xFF,0xFF,0x15,0x00,0x00,0x00,0x00,0xBF,0xFF,
  0x34,0x00,0xF5,0xFF,0x26,0x00,0x00,0x00,0x00,0xCE,0xFF,0x34,0x00,0xD0,0xFF,0x5C,
  0x00,0x00,0x00,0x08,0xF1,0xFF,0x34,0x00,0x83,0xFF,0xD5,0x16,0x00,0x00,0x85,0xFF,
  0xFF,0x34,0x00,0x11,0xE0,0xFF,0xF4,0xC8,0xE4,0xEE,0xD9,0xFF,0x34,0x00,0x00,0x1C,
  0xA8,0xF0,0xF4,0xBC,0x2C,0xCA,0xFF,0x34,0x00,0x00,0x00,0x00,0x00,0x00,0x00,0x00,
  0xD0,0xFF,0x34,0x00,0x00,0x00,0x00,0x00,0x00,0x00,0x00,0xD0,0xFF,0x34,0x00,0x00,
  0x00,0x00,0x00,0x00,0x00,0x00,0xD0,0xFF,0x34,0x00,0x00,0x00,0x00,0x00,0x00,0x00,
  0x00,0xD0,0xFF,0x34,0x00,0x00,0x00,0x00,0x00,0x00,0x00,0x00,0xD0,0xFF,0x34,0x6C,
  0xFF,0x3C,0x31,0xC1,0xF7,0xAA,0x6C,0xFF,0x89,0xF2,0xED,0xC7,0x89,0x6C,0xFF,0xFF,
  0xA6,0x09,0x00,0x00,0x6C,0xFF,0xEA,0x09,0x00,0x00,0x00,0x6C,0xFF,0xAA,0x00,0x00,
  0x00,0x00,0x6C,0xFF,0x98,0x00,0x00,0x00,0x00,0x6C,0xFF,0x98,0x00,0x00,0x00,0x00,
  0x6C,0xFF,0x98,0x00,0x00,0x00,0x00,0x6C,0xFF,0x98,0x00,0x00,0x00,0x00,0x6C,0xFF,
  0x98,0x00,0x00,0x00,0x00,0x6C,0xFF,0x98,0x00,0x00,0x00,0x00,0x00,0x0A,0x7C,0xD5,
  0xF5,0xEA,0xC5,0x74,0x0A,0x00,0xB0,0xFF,0xF1,0xC4,0xD8,0xFB,0xE7,0x04,0x07,0xFE,
  0xF6,0x13,0x00,0x00,0x14,0x39,0x00,0x02,0xF4,0xFE,0x3B,0x00,0x00,0x00,0x00,0x00,
  0x00,0x76,0xFF,0xFD,0xAF,0x41,0x00,0x00,0x00,0x00,0x00,0x48,0xC8,0xFF,0xFF,0xCC,
  0x33,0x00,0x00,0x00,0x00,0x00,0x37,0xB6,0xFF,0xEF,0x15,0x00,0x00,0x00,0x00,0x00,
  0x00,0xBA,0xFF,0x55,0x06,0x5B,0x0A,0x00,0x00,0x05,0xC9,0xFF,0x4A,0x0C,0xFF,0xF9,
  0xD8,0xC3,0xE9,0xFF,0xDB,0x08,0x04,0x86,0xD6,0xF7,0xF7,0xDA,0x8E,0x17,0x00,0x00,
  0x00,0x43,0x64,0x00,0x00,0x00,0x00,0x00,0xC0,0xC8,0x00,0x00,0x00,0x00,0x13,0xFB,
  0xC8,0x00,0x00,0x00,0x4E,0xE4,0xFF,0xFF,0xFF,0xFF,0xB4,0x7B,0xCB,0xFF,0xF1,0xBC,
  0xBC,0x84,0x00,0x3C,0xFF,0xC8,0x00,0x00,0x00,0x00,0x3C,0xFF,0xC8,0x00,0x00,0x00,
  0x00,0x3C,0xFF,0xC8,0x00,0x00,0x00,0x00,0x3C,0xFF,0xC8,0x00,0x00,0x00,0x00,0x3C,
  0xFF,0xC8,0x00,0x00,0x00,0x00,0x3A,0xFF,0xCB,0x00,0x00,0x00,0x00,0x27,0xFF,0xF1,
  0x12,0x00,0x00,0x00,0x01,0xDC,0xFF,0xE9,0xC2,0xB3,0x00,0x00,0x2D,0xC1,0xF7,0xF1,
  0x9A,0x84,0xFF,0x84,0x00,0x00,0x00,0x00,0xA0,0xFF,0x64,0x84,0xFF,0x84,0x00,0x00,
  0x00,0x00,0xA0,0xFF,0x64,0x84,0xFF,0x84,0x00,0x00,0x00,0x00,0xA0,0xFF,0x64,0x84,
  0xFF,0x84,0x00,0x00,0x00,0x00,0xA0,0xFF,0x64,0x84,0xFF,0x84,0x00,0x00,0x00,0x00,
  0xA0,0xFF,0x64,0x84,0xFF,0x84,0x00,0x00,0x00,0x00,0xA2,0xFF,0x64,0x84,0xFF,0x84,
  0x00,0x00,0x00,0x00,0xB6,0xFF,0x64,0x7D,0xFF,0x95,0x00,0x00,0x00,0x01,0xE1,0xFF,
  0x64,0x5A,0xFF,0xDD,0x08,0x00,0x00,0x5D,0xFF,0xFF,0x64,0x0D,0xE8,0xFF,0xD6,0x97,
  0xB8,0xFD,0xDD,0xFF,0x64,0x00,0x23,0xAC,0xE6,0xF8,0xD1,0x65,0x52,0xFF,0x64,0xD3,
  0xFF,0x49,0x00,0x00,0x00,0x00,0x4F,0xFF,0xD2,0x79,0xFF,0x9E,0x00,0x00,0x00,0x00,
  0xA3,0xFF,0x77,0x1F,0xFE,0xEE,0x05,0x00,0x00,0x06,0xF0,0xFE,0x1E,0x00,0xC5,0xFF,
  0x47,0x00,0x00,0x4C,0xFF,0xC1,0x00,0x00,0x6B,0xFF,0x9C,0x00,0x00,0xA1,0xFF,0x66,
  0x00,0x00,0x15,0xFB,0xEC,0x04,0x05,0xEF,0xF9,0x12,0x00,0x00,0x00,0xB6,0xFF,0x43,
  0x48,0xFF,0xB0,0x00,0x00,0x00,0x00,0x5C,0xFF,0x90,0x95,0xFF,0x55,0x00,0x00,0x00,
  0x00,0x0C,0xF5,0xD1,0xD9,0xF1,0x08,0x00,0x00,0x00,0x00,0x00,0xA8,0xFC,0xFE,0x9F,
  0x00,0x00,0x00,0x00,0x00,0x00,0x4D,0xFF,0xFF,0x45,0x00,0x00,0x00,0xAB,0xFF,0x61,
  0x00,0x00,0x00,0x90,0xFF,0xE8,0x01,0x00,0x00,0x0C,0xFB,0xF6,0x07,0x69,0xFF,0x9E,
  0x00,0x00,0x00,0xD6,0xFF,0xFF,0x2E,0x00,0x00,0x47,0xFF,0xBB,0x00,0x27,0xFF,0xDB,
  0x00,0x00,0x1D,0xFF,0xBF,0xFF,0x73,0x00,0x00,0x86,0xFF,0x78,0x00,0x00,0xE4,0xFF,
  0x19,0x00,0x64,0xFF,0x55,0xFA,0xB7,0x00,0x00,0xC5,0xFF,0x35,0x00,0x00,0xA3,0xFF,
  0x55,0x00,0xAA,0xFE,0x12,0xC6,0xF5,0x06,0x0A,0xFA,0xEF,0x03,0x00,0x00,0x60,0xFF,
  0x92,0x02,0xEE,0xCF,0x00,0x82,0xFF,0x40,0x42,0xFF,0xAF,0x00,0x00,0x00,0x1E,0xFF,
  0xC8,0x32,0xFF,0x88,0x00,0x3F,0xFF,0x81,0x7A,0xFF,0x6C,0x00,0x00,0x00,0x00,0xDC,
  0xF7,0x6F,0xFF,0x41,0x00,0x06,0xF4,0xBD,0xAF,0xFF,0x29,0x00,0x00,0x00,0x00,0x9A,
  0xFF,0xC5,0xF3,0x06,0x00,0x00,0xB7,0xEE,0xDC,0xE6,0x00,0x00,0x00,0x00,0x00,0x58,
  0xFF,0xFF,0xB2,0x00,0x00,0x00,0x73,0xFF,0xFF,0xA3,0x00,0x00,0x00,0x00,0x00,0x16,
  0xFE,0xFF,0x6B,0x00,0x00,0x00,0x2E,0xFF,0xFF,0x61,0x00,0x00,0x00,0x3F,0xFE,0xF0,
  0x18,0x00,0x00,0x00,0xB5,0xFF,0x8D,0x00,0x99,0xFF,0xA6,0x00,0x00,0x52,0xFF,0xDF,
  0x0B,0x00,0x0F,0xE5,0xFF,0x43,0x0B,0xE2,0xFF,0x48,0x00,0x00,0x00,0x4F,0xFF,0xD8,
  0x8F,0xFF,0xA4,0x00,0x00,0x00,0x00,0x00,0xAB,0xFF,0xFF,0xEC,0x14,0x00,0x00,0x00,
  0x00,0x00,0x43,0xFF,0xFF,0x91,0x00,0x00,0x00,0x00,0x00,0x03,0xCC,0xFF,0xFB,0xF5,
  0x23,0x00,0x00,0x00,0x00,0x77,0xFF,0xBE,0x6A,0xFF,0xBF,0x01,0x00,0x00,0x25,0xF7,
  0xF8,0x26,0x02,0xC8,0xFF,0x68,0x00,0x01,0xC1,0xFF,0x7D,0x00,0x00,0x2F,0xFB,0xF2,
  0x1D,0x69,0xFF,0xD6,0x06,0x00,0x00,0x00,0x8C,0xFF,0xB7,0xCD,0xFF,0x5A,0x00,0x00,
  0x00,0x00,0x51,0xFF,0xD7,0x6E,0xFF,0xB0,0x00,0x00,0x00,0x00,0xA3,0xFF,0x7D,0x15,
  0xFA,0xF8,0x0E,0x00,0x00,0x05,0xEF,0xFF,0x24,0x00,0xB1,0xFF,0x5C,0x00,0x00,0x47,
  0xFF,0xCA,0x00,0x00,0x53,0xFF,0xB2,0x00,0x00,0x99,0xFF,0x71,0x00,0x00,0x06,0xED,
  0xF9,0x0F,0x02,0xE8,0xFD,0x1A,0x00,0x00,0x00,0x96,0xFF,0x5C,0x3B,0xFF,0xBE,0x00,
  0x00,0x00,0x00,0x37,0xFF,0xA9,0x86,0xFF,0x64,0x00,0x00,0x00,0x00,0x00,0xD8,0xE6,
  0xC8,0xF9,0x11,0x00,0x00,0x00,0x00,0x00,0x7A,0xFF,0xFF,0xB1,0x00,0x00,0x00,0x00,
  0x00,0x00,0x1D,0xFD,0xFF,0x58,0x00,0x00,0x00,0x00,0x00,0x00,0x0C,0xF7,0xF4,0x0A,
  0x00,0x00,0x00,0x00,0x00,0x00,0x62,0xFF,0xA3,0x00,0x00,0x00,0x00,0x00,0x00,0x18,
  0xE1,0xFF,0x35,0x00,0x00,0x00,0x00,0x82,0xBF,0xF0,0xFF,0x9A,0x00,0x00,0x00,0x00,
  0x00,0x99,0xFB,0xE0,0x83,0x06,0x00,0x00,0x00,0x00,0x00,0x04,0xFF,0xFF,0xFF,0xFF,
  0xFF,0xFF,0xFF,0x30,0x02,0xBC,0xBC,0xBC,0xBC,0xC5,0xFF,0xFE,0x23,0x00,0x00,0x00,
  0x00,0x00,0x90,0xFF,0x93,0x00,0x00,0x00,0x00,0x00,0x3D,0xFD,0xDB,0x0A,0x00,0x00,
  0x00,0x00,0x0A,0xDC,0xFD,0x3C,0x00,0x00,0x00,0x00,0x00,0x93,0xFF,0x8D,0x00,0x00,
  0x00,0x00,0x00,0x40,0xFE,0xD8,0x08,0x00,0x00,0x00,0x00,0x0B,0xDE,0xFC,0x37,0x00,
  0x00,0x00,0x00,0x00,0x96,0xFF,0x87,0x00,0x00,0x00,0x00,0x00,0x35,0xFE,0xFF,0xC3,
  0xBC,0xBC,0xBC,0xBC,0x40,0x54,0xFF,0xFF,0xFF,0xFF,0xFF,0xFF,0xFF,0x58,0x00,0x00,
  0x00,0x16,0x94,0xDD,0xA1,0x00,0x00,0x00,0xC4,0xFF,0xF1,0x82,0x00,0x00,0x19,0xFF,
  0xE6,0x13,0x00,0x00,0x00,0x33,0xFF,0xB0,0x00,0x00,0x00,0x00,0x34,0xFF,0xAC,0x00,
  0x00,0x00,0x00,0x34,0xFF,0xAC,0x00,0x00,0x00,0x00,0x44,0xFF,0xA5,0x00,0x00,0x03,
  0x28,0xBF,0xFF,0x6A,0x00,0x00,0x8C,0xFF,0xE5,0x74,0x02,0x00,0x00,0x6B,0xE4,0xFE,
  0xB9,0x13,0x00,0x00,0x00,0x02,0x95,0xFF,0x84,0x00,0x00,0x00,0x00,0x3C,0xFF,0xAA,
  0x00,0x00,0x00,0x00,0x34,0xFF,0xAC,0x00,0x00,0x00,0x00,0x34,0xFF,0xAC,0x00,0x00,
  0x00,0x00,0x31,0xFF,0xB6,0x00,0x00,0x00,0x00,0x10,0xFF,0xF3,0x41,0x05,0x00,0x00,
  0x00,0xA1,0xFF,0xFF,0xA8,0x00,0x00,0x00,0x05,0x64,0xA5,0x79,0x8C,0xFF,0x04,0x8C,
  0xFF,0x04,0x8C,0xFF,0x04,0x8C,0xFF,0x04,0x8C,0xFF,0x04,0x8C,0xFF,0x04,0x8C,0xFF,
  0x04,0x8C,0xFF,0x04,0x8C,0xFF,0x04,0x8C,0xFF,0x04,0x8C,0xFF,0x04,0x8C,0xFF,0x04,
  0x8C,0xFF,0x04,0x8C,0xFF,0x04,0x8C,0xFF,0x04,0x8C,0xFF,0x04,0x8C,0xFF,0x04,0x8C,
  0xFF,0x04,0x8C,0xFF,0x04,0x8C,0xFF,0x04,0x5B,0xF1,0xBF,0x40,0x00,0x00,0x00,0x45,
  0xE0,0xFF,0xF3,0x21,0x00,0x00,0x00,0x01,0xA9,0xFF,0x66,0x00,0x00,0x00,0x00,0x64,
  0xFF,0x7F,0x00,0x00,0x00,0x00,0x60,0xFF,0x80,0x00,0x00,0x00,0x00,0x60,0xFF,0x80,
  0x00,0x00,0x00,0x00,0x5A,0xFF,0x90,0x00,0x00,0x00,0x00,0x25,0xFC,0xEB,0x41,0x09,
  0x00,0x00,0x00,0x4C,0xCC,0xFF,0xD8,0x00,0x00,0x00,0x80,0xF2,0xF2,0xA8,0x00,0x00,
  0x37,0xFF,0xD2,0x0E,0x00,0x00,0x00,0x5E,0xFF,0x87,0x00,0x00,0x00,0x00,0x60,0xFF,
  0x80,0x00,0x00,0x00,0x00,0x60,0xFF,0x80,0x00,0x00,0x00,0x00,0x6B,0xFF,0x7C,0x00,
  0x00,0x01,0x26,0xCD,0xFF,0x58,0x00,0x00,0x5C,0xFF,0xFF,0xD7,0x0C,0x00,0x00,0x41,
  0xA3,0x71,0x0D,0x00,0x00,0x00,0x00,0x66,0xE2,0xF6,0xCD,0x6B,0x0E,0x00,0x07,0x90,
  0x16,0xFF,0xDE,0xCB,0xFB,0xFF,0xF5,0xC7,0xE8,0xEC,0x17,0x7F,0x02,0x00,0x18,0x7D,
  0xD7,0xF8,0xD7,0x47,0x60,0xF4,0x8B,0xAB,0xFF,0xDA,0x4F,0xD5,0x75,0x00,0x00,0x00,
  0x00,0x00,0x00,0x2B,0xFF,0x55,0x37,0xFF,0x61,0x43,0xFF,0x6D,0x4F,0xFF,0x79,0x5B,
  0xFF,0x85,0x67,0xFF,0x91,0x73,0xFF,0x9D,0x7F,0xFF,0xA9,0x8B,0xFF,0xB5,0x96,0xFF,
  0xC1,0x01,0x99,0xDF,0xF8,0xD8,0x4C,0x00,0x00,0x34,0x1A,0x0B,0x85,0xE6,0x00,0x02,
  0x87,0xE1,0xFB,0xFF,0xFF,0x03,0x56,0xFF,0x48,0x06,0x5F,0xFF,0x04,0x5F,0xFE,0x27,
  0x1A,0xC0,0xFF,0x04,0x0B,0xB7,0xF5,0xD0,0x67,0xFF,0x04,0x00,0x00,0x00,0x00,0x04,
  0x00,0x00,0x00,0x05,0x00,0x00,0x00,0x00,0x7D,0xD8,0x2B,0x00,0x6F,0xDE,0x32,0x00,
  0x00,0x52,0xFE,0xC5,0x06,0x49,0xFC,0xCD,0x09,0x00,0x30,0xF4,0xE3,0x17,0x2B,0xF1,
  0xE9,0x1D,0x00,0x13,0xE2,0xF8,0x34,0x11,0xDF,0xFB,0x3D,0x00,0x00,0x0C,0xD2,0xFE,
  0x4D,0x0A,0xCF,0xFF,0x58,0x00,0x00,0x00,0x20,0xEA,0xF2,0x29,0x1C,0xE6,0xF6,0x31,
  0x00,0x00,0x00,0x3D,0xF9,0xDA,0x10,0x35,0xF6,0xE1,0x16,0x00,0x00,0x00,0x62,0xBB,
  0x21,0x00,0x55,0xC1,0x27,0x00,0x00,0x48,0xA1,0xA6,0x56,0x00,0x00,0x00,0x5A,0xFF,
  0xFF,0xFF,0xFF,0x74,0x00,0x00,0xD9,0xCA,0x1E,0x15,0xB6,0xF2,0x02,0x03,0xFD,0x6B,
  0x00,0x00,0x4B,0xFF,0x1C,0x00,0xE9,0xA3,0x00,0x00,0x82,0xFD,0x07,0x00,0x89,0xFF,
  0xD8,0xCE,0xFF,0xA2,0x00,0x00,0x07,0x8C,0xE6,0xEA,0x9B,0x0D,0x00,0x00,0x00,0x00,
  0x00,0x5C,0xFF,0x30,0x00,0x00,0x00,0x00,0x00,0x00,0x00,0x5C,0xFF,0x30,0x00,0x00,
  0x00,0x00,0x00,0x00,0x00,0x5C,0xFF,0x30,0x00,0x00,0x00,0x00,0x00,0x00,0x00,0x5C,
  0xFF,0x30,0x00,0x00,0x00,0x18,0xFF,0xFF,0xFF,0xFF,0xFF,0xFF,0xFF,0xFF,0xEC,0x11,
  0xBC,0xBC,0xBC,0xD4,0xFF,0xC8,0xBC,0xBC,0xAD,0x00,0x00,0x00,0x00,0x5C,0xFF,0x30,
  0x00,0x00,0x00,0x00,0x00,0x00,0x00,0x5C,0xFF,0x30,0x00,0x00,0x00,0x00,0x00,0x00,
  0x00,0x5C,0xFF,0x30,0x00,0x00,0x00,0x00,0x00,0x00,0x00,0x5C,0xFF,0x30,0x00,0x00,
  0x00,0x11,0xBC,0xBC,0xBC,0xBC,0xBC,0xBC,0xBC,0xBC,0xB0,0x18,0xFF,0xFF,0xFF,0xFF,
  0xFF,0xFF,0xFF,0xFF,0xF0,0x4D,0xCD,0x6D,0xAB,0xFF,0xDA,0x63,0xF5,0x8A,0x00,0x40,
  0xCB,0xF5,0xDA,0x62,0x00,0x18,0xF2,0x76,0x0B,0x4B,0xFD,0x41,0x54,0xFE,0x07,0x00,
  0x00,0xD6,0x8B,0x53,0xFE,0x07,0x00,0x00,0xD7,0x8A,0x17,0xF0,0x76,0x0A,0x4D,0xFE,
  0x3E,0x00,0x3E,0xCA,0xF5,0xD9,0x5F,0x00,0x00,0x00,0x05,0x00,0x00,0x00,0x05,0x00,
  0x00,0x00,0x10,0xBF,0xB2,0x02,0x0A,0xB9,0xB8,0x03,0x00,0x00,0x00,0x98,0xFF,0x88,
  0x00,0x8C,0xFF,0x92,0x00,0x00,0x00,0x05,0xC2,0xFF,0x5D,0x03,0xB9,0xFF,0x67,0x00,
  0x00,0x00,0x16,0xE3,0xF8,0x35,0x11,0xDC,0xFB,0x3E,0x00,0x00,0x27,0xF0,0xEF,0x26,
  0x20,0xEB,0xF3,0x2E,0x00,0x0F,0xD8,0xFC,0x46,0x0B,0xD1,0xFD,0x4E,0x00,0x02,0xB5,
  0xFF,0x6E,0x00,0xAB,0xFF,0x77,0x00,0x00,0x0D,0x9C,0x97,0x00,0x0A,0x96,0x9F,0x00,
  0x00,0x00,0x00,0x00,0x00,0x1F,0xE1,0xD2,0x0C,0x00,0x00,0x00,0x00,0x00,0x56,0xFF,
  0xFF,0x32,0x00,0x00,0x00,0x00,0x00,0x15,0xBC,0xAE,0x07,0x00,0x00,0x00,0x00,0x00,
  0x00,0x00,0x00,0x00,0x00,0x00,0x00,0x00,0x00,0x00,0x82,0x81,0x00,0x00,0x00,0x00,
  0x00,0x00,0x06,0xEF,0xC5,0x00,0x00,0x00,0x00,0x00,0x01,0x92,0xFF,0x7C,0x00,0x00,
  0x00,0x00,0x07,0xA7,0xFF,0xB8,0x06,0x00,0x00,0x00,0x00,0xAF,0xFF,0x9C,0x05,0x00,
  0x00,0x00,0x00,0x4F,0xFF,0xB8,0x00,0x00,0x00,0x00,0x00,0x00,0x81,0xFF,0x6F,0x00,
  0x00,0x00,0x00,0x00,0x00,0x6D,0xFF,0xB1,0x03,0x00,0x00,0x26,0x5D,0x00,0x15,0xEB,
  0xFF,0xE5,0xC4,0xE3,0xFF,0xFA,0x1A,0x00,0x22,0xA5,0xE2,0xFA,0xE9,0xB2,0x4E,0x02,
  0x00,0x00,0x00,0x00,0x00,0x00,0x81,0xFF,0xD6,0x0C,0x00,0x00,0x00,0x00,0x00,0x00,
  0x00,0x00,0x2F,0xF9,0xD6,0x1B,0x00,0x00,0x00,0x00,0x00,0x00,0x00,0x00,0x08,0xD8,
  0xC0,0x13,0x00,0x00,0x00,0x00,0x00,0x00,0x00,0x00,0x00,0x00,0x00,0x00,0x00,0x00,
  0x00,0x00,0x00,0x00,0x00,0x00,0x00,0x00,0x0F,0xF7,0xFF,0x76,0x00,0x00,0x00,0x00,
  0x00,0x00,0x00,0x00,0x00,0x66,0xFF,0xFF,0xD4,0x00,0x00,0x00,0x00,0x00,0x00,0x00,
  0x00,0x00,0xC4,0xFA,0xB2,0xFF,0x32,0x00,0x00,0x00,0x00,0x00,0x00,0x00,0x23,0xFF,
  0xBF,0x56,0xFF,0x8F,0x00,0x00,0x00,0x00,0x00,0x00,0x00,0x81,0xFF,0x6C,0x0B,0xF4,
  0xE9,0x04,0x00,0x00,0x00,0x00,0x00,0x01,0xDD,0xFB,0x16,0x00,0xA5,0xFF,0x4B,0x00,
  0x00,0x00,0x00,0x00,0x3D,0xFF,0xB7,0x00,0x00,0x4A,0xFF,0xA8,0x00,0x00,0x00,0x00,
  0x00,0x9C,0xFF,0x5D,0x00,0x00,0x04,0xE9,0xF7,0x0F,0x00,0x00,0x00,0x08,0xF0,0xFF,
  0xFF,0xFF,0xFF,0xFF,0xFF,0xFF,0x64,0x00,0x00,0x00,0x58,0xFF,0xF3,0xE4,0xE4,0xE4,
  0xE4,0xE8,0xFF,0xC2,0x00,0x00,0x00,0xB6,0xFF,0x5C,0x00,0x00,0x00,0x00,0x08,0xF0,
  0xFE,0x20,0x00,0x18,0xFC,0xF5,0x0C,0x00,0x00,0x00,0x00,0x00,0x9F,0xFF,0x7D,0x00,
  0x73,0xFF,0xA7,0x00,0x00,0x00,0x00,0x00,0x00,0x44,0xFF,0xDA,0x00,0xD1,0xFF,0x4D,
  0x00,0x00,0x00,0x00,0x00,0x00,0x02,0xE6,0xFF,0x39,0x00,0x00,0x00,0x00,0x0A,0xE2,
  0xFF,0x77,0x00,0x00,0x00,0x00,0x00,0x95,0xFF,0x85,0x00,0x00,0x00,0x00,0x00,0x4D,
  0xFB,0x6C,0x00,0x00,0x00,0x00,0x00,0x00,0x00,0x00,0x00,0x00,0x00,0x00,0x30,0xFF,
  0xFF,0xFF,0xFF,0xFF,0xFF,0xFF,0x70,0x30,0xFF,0xF6,0xBC,0xBC,0xBC,0xBC,0xBC,0x52,
  0x30,0xFF,0xDC,0x00,0x00,0x00,0x00,0x00,0x00,0x30,0xFF,0xDC,0x00,0x00,0x00,0x00,
  0x00,0x00,0x30,0xFF,0xDC,0x00,0x00,0x00,0x00,0x00,0x00,0x30,0xFF,0xDC,0x00,0x00,
  0x00,0x00,0x00,0x00,0x30,0xFF,0xFF,0xFF,0xFF,0xFF,0xFF,0xFF,0x18,0x30,0xFF,0xF6,
  0xBC,0xBC,0xBC,0xBC,0xBC,0x11,0x30,0xFF,0xDC,0x00,0x00,0x00,0x00,0x00,0x00,0x30,
  0xFF,0xDC,0x00,0x00,0x00,0x00,0x00,0x00,0x30,0xFF,0xDC,0x00,0x00,0x00,0x00,0x00,
  0x00,0x30,0xFF,0xDC,0x00,0x00,0x00,0x00,0x00,0x00,0x30,0xFF,0xF6,0xBC,0xBC,0xBC,
  0xBC,0xBC,0x52,0x30,0xFF,0xFF,0xFF,0xFF,0xFF,0xFF,0xFF,0x70,0x00,0x00,0x00,0x51,
  0xFF,0xEE,0x25,0x00,0x00,0x13,0xE6,0xED,0x35,0x00,0x00,0x00,0xB1,0xDB,0x28,0x00,
  0x00,0x00,0x00,0x00,0x00,0x00,0x00,0x00,0x48,0xFF,0xFF,0xFF,0xFF,0xFC,0x00,0x1D,
  0x9A,0xEE,0xFF,0xDB,0x81,0x00,0x00,0x00,0xA8,0xFF,0x64,0x00,0x00,0x00,0x00,0xA8,
  0xFF,0x64,0x00,0x00,0x00,0x00,0xA8,0xFF,0x64,0x00,0x00,0x00,0x00,0xA8,0xFF,0x64,
  0x00,0x00,0x00,0x00,0xA8,0xFF,0x64,0x00,0x00,0x00,0x00,0xA8,0xFF,0x64,0x00,0x00,
  0x00,0x00,0xA8,0xFF,0x64,0x00,0x00,0x00,0x00,0xA8,0xFF,0x64,0x00,0x00,0x00,0x00,
  0xA8,0xFF,0x64,0x00,0x00,0x00,0x00,0xA8,0xFF,0x64,0x00,0x00,0x11,0x6F,0xDF,0xFF,
  0xC0,0x58,0x00,0x48,0xFF,0xFF,0xFF,0xFF,0xFC,0x00,0x00,0x00,0x00,0x20,0xA0,0x9B,
  0x3B,0x00,0x3D,0xA2,0x00,0x00,0x00,0x00,0x01,0xD1,0xFF,0xFF,0xFF,0xD7,0xF2,0xA2,
  0x00,0x00,0x00,0x00,0x23,0xF9,0x30,0x2B,0xA4,0xEE,0xC9,0x1D,0x00,0x00,0x00,0x00,
  0x00,0x00,0x00,0x00,0x00,0x00,0x00,0x00,0x00,0x00,0x30,0xFF,0xFF,0x97,0x00,0x00,
  0x00,0x00,0x00,0x00,0xF8,0xF0,0x30,0xFF,0xFF,0xFE,0x39,0x00,0x00,0x00,0x00,0x00,
  0xF8,0xF0,0x30,0xFF,0xF9,0xFF,0xD3,0x05,0x00,0x00,0x00,0x00,0xF8,0xF0,0x30,0xFF,
  0x9E,0xEA,0xFF,0x78,0x00,0x00,0x00,0x00,0xF8,0xF0,0x30,0xFF,0x99,0x5F,0xFF,0xF6,
  0x22,0x00,0x00,0x00,0xF8,0xF0,0x30,0xFF,0xA3,0x00,0xC1,0xFF,0xB8,0x00,0x00,0x00,
  0xF8,0xF0,0x30,0xFF,0xAA,0x00,0x2A,0xFA,0xFF,0x59,0x00,0x00,0xF8,0xF0,0x30,0xFF,
  0xAC,0x00,0x00,0x88,0xFF,0xE8,0x11,0x00,0xF5,0xF0,0x30,0xFF,0xAC,0x00,0x00,0x0A,
  0xE0,0xFF,0x9A,0x00,0xED,0xF0,0x30,0xFF,0xAC,0x00,0x00,0x00,0x4E,0xFF,0xFE,0x3B,
  0xE3,0xF0,0x30,0xFF,0xAC,0x00,0x00,0x00,0x00,0xB1,0xFF,0xD4,0xDF,0xF0,0x30,0xFF,
  0xAC,0x00,0x00,0x00,0x00,0x1F,0xF5,0xFF,0xFF,0xF0,0x30,0xFF,0xAC,0x00,0x00,0x00,
  0x00,0x00,0x77,0xFF,0xFF,0xF0,0x30,0xFF,0xAC,0x00,0x00,0x00,0x00,0x00,0x05,0xD5,
  0xFF,0xF0,0x00,0x00,0x00,0x00,0x00,0x00,0x3D,0xFF,0xF5,0x32,0x00,0x00,0x00,0x00,
  0x00,0x00,0x00,0x00,0x0B,0xDA,0xF3,0x42,0x00,0x00,0x00,0x00,0x00,0x00,0x00,0x00,
  0x00,0x9D,0xE4,0x34,0x00,0x00,0x00,0x00,0x00,0x00,0x00,0x00,0x00,0x00,0x00,0x00,
  0x00,0x00,0x00,0x00,0x00,0x00,0x00,0x00,0x04,0x5B,0xBC,0xE3,0xF8,0xE1,0xB6,0x51,
  0x01,0x00,0x00,0x00,0x0F,0xBB,0xFF,0xFF,0xD8,0xC1,0xDA,0xFF,0xFF,0xAB,0x09,0x00,
  0x00,0xA9,0xFF,0xD6,0x2D,0x00,0x00,0x00,0x32,0xDE,0xFF,0x90,0x00,0x36,0xFF,0xF8,
  0x23,0x00,0x00,0x00,0x00,0x00,0x2F,0xFD,0xFD,0x21,0x89,0xFF,0xAB,0x00,0x00,0x00,
  0x00,0x00,0x00,0x00,0xBE,0xFF,0x72,0xBB,0xFF,0x6F,0x00,0x00,0x00,0x00,0x00,0x00,
  0x00,0x83,0xFF,0xA5,0xD1,0xFF,0x56,0x00,0x00,0x00,0x00,0x00,0x00,0x00,0x6A,0xFF,
  0xBC,0xD1,0xFF,0x56,0x00,0x00,0x00,0x00,0x00,0x00,0x00,0x6B,0xFF,0xBC,0xBA,0xFF,
  0x70,0x00,0x00,0x00,0x00,0x00,0x00,0x00,0x84,0xFF,0xA5,0x86,0xFF,0xAC,0x00,0x00,
  0x00,0x00,0x00,0x00,0x00,0xBF,0xFF,0x71,0x35,0xFF,0xF9,0x23,0x00,0x00,0x00,0x00,
  0x00,0x30,0xFD,0xFD,0x21,0x00,0xAA,0xFF,0xD5,0x2C,0x00,0x00,0x00,0x33,0xDE,0xFF,
  0x90,0x00,0x00,0x10,0xC0,0xFF,0xFF,0xD7,0xC1,0xD9,0xFF,0xFF,0xAA,0x08,0x00,0x00,
  0x00,0x05,0x5F,0xBE,0xE5,0xF8,0xE2,0xB6,0x52,0x01,0x00,0x00,0x2B,0x9E,0x06,0x00,
  0x00,0x00,0x12,0xA8,0x1A,0x71,0xFF,0xB3,0x06,0x00,0x12,0xCE,0xFB,0x4D,0x00,0x7D,
  0xFF,0xB3,0x1A,0xCF,0xFB,0x54,0x00,0x00,0x00,0x7D,0xFF,0xF6,0xFB,0x54,0x00,0x00,
  0x00,0x00,0x13,0xE7,0xFF,0xC7,0x05,0x00,0x00,0x00,0x12,0xCF,0xFB,0xAA,0xFF,0xAF,
  0x05,0x00,0x12,0xCE,0xFB,0x53,0x00,0x7E,0xFF,0xAD,0x04,0x80,0xFB,0x55,0x00,0x00,
  0x00,0x79,0xFF,0x56,0x02,0x39,0x00,0x00,0x00,0x00,0x00,0x3C,0x00,0x00,0x00,0x00,
  0x00,0x00,0x00,0xAD,0xFF,0xB7,0x00,0x00,0x00,0x00,0x00,0x00,0x00,0x00,0x55,0xFF,
  0xBB,0x0A,0x00,0x00,0x00,0x00,0x00,0x00,0x00,0x1C,0xEF,0xA1,0x07,0x00,0x00,0x00,
  0x00,0x00,0x00,0x00,0x00,0x00,0x00,0x00,0x00,0x00,0x00,0x00,0x00,0x50,0xFF,0xC0,
  0x00,0x00,0x00,0x00,0x00,0x00,0xB4,0xFF,0x54,0x50,0xFF,0xC0,0x00,0x00,0x00,0x00,
  0x00,0x00,0xB4,0xFF,0x54,0x50,0xFF,0xC0,0x00,0x00,0x00,0x00,0x00,0x00,0xB4,0xFF,
  0x54,0x50,0xFF,0xC0,0x00,0x00,0x00,0x00,0x00,0x00,0xB4,0xFF,0x54,0x50,0xFF,0xC0,
  0x00,0x00,0x00,0x00,0x00,0x00,0xB4,0xFF,0x54,0x50,0xFF,0xC0,0x00,0x00,0x00,0x00,
  0x00,0x00,0xB4,0xFF,0x54,0x50,0xFF,0xC0,0x00,0x00,0x00,0x00,0x00,0x00,0xB4,0xFF,
  0x54,0x50,0xFF,0xC0,0x00,0x00,0x00,0x00,0x00,0x00,0xB4,0xFF,0x54,0x4F,0xFF,0xC0,
  0x00,0x00,0x00,0x00,0x00,0x00,0xB4,0xFF,0x53,0x44,0xFF,0xD6,0x00,0x00,0x00,0x00,
  0x00,0x00,0xCC,0xFF,0x44,0x1A,0xFF,0xF9,0x19,0x00,0x00,0x00,0x00,0x14,0xF5,0xFD,
  0x1A,0x00,0xB9,0xFF,0xB8,0x15,0x00,0x00,0x0F,0xB0,0xFF,0xB3,0x00,0x00,0x20,0xE4,
  0xFF,0xF7,0xD0,0xCD,0xF5,0xFF,0xDE,0x1B,0x00,0x00,0x00,0x17,0x8D,0xD9,0xF7,0xF2,
  0xD4,0x83,0x10,0x00,0x00,0x00,0x00,0x00,0x6A,0xA1,0x0C,0x0B,0xA1,0x68,0x00,0x00,
  0x00,0x00,0x00,0x00,0xA0,0xE3,0x19,0x17,0xE3,0x9C,0x00,0x00,0x00,0x00,0x00,0x00,
  0x00,0x00,0x00,0x00,0x00,0x00,0x00,0x00,0x00,0x00,0x00,0x00,0x00,0x00,0x00,0x00,
  0x00,0x00,0x00,0x00,0x00,0x50,0xFF,0xC0,0x00,0x00,0x00,0x00,0x00,0x00,0xB4,0xFF,
  0x54,0x50,0xFF,0xC0,0x00,0x00,0x00,0x00,0x00,0x00,0xB4,0xFF,0x54,0x50,0xFF,0xC0,
  0x00,0x00,0x00,0x00,0x00,0x00,0xB4,0xFF,0x54,0x50,0xFF,0xC0,0x00,0x00,0x00,0x00,
  0x00,0x00,0xB4,0xFF,0x54,0x50,0xFF,0xC0,0x00,0x00,0x00,0x00,0x00,0x00,0xB4,0xFF,
  0x54,0x50,0xFF,0xC0,0x00,0x00,0x00,0x00,0x00,0x00,0xB4,0xFF,0x54,0x50,0xFF,0xC0,
  0x00,0x00,0x00,0x00,0x00,0x00,0xB4,0xFF,0x54,0x50,0xFF,0xC0,0x00,0x00,0x00,0x00,
  0x00,0x00,0xB4,0xFF,0x54,0x4F,0xFF,0xC0,0x00,0x00,0x00,0x00,0x00,0x00,0xB4,0xFF,
  0x53,0x44,0xFF,0xD6,0x00,0x00,0x00,0x00,0x00,0x00,0xCC,0xFF,0x44,0x1A,0xFF,0xF9,
  0x19,0x00,0x00,0x00,0x00,0x14,0xF5,0xFD,0x1A,0x00,0xB9,0xFF,0xB8,0x15,0x00,0x00,
  0x0F,0xB0,0xFF,0xB3,0x00,0x00,0x20,0xE4,0xFF,0xF7,0xD0,0xCD,0xF5,0xFF,0xDE,0x1B,
  0x00,0x00,0x00,0x17,0x8D,0xD9,0xF7,0xF2,0xD4,0x83,0x10,0x00,0x00,0x00,0x00,0x00,
  0x00,0x00,0x41,0xFF,0xF4,0x2F,0x00,0x00,0x00,0x00,0x00,0x0C,0xDC,0xF2,0x3F,0x00,
  0x00,0x00,0x00,0x00,0x00,0xA1,0xE2,0x31,0x00,0x00,0x00,0x00,0x00,0x00,0x00,0x00,
  0x00,0x00,0x00,0x00,0x00,0x00,0x00,0x3E,0xA7,0xE6,0xF9,0xDF,0x9C,0x19,0x00,0x00,
  0x01,0xDB,0xFF,0xE3,0xC5,0xEE,0xFF,0xD8,0x04,0x00,0x00,0x3C,0x25,0x00,0x00,0x0F,
  0xE1,0xFF,0x40,0x00,0x00,0x00,0x00,0x00,0x00,0x00,0xA1,0xFF,0x5F,0x00,0x00,0x23,
  0x7C,0xA9,0xB9,0xBC,0xE4,0xFF,0x64,0x00,0x55,0xFA,0xFF,0xFF,0xFF,0xFF,0xFF,0xFF,
  0x64,0x03,0xEA,0xFF,0xA1,0x26,0x06,0x00,0x9C,0xFF,0x64,0x1C,0xFF,0xF9,0x06,0x00,
  0x00,0x00,0xBD,0xFF,0x64,0x07,0xFD,0xFE,0x23,0x00,0x00,0x5B,0xFE,0xFF,0x64,0x00,
  0xB0,0xFF,0xF4,0xC4,0xDE,0xFB,0xA1,0xFF,0x64,0x00,0x13,0x9F,0xEA,0xF6,0xC9,0x45,
  0x25,0xFF,0x64,0x00,0x00,0x00,0x00,0x3A,0xFE,0xF6,0x35,0x00,0x00,0x00,0x00,0x09,
  0xD7,0xF4,0x44,0x00,0x00,0x00,0x00,0x00,0x99,0xE6,0x36,0x00,0x00,0x00,0x00,0x00,
  0x00,0x00,0x00,0x00,0x00,0x00,0x00,0x00,0x05,0x7A,0xD8,0xF8,0xE7,0x99,0x15,0x00,
  0x01,0xB5,0xFF,0xF1,0xC7,0xE7,0xFF,0xD7,0x0D,0x5E,0xFF,0xC9,0x11,0x00,0x06,0xAE,
  0xFF,0x7E,0xBB,0xFF,0x47,0x00,0x00,0x00,0x34,0xFF,0xCB,0xEC,0xFF,0xC4,0xBC,0xBC,
  0xBC,0xC2,0xFF,0xE9,0xFD,0xFF,0xFF,0xFF,0xFF,0xFF,0xFF,0xFF,0xF0,0xED,0xFF,0x23,
  0x00,0x00,0x00,0x00,0x00,0x00,0xC0,0xFF,0x5F,0x00,0x00,0x00,0x00,0x00,0x00,0x5F,
  0xFF,0xE3,0x2E,0x00,0x00,0x00,0x25,0x2B,0x00,0xAA,0xFF,0xFC,0xD4,0xC7,0xE2,0xFF,
  0x70,0x00,0x01,0x67,0xC9,0xF2,0xFB,0xE2,0x9E,0x29,0x00,0x24,0xF8,0xFC,0x4A,0x02,
  0xC2,0xFB,0x5A,0x00,0x7D,0xF0,0x48,0x00,0x00,0x00,0x00,0x00,0x00,0x00,0x6C,0xFF,
  0x98,0x00,0x00,0x6C,0xFF,0x98,0x00,0x00,0x6C,0xFF,0x98,0x00,0x00,0x6C,0xFF,0x98,
  0x00,0x00,0x6C,0xFF,0x98,0x00,0x00,0x6C,0xFF,0x98,0x00,0x00,0x6C,0xFF,0x98,0x00,
  0x00,0x6C,0xFF,0x98,0x00,0x00,0x6C,0xFF,0x98,0x00,0x00,0x6C,0xFF,0x98,0x00,0x00,
  0x6C,0xFF,0x98,0x00,0x00,0x00,0x00,0x57,0xAC,0x7E,0x13,0x00,0x87,0x58,0x00,0x00,
  0x36,0xFF,0xFF,0xFF,0xF7,0xD2,0xFF,0x3E,0x00,0x00,0x87,0xBA,0x11,0x58,0xCA,0xF1,
  0x8C,0x00,0x00,0x00,0x00,0x00,0x00,0x00,0x00,0x00,0x00,0x00,0x00,0x6C,0xFF,0x41,
  0x4F,0xC8,0xF6,0xE3,0xA2,0x19,0x00,0x6C,0xFF,0xB9,0xFE,0xE4,0xC8,0xF5,0xFF,0xDA,
  0x05,0x6C,0xFF,0xFF,0x73,0x00,0x00,0x20,0xF1,0xFF,0x47,0x6C,0xFF,0xE2,0x01,0x00,
  0x00,0x00,0xA5,0xFF,0x6C,0x6C,0xFF,0xAF,0x00,0x00,0x00,0x00,0x8D,0xFF,0x74,0x6C,
  0xFF,0x9B,0x00,0x00,0x00,0x00,0x8C,0xFF,0x74,0x6C,0xFF,0x98,0x00,0x00,0x00,0x00,
  0x8C,0xFF,0x74,0x6C,0xFF,0x98,0x00,0x00,0x00,0x00,0x8C,0xFF,0x74,0x6C,0xFF,0x98,
  0x00,0x00,0x00,0x00,0x8C,0xFF,0x74,0x6C,0xFF,0x98,0x00,0x00,0x00,0x00,0x8C,0xFF,
  0x74,0x6C,0xFF,0x98,0x00,0x00,0x00,0x00,0x8C,0xFF,0x74,0x00,0x00,0x00,0x00,0x09,
  0xDF,0xFF,0x7B,0x00,0x00,0x00,0x00,0x00,0x00,0x91,0xFF,0x89,0x00,0x00,0x00,0x00,
  0x00,0x00,0x49,0xFB,0x6F,0x00,0x00,0x00,0x00,0x00,0x00,0x00,0x00,0x00,0x00,0x00,
  0x00,0x00,0x00,0x00,0x05,0x76,0xD4,0xF8,0xEA,0xAE,0x32,0x00,0x00,0x02,0xB7,0xFF,
  0xF8,0xCC,0xE1,0xFF,0xF7,0x47,0x00,0x66,0xFF,0xDB,0x1D,0x00,0x00,0x69,0xFF,0xE7,
  0x09,0xC4,0xFF,0x61,0x00,0x00,0x00,0x00,0xCD,0xFF,0x53,0xF3,0xFF,0x28,0x00,0x00,
  0x00,0x00,0x93,0xFF,0x83,0xFE,0xFF,0x16,0x00,0x00,0x00,0x00,0x7F,0xFF,0x96,0xEC,
  0xFF,0x2A,0x00,0x00,0x00,0x00,0x93,0xFF,0x89,0xBB,0xFF,0x67,0x00,0x00,0x00,0x00,
  0xCF,0xFF,0x59,0x59,0xFF,0xE0,0x21,0x00,0x00,0x6A,0xFF,0xEE,0x0C,0x00,0xA7,0xFF,
  0xF9,0xCD,0xE0,0xFF,0xFB,0x51,0x00,0x00,0x01,0x6D,0xD1,0xF6,0xEF,0xB4,0x39,0x00,
  0x00,0x00,0x00,0x00,0x00,0x55,0xCA,0x33,0x00,0x00,0x00,0x00,0x00,0x00,0x00,0xB0,
  0xFF,0x7F,0x00,0x00,0x00,0x00,0x00,0x00,0x00,0x6B,0xF1,0x41,0x00,0x00,0x00,0x00,
  0x00,0x00,0x00,0x00,0x00,0x00,0x00,0x00,0x00,0x11,0xBC,0xBC,0xBC,0xBC,0xBC,0xBC,
  0xBC,0xBC,0xB0,0x18,0xFF,0xFF,0xFF,0xFF,0xFF,0xFF,0xFF,0xFF,0xF0,0x00,0x00,0x00,
  0x00,0x00,0x00,0x00,0x00,0x00,0x00,0x00,0x00,0x00,0x00,0x55,0xCA,0x33,0x00,0x00,
  0x00,0x00,0x00,0x00,0x00,0xB0,0xFF,0x7F,0x00,0x00,0x00,0x00,0x00,0x00,0x00,0x6B,
  0xF1,0x41,0x00,0x00,0x00,0x00,0x00,0x00,0x00,0x00,0xB9,0xFF,0xAB,0x00,0x00,0x00,
  0x00,0x00,0x00,0x61,0xFF,0xB1,0x07,0x00,0x00,0x00,0x00,0x00,0x24,0xF4,0x97,0x04,
  0x00,0x00,0x00,0x00,0x00,0x00,0x00,0x00,0x00,0x00,0x00,0x00,0x00,0x84,0xFF,0x84,
  0x00,0x00,0x00,0x00,0xA0,0xFF,0x64,0x84,0xFF,0x84,0x00,0x00,0x00,0x00,0xA0,0xFF,
  0x64,0x84,0xFF,0x84,0x00,0x00,0x00,0x00,0xA0,0xFF,0x64,0x84,0xFF,0x84,0x00,0x00,
  0x00,0x00,0xA0,0xFF,0x64,0x84,0xFF,0x84,0x00,0x00,0x00,0x00,0xA0,0xFF,0x64,0x84,
  0xFF,0x84,0x00,0x00,0x00,0x00,0xA2,0xFF,0x64,0x84,0xFF,0x84,0x00,0x00,0x00,0x00,
  0xB6,0xFF,0x64,0x7D,0xFF,0x95,0x00,0x00,0x00,0x01,0xE1,0xFF,0x64,0x5A,0xFF,0xDD,
  0x08,0x00,0x00,0x5D,0xFF,0xFF,0x64,0x0D,0xE8,0xFF,0xD6,0x97,0xB8,0xFD,0xDD,0xFF,
  0x64,0x00,0x23,0xAC,0xE6,0xF8,0xD1,0x65,0x52,0xFF,0x64,0x00,0x00,0x6D,0xA0,0x0B,
  0x0D,0xA2,0x65,0x00,0x00,0x00,0x00,0xA3,0xE2,0x16,0x19,0xE4,0x98,0x00,0x00,0x00,
  0x00,0x00,0x00,0x00,0x00,0x00,0x00,0x00,0x00,0x00,0x00,0x00,0x00,0x00,0x00,0x00,
  0x00,0x00,0x00,0x84,0xFF,0x84,0x00,0x00,0x00,0x00,0xA0,0xFF,0x64,0x84,0xFF,0x84,
  0x00,0x00,0x00,0x00,0xA0,0xFF,0x64,0x84,0xFF,0x84,0x00,0x00,0x00,0x00,0xA0,0xFF,
  0x64,0x84,0xFF,0x84,0x00,0x00,0x00,0x00,0xA0,0xFF,0x64,0x84,0xFF,0x84,0x00,0x00,
  0x00,0x00,0xA0,0xFF,0x64,0x84,0xFF,0x84,0x00,0x00,0x00,0x00,0xA2,0xFF,0x64,0x84,
  0xFF,0x84,0x00,0x00,0x00,0x00,0xB6,0xFF,0x64,0x7D,0xFF,0x95,0x00,0x00,0x00,0x01,
  0xE1,0xFF,0x64,0x5A,0xFF,0xDD,0x08,0x00,0x00,0x5D,0xFF,0xFF,0x64,0x0D,0xE8,0xFF,
  0xD6,0x97,0xB8,0xFD,0xDD,0xFF,0x64,0x00,0x23,0xAC,0xE6,0xF8,0xD1,0x65,0x52,0xFF,
  0x64,0x2C,0xBC,0xBC,0xBC,0xBC,0xBC,0xBC,0xBC,0xBC,0xBC,0xBC,0xBC,0xBC,0xBC,0xBC,
  0xBC,0xBC,0xBC,0x2C,0x3C,0xFF,0xFF,0xFF,0xFF,0xFF,0xFF,0xFF,0xFF,0xFF,0xFF,0xFF,
  0xFF,0xFF,0xFF,0xFF,0xFF,0xFF,0x3C,0x00,0x55,0xFF,0x38,0x00,0xB5,0xFB,0x08,0x15,
  0xFC,0xCF,0x00,0x61,0xFF,0xA0,0x00,0xA9,0xFF,0x77,0x00,0x00,0xE8,0xFF,0x38,0x11,
  0xFF,0xEF,0x04,0x3F,0xFF,0xA5,0x00,0x74,0xFF,0x46,0x00,0xA9,0xE0,0x02,0x00,0x00,
  0x56,0xFF,0x38,0x00,0x96,0xF2,0x02,0x00,0xB8,0xFA,0x07,0x09,0xF0,0xBF,0x00,0x18,
  0xFD,0xCB,0x00,0x59,0xFF,0x8B,0x00,0x63,0xFF,0x9C,0x00,0xA9,0xFF,0x5D,0x00,0xA9,
  0xFF,0x73,0x01,0xEF,0xFF,0x35,0x00,0x00,0xEA,0xFF,0x37,0x2A,0xFF,0xF2,0x02,0x11,
  0xFF,0xEB,0x03,0x54,0xFF,0xAF,0x00,0x3F,0xFF,0x9E,0x00,0x86,0xFF,0x62,0x00,0x74,
  0xFF,0x41,0x00,0xB9,0xF5,0x0E,0x00,0xA9,0xDF,0x01,0x01,0xEF,0xA1,0x00,0x00,0x13,
  0xB9,0xF4,0xC8,0x25,0x88,0xFF,0xFF,0xFF,0xAF,0xAB,0xFF,0xFF,0xFF,0xD2,0x87,0xFF,
  0xFF,0xFF,0xAE,0x13,0xB9,0xF5,0xC8,0x25,0x4D,0xCD,0x6D,0x00,0x00,0x39,0xCA,0x83,
  0x00,0x00,0x2A,0xC6,0x96,0x00,0xAB,0xFF,0xDA,0x00,0x00,0x8F,0xFF,0xF6,0x00,0x00,
  0x77,0xFF,0xFF,0x0E,0x63,0xF5,0x8A,0x00,0x00,0x4C,0xF2,0xA4,0x00,0x00,0x39,0xEE,
  0xBB,0x00,0x00,0x00,0x00,0x00,0x4A,0xBA,0xEF,0xF6,0xD9,0x98,0x28,0x00,0x00,0x00,
  0x80,0xFF,0xFF,0xDD,0xC9,0xF1,0xFF,0x57,0x00,0x00,0x43,0xFF,0xF4,0x46,0x00,0x00,
  0x04,0x4E,0x02,0x00,0x00,0xB8,0xFF,0x6E,0x00,0x00,0x00,0x00,0x00,0x00,0x10,0x23,
  0xF8,0xFE,0x33,0x20,0x20,0x20,0x09,0x00,0x00,0x80,0xFF,0xFF,0xFF,0xFF,0xFF,0xFF,
  0xFF,0x4C,0x00,0x00,0x28,0x7B,0xFF,0xDA,0x50,0x50,0x50,0x50,0x17,0x00,0x00,0x10,
  0x54,0xFF,0xCF,0x20,0x20,0x20,0x17,0x00,0x00,0x00,0x80,0xFF,0xFF,0xFF,0xFF,0xFF,
  0xFF,0xB8,0x00,0x00,0x00,0x28,0x51,0xF5,0xFF,0x5D,0x50,0x50,0x39,0x00,0x00,0x00,
  0x00,0x00,0xAD,0xFF,0x66,0x00,0x00,0x00,0x00,0x00,0x00,0x00,0x00,0x3F,0xFD,0xF3,
  0x48,0x00,0x00,0x00,0x16,0x0D,0x00,0x00,0x00,0x7E,0xFF,0xFF,0xDF,0xC3,0xD9,0xFD,
  0x34,0x00,0x00,0x00,0x00,0x51,0xBC,0xF0,0xF9,0xE3,0xAA,0x18,0x38,0xFF,0xFF,0xFF,
  0xFF,0xFF,0xFF,0xFF,0x98,0x38,0xC0,0x00,0x00,0x00,0x00,0x00,0x60,0x98,0x38,0xC0,
  0x00,0x00,0x00,0x00,0x00,0x60,0x98,0x38,0xC0,0x00,0x00,0x00,0x00,0x00,0x60,0x98,
  0x38,0xC0,0x00,0x00,0x00,0x00,0x00,0x60,0x98,0x38,0xC0,0x00,0x00,0x00,0x00,0x00,
  0x60,0x98,0x38,0xC0,0x00,0x00,0x00,0x00,0x00,0x60,0x98,0x38,0xC0,0x00,0x00,0x00,
  0x00,0x00,0x60,0x98,0x38,0xC0,0x00,0x00,0x00,0x00,0x00,0x60,0x98,0x38,0xC0,0x00,
  0x00,0x00,0x00,0x00,0x60,0x98,0x38,0xC0,0x00,0x00,0x00,0x00,0x00,0x60,0x98,0x38,
  0xC0,0x00,0x00,0x00,0x00,0x00,0x60,0x98,0x38,0xC0,0x00,0x00,0x00,0x00,0x00,0x60,
  0x98,0x38,0xFF,0xFF,0xFF,0xFF,0xFF,0xFF,0xFF,0x98,0x38,0xFF,0xFF,0xFF,0xFF,0xFF,
  0xFF,0xFF,0x98,0x38,0xC0,0x00,0x00,0x00,0x00,0x00,0x60,0x98,0x38,0xC0,0x00,0x00,
  0x00,0x00,0x00,0x60,0x98,0x38,0xC0,0x00,0x00,0x00,0x00,0x00,0x60,0x98,0x38,0xC0,
  0x00,0x00,0x00,0x00,0x00,0x60,0x98,0x38,0xC0,0x00,0x00,0x00,0x00,0x00,0x60,0x98,
  0x38,0xC0,0x00,0x00,0x00,0x00,0x00,0x60,0x98,0x38,0xC0,0x00,0x00,0x00,0x00,0x00,
  0x60,0x98,0x38,0xC0,0x00,0x00,0x00,0x00,0x00,0x60,0x98,0x38,0xC0,0x00,0x00,0x00,
  0x00,0x00,0x60,0x98,0x38,0xC0,0x00,0x00,0x00,0x00,0x00,0x60,0x98,0x38,0xC0,0x00,
  0x00,0x00,0x00,0x00,0x60,0x98,0x38,0xC0,0x00,0x00,0x00,0x00,0x00,0x60,0x98,0x38,
  0xFF,0xFF,0xFF,0xFF,0xFF,0xFF,0xFF,0x98,0x38,0xFF,0xFF,0xFF,0xFF,0xFF,0xFF,0xFF,
  0x98,0x38,0xC0,0x00,0x00,0x00,0x00,0x00,0x60,0x98,0x38,0xC0,0x00,0x00,0x00,0x00,
  0x00,0x60,0x98,0x38,0xC0,0x00,0x00,0x00,0x00,0x00,0x60,0x98,0x38,0xC0,0x00,0x00,
  0x00,0x00,0x00,0x60,0x98,0x38,0xC0,0x00,0x00,0x00,0x00,0x00,0x60,0x98,0x38,0xC0,
  0x00,0x00,0x00,0x00,0x00,0x60,0x98,0x38,0xC0,0x00,0x00,0x00,0x00,0x00,0x60,0x98,
  0x38,0xC0,0x00,0x00,0x00,0x00,0x00,0x60,0x98,0x38,0xC0,0x00,0x00,0x00,0x00,0x00,
  0x60,0x98,0x38,0xC0,0x00,0x00,0x00,0x00,0x00,0x60,0x98,0x38,0xC0,0x00,0x00,0x00,
  0x00,0x00,0x60,0x98,0x38,0xC0,0x00,0x00,0x00,0x00,0x00,0x60,0x98,0x38,0xFF,0xFF,
  0xFF,0xFF,0xFF,0xFF,0xFF,0x98,0x38,0xFF,0xFF,0xFF,0xFF,0xFF,0xFF,0xFF,0x98,0x38,
  0xC0,0x00,0x00,0x00,0x00,0x00,0x60,0x98,0x38,0xC0,0x00,0x00,0x00,0x00,0x00,0x60,
  0x98,0x38,0xC0,0x00,0x00,0x00,0x00,0x00,0x60,0x98,0x38,0xC0,0x00,0x00,0x00,0x00,
  0x00,0x60,0x98,0x38,0xC0,0x00,0x00,0x00,0x00,0x00,0x60,0x98,0x38,0xC0,0x00,0x00,
  0x00,0x00,0x00,0x60,0x98,0x38,0xC0,0x00,0x00,0x00,0x00,0x00,0x60,0x98,0x38,0xC0,
  0x00,0x00,0x00,0x00,0x00,0x60,0x98,0x38,0xC0,0x00,0x00,0x00,0x00,0x00,0x60,0x98,
  0x38,0xC0,0x00,0x00,0x00,0x00,0x00,0x60,0x98,0x38,0xC0,0x00,0x00,0x00,0x00,0x00,
  0x60,0x98,0x38,0xC0,0x00,0x00,0x00,0x00,0x00,0x60,0x98,0x38,0xFF,0xFF,0xFF,0xFF,
  0xFF,0xFF,0xFF,0x98,0x38,0xFF,0xFF,0xFF,0xFF,0xFF,0xFF,0xFF,0x98,0x38,0xC0,0x00,
  0x00,0x00,0x00,0x00,0x60,0x98,0x38,0xC0,0x00,0x00,0x00,0x00,0x00,0x60,0x98,0x38,
  0xC0,0x00,0x00,0x00,0x00,0x00,0x60,0x98,0x38,0xC0,0x00,0x00,0x00,0x00,0x00,0x60,
  0x98,0x38,0xC0,0x00,0x00,0x00,0x00,0x00,0x60,0x98,0x38,0xC0,0x00,0x00,0x00,0x00,
  0x00,0x60,0x98,0x38,0xC0,0x00,0x00,0x00,0x00,0x00,0x60,0x98,0x38,0xC0,0x00,0x00,
  0x00,0x00,0x00,0x60,0x98,0x38,0xC0,0x00,0x00,0x00,0x00,0x00,0x60,0x98,0x38,0xC0,
  0x00,0x00,0x00,0x00,0x00,0x60,0x98,0x38,0xC0,0x00,0x00,0x00,0x00,0x00,0x60,0x98,
  0x38,0xC0,0x00,0x00,0x00,0x00,0x00,0x60,0x98,0x38,0xFF,0xFF,0xFF,0xFF,0xFF,0xFF,
  0xFF,0x98,0x38,0xFF,0xFF,0xFF,0xFF,0xFF,0xFF,0xFF,0x98,0x38,0xC0,0x00,0x00,0x00,
  0x00,0x00,0x60,0x98,0x38,0xC0,0x00,0x00,0x00,0x00,0x00,0x60,0x98,0x38,0xC0,0x00,
  0x00,0x00,0x00,0x00,0x60,0x98,0x38,0xC0,0x00,0x00,0x00,0x00,0x00,0x60,0x98,0x38,
  0xC0,0x00,0x00,0x00,0x00,0x00,0x60,0x98,0x38,0xC0,0x00,0x00,0x00,0x00,0x00,0x60,
  0x98,0x38,0xC0,0x00,0x00,0x00,0x00,0x00,0x60,0x98,0x38,0xC0,0x00,0x00,0x00,0x00,
  0x00,0x60,0x98,0x38,0xC0,0x00,0x00,0x00,0x00,0x00,0x60,0x98,0x38,0xC0,0x00,0x00,
  0x00,0x00,0x00,0x60,0x98,0x38,0xC0,0x00,0x00,0x00,0x00,0x00,0x60,0x98,0x38,0xC0,
  0x00,0x00,0x00,0x00,0x00,0x60,0x98,0x38,0xFF,0xFF,0xFF,0xFF,0xFF,0xFF,0xFF,0x98,
};
