// Generado por tools/mkfont.py — no editar a mano.
// NotoSans-Regular.ttf a 19px, 134 glifos, 19420 bytes.
#pragma once
#include <pgmspace.h>

static const uint8_t FONT_BODY[] PROGMEM = {
  0x00,0x00,0x00,0x86,0x00,0x00,0x00,0x0B,0x00,0x00,0x00,0x13,0x00,0x00,0x00,0x00,
  0x00,0x00,0x00,0x15,0x00,0x00,0x00,0x06,0x00,0x00,0x00,0x20,0x00,0x00,0x00,0x00,
  0x00,0x00,0x00,0x00,0x00,0x00,0x00,0x05,0x00,0x00,0x00,0x00,0x00,0x00,0x00,0x00,
  0x00,0x00,0x00,0x00,0x00,0x00,0x00,0x21,0x00,0x00,0x00,0x0E,0x00,0x00,0x00,0x03,
  0x00,0x00,0x00,0x05,0x00,0x00,0x00,0x0E,0x00,0x00,0x00,0x01,0x00,0x00,0x00,0x00,
  0x00,0x00,0x00,0x22,0x00,0x00,0x00,0x05,0x00,0x00,0x00,0x06,0x00,0x00,0x00,0x08,
  0x00,0x00,0x00,0x0E,0x00,0x00,0x00,0x01,0x00,0x00,0x00,0x00,0x00,0x00,0x00,0x23,
  0x00,0x00,0x00,0x0E,0x00,0x00,0x00,0x0C,0x00,0x00,0x00,0x0C,0x00,0x00,0x00,0x0E,
  0x00,0x00,0x00,0x00,0x00,0x00,0x00,0x00,0x00,0x00,0x00,0x24,0x00,0x00,0x00,0x11,
  0x00,0x00,0x00,0x09,0x00,0x00,0x00,0x0B,0x00,0x00,0x00,0x0F,0x00,0x00,0x00,0x01,
  0x00,0x00,0x00,0x00,0x00,0x00,0x00,0x25,0x00,0x00,0x00,0x0E,0x00,0x00,0x00,0x0F,
  0x00,0x00,0x00,0x10,0x00,0x00,0x00,0x0E,0x00,0x00,0x00,0x00,0x00,0x00,0x00,0x00,
  0x00,0x00,0x00,0x26,0x00,0x00,0x00,0x0E,0x00,0x00,0x00,0x0D,0x00,0x00,0x00,0x0E,
  0x00,0x00,0x00,0x0E,0x00,0x00,0x00,0x01,0x00,0x00,0x00,0x00,0x00,0x00,0x00,0x27,
  0x00,0x00,0x00,0x05,0x00,0x00,0x00,0x03,0x00,0x00,0x00,0x04,0x00,0x00,0x00,0x0E,
  0x00,0x00,0x00,0x01,0x00,0x00,0x00,0x00,0x00,0x00,0x00,0x28,0x00,0x00,0x00,0x12,
  0x00,0x00,0x00,0x06,0x00,0x00,0x00,0x06,0x00,0x00,0x00,0x0E,0x00,0x00,0x00,0x00,
  0x00,0x00,0x00,0x00,0x00,0x00,0x00,0x29,0x00,0x00,0x00,0x12,0x00,0x00,0x00,0x05,
  0x00,0x00,0x00,0x06,0x00,0x00,0x00,0x0E,0x00,0x00,0x00,0x00,0x00,0x00,0x00,0x00,
  0x00,0x00,0x00,0x2A,0x00,0x00,0x00,0x0A,0x00,0x00,0x00,0x0A,0x00,0x00,0x00,0x0A,
  0x00,0x00,0x00,0x0F,0x00,0x00,0x00,0x00,0x00,0x00,0x00,0x00,0x00,0x00,0x00,0x2B,
  0x00,0x00,0x00,0x0A,0x00,0x00,0x00,0x0A,0x00,0x00,0x00,0x0B,0x00,0x00,0x00,0x0C,
  0x00,0x00,0x00,0x00,0x00,0x00,0x00,0x00,0x00,0x00,0x00,0x2C,0x00,0x00,0x00,0x05,
  0x00,0x00,0x00,0x04,0x00,0x00,0x00,0x05,0x00,0x00,0x00,0x02,0x00,0x00,0x00,0x00,
  0x00,0x00,0x00,0x00,0x00,0x00,0x00,0x2D,0x00,0x00,0x00,0x03,0x00,0x00,0x00,0x06,
  0x00,0x00,0x00,0x06,0x00,0x00,0x00,0x07,0x00,0x00,0x00,0x00,0x00,0x00,0x00,0x00,
  0x00,0x00,0x00,0x2E,0x00,0x00,0x00,0x03,0x00,0x00,0x00,0x03,0x00,0x00,0x00,0x05,
  0x00,0x00,0x00,0x03,0x00,0x00,0x00,0x01,0x00,0x00,0x00,0x00,0x00,0x00,0x00,0x2F,
  0x00,0x00,0x00,0x0E,0x00,0x00,0x00,0x07,0x00,0x00,0x00,0x07,0x00,0x00,0x00,0x0E,
  0x00,0x00,0x00,0x00,0x00,0x00,0x00,0x00,0x00,0x00,0x00,0x30,0x00,0x00,0x00,0x0E,
  0x00,0x00,0x00,0x0A,0x00,0x00,0x00,0x0B,0x00,0x00,0x00,0x0E,0x00,0x00,0x00,0x00,
  0x00,0x00,0x00,0x00,0x00,0x00,0x00,0x31,0x00,0x00,0x00,0x0E,0x00,0x00,0x00,0x06,
  0x00,0x00,0x00,0x0B,0x00,0x00,0x00,0x0E,0x00,0x00,0x00,0x01,0x00,0x00,0x00,0x00,
  0x00,0x00,0x00,0x32,0x00,0x00,0x00,0x0E,0x00,0x00,0x00,0x0A,0x00,0x00,0x00,0x0B,
  0x00,0x00,0x00,0x0E,0x00,0x00,0x00,0x00,0x00,0x00,0x00,0x00,0x00,0x00,0x00,0x33,
  0x00,0x00,0x00,0x0E,0x00,0x00,0x00,0x0A,0x00,0x00,0x00,0x0B,0x00,0x00,0x00,0x0E,
  0x00,0x00,0x00,0x00,0x00,0x00,0x00,0x00,0x00,0x00,0x00,0x34,0x00,0x00,0x00,0x0E,
  0x00,0x00,0x00,0x0B,0x00,0x00,0x00,0x0B,0x00,0x00,0x00,0x0E,0x00,0x00,0x00,0x00,
  0x00,0x00,0x00,0x00,0x00,0x00,0x00,0x35,0x00,0x00,0x00,0x0E,0x00,0x00,0x00,0x09,
  0x00,0x00,0x00,0x0B,0x00,0x00,0x00,0x0E,0x00,0x00,0x00,0x01,0x00,0x00,0x00,0x00,
  0x00,0x00,0x00,0x36,0x00,0x00,0x00,0x0E,0x00,0x00,0x00,0x09,0x00,0x00,0x00,0x0B,
  0x00,0x00,0x00,0x0E,0x00,0x00,0x00,0x01,0x00,0x00,0x00,0x00,0x00,0x00,0x00,0x37,
  0x00,0x00,0x00,0x0E,0x00,0x00,0x00,0x0A,0x00,0x00,0x00,0x0B,0x00,0x00,0x00,0x0E,
  0x00,0x00,0x00,0x00,0x00,0x00,0x00,0x00,0x00,0x00,0x00,0x38,0x00,0x00,0x00,0x0E,
  0x00,0x00,0x00,0x0A,0x00,0x00,0x00,0x0B,0x00,0x00,0x00,0x0E,0x00,0x00,0x00,0x00,
  0x00,0x00,0x00,0x00,0x00,0x00,0x00,0x39,0x00,0x00,0x00,0x0E,0x00,0x00,0x00,0x0A,
  0x00,0x00,0x00,0x0B,0x00,0x00,0x00,0x0E,0x00,0x00,0x00,0x00,0x00,0x00,0x00,0x00,
  0x00,0x00,0x00,0x3A,0x00,0x00,0x00,0x0B,0x00,0x00,0x00,0x03,0x00,0x00,0x00,0x05,
  0x00,0x00,0x00,0x0B,0x00,0x00,0x00,0x01,0x00,0x00,0x00,0x00,0x00,0x00,0x00,0x3B,
  0x00,0x00,0x00,0x0E,0x00,0x00,0x00,0x04,0x00,0x00,0x00,0x05,0x00,0x00,0x00,0x0B,
  0x00,0x00,0x00,0x00,0x00,0x00,0x00,0x00,0x00,0x00,0x00,0x3C,0x00,0x00,0x00,0x0A,
  0x00,0x00,0x00,0x0A,0x00,0x00,0x00,0x0B,0x00,0x00,0x00,0x0C,0x00,0x00,0x00,0x00,
  0x00,0x00,0x00,0x00,0x00,0x00,0x00,0x3D,0x00,0x00,0x00,0x07,0x00,0x00,0x00,0x09,
  0x00,0x00,0x00,0x0B,0x00,0x00,0x00,0x0B,0x00,0x00,0x00,0x01,0x00,0x00,0x00,0x00,
  0x00,0x00,0x00,0x3E,0x00,0x00,0x00,0x0A,0x00,0x00,0x00,0x0A,0x00,0x00,0x00,0x0B,
  0x00,0x00,0x00,0x0C,0x00,0x00,0x00,0x00,0x00,0x00,0x00,0x00,0x00,0x00,0x00,0x3F,
  0x00,0x00,0x00,0x0E,0x00,0x00,0x00,0x08,0x00,0x00,0x00,0x08,0x00,0x00,0x00,0x0E,
  0x00,0x00,0x00,0x00,0x00,0x00,0x00,0x00,0x00,0x00,0x00,0x40,0x00,0x00,0x00,0x10,
  0x00,0x00,0x00,0x0F,0x00,0x00,0x00,0x11,0x00,0x00,0x00,0x0E,0x00,0x00,0x00,0x01,
  0x00,0x00,0x00,0x00,0x00,0x00,0x00,0x41,0x00,0x00,0x00,0x0E,0x00,0x00,0x00,0x0D,
  0x00,0x00,0x00,0x0C,0x00,0x00,0x00,0x0E,0x00,0x00,0x00,0x00,0x00,0x00,0x00,0x00,
  0x00,0x00,0x00,0x42,0x00,0x00,0x00,0x0E,0x00,0x00,0x00,0x0B,0x00,0x00,0x00,0x0C,
  0x00,0x00,0x00,0x0E,0x00,0x00,0x00,0x01,0x00,0x00,0x00,0x00,0x00,0x00,0x00,0x43,
  0x00,0x00,0x00,0x0E,0x00,0x00,0x00,0x0B,0x00,0x00,0x00,0x0C,0x00,0x00,0x00,0x0E,
  0x00,0x00,0x00,0x01,0x00,0x00,0x00,0x00,0x00,0x00,0x00,0x44,0x00,0x00,0x00,0x0E,
  0x00,0x00,0x00,0x0C,0x00,0x00,0x00,0x0E,0x00,0x00,0x00,0x0E,0x00,0x00,0x00,0x01,
  0x00,0x00,0x00,0x00,0x00,0x00,0x00,0x45,0x00,0x00,0x00,0x0E,0x00,0x00,0x00,0x09,
  0x00,0x00,0x00,0x0B,0x00,0x00,0x00,0x0E,0x00,0x00,0x00,0x01,0x00,0x00,0x00,0x00,
  0x00,0x00,0x00,0x46,0x00,0x00,0x00,0x0E,0x00,0x00,0x00,0x09,0x00,0x00,0x00,0x0A,
  0x00,0x00,0x00,0x0E,0x00,0x00,0x00,0x01,0x00,0x00,0x00,0x00,0x00,0x00,0x00,0x47,
  0x00,0x00,0x00,0x0E,0x00,0x00,0x00,0x0C,0x00,0x00,0x00,0x0E,0x00,0x00,0x00,0x0E,
  0x00,0x00,0x00,0x01,0x00,0x00,0x00,0x00,0x00,0x00,0x00,0x48,0x00,0x00,0x00,0x0E,
  0x00,0x00,0x00,0x0C,0x00,0x00,0x00,0x0E,0x00,0x00,0x00,0x0E,0x00,0x00,0x00,0x01,
  0x00,0x00,0x00,0x00,0x00,0x00,0x00,0x49,0x00,0x00,0x00,0x0E,0x00,0x00,0x00,0x06,
  0x00,0x00,0x00,0x06,0x00,0x00,0x00,0x0E,0x00,0x00,0x00,0x00,0x00,0x00,0x00,0x00,
  0x00,0x00,0x00,0x4A,0x00,0x00,0x00,0x13,0x00,0x00,0x00,0x06,0x00,0x00,0x00,0x05,
  0x00,0x00,0x00,0x0E,0xFF,0xFF,0xFF,0xFE,0x00,0x00,0x00,0x00,0x00,0x00,0x00,0x4B,
  0x00,0x00,0x00,0x0E,0x00,0x00,0x00,0x0B,0x00,0x00,0x00,0x0C,0x00,0x00,0x00,0x0E,
  0x00,0x00,0x00,0x01,0x00,0x00,0x00,0x00,0x00,0x00,0x00,0x4C,0x00,0x00,0x00,0x0E,
  0x00,0x00,0x00,0x09,0x00,0x00,0x00,0x0A,0x00,0x00,0x00,0x0E,0x00,0x00,0x00,0x01,
  0x00,0x00,0x00,0x00,0x00,0x00,0x00,0x4D,0x00,0x00,0x00,0x0E,0x00,0x00,0x00,0x0F,
  0x00,0x00,0x00,0x11,0x00,0x00,0x00,0x0E,0x00,0x00,0x00,0x01,0x00,0x00,0x00,0x00,
  0x00,0x00,0x00,0x4E,0x00,0x00,0x00,0x0E,0x00,0x00,0x00,0x0C,0x00,0x00,0x00,0x0E,
  0x00,0x00,0x00,0x0E,0x00,0x00,0x00,0x01,0x00,0x00,0x00,0x00,0x00,0x00,0x00,0x4F,
  0x00,0x00,0x00,0x0E,0x00,0x00,0x00,0x0D,0x00,0x00,0x00,0x0F,0x00,0x00,0x00,0x0E,
  0x00,0x00,0x00,0x01,0x00,0x00,0x00,0x00,0x00,0x00,0x00,0x50,0x00,0x00,0x00,0x0E,
  0x00,0x00,0x00,0x0A,0x00,0x00,0x00,0x0C,0x00,0x00,0x00,0x0E,0x00,0x00,0x00,0x01,
  0x00,0x00,0x00,0x00,0x00,0x00,0x00,0x51,0x00,0x00,0x00,0x11,0x00,0x00,0x00,0x0D,
  0x00,0x00,0x00,0x0F,0x00,0x00,0x00,0x0E,0x00,0x00,0x00,0x01,0x00,0x00,0x00,0x00,
  0x00,0x00,0x00,0x52,0x00,0x00,0x00,0x0E,0x00,0x00,0x00,0x0B,0x00,0x00,0x00,0x0C,
  0x00,0x00,0x00,0x0E,0x00,0x00,0x00,0x01,0x00,0x00,0x00,0x00,0x00,0x00,0x00,0x53,
  0x00,0x00,0x00,0x0E,0x00,0x00,0x00,0x0A,0x00,0x00,0x00,0x0A,0x00,0x00,0x00,0x0E,
  0x00,0x00,0x00,0x00,0x00,0x00,0x00,0x00,0x00,0x00,0x00,0x54,0x00,0x00,0x00,0x0E,
  0x00,0x00,0x00,0x0B,0x00,0x00,0x00,0x0B,0x00,0x00,0x00,0x0E,0x00,0x00,0x00,0x00,
  0x00,0x00,0x00,0x00,0x00,0x00,0x00,0x55,0x00,0x00,0x00,0x0E,0x00,0x00,0x00,0x0C,
  0x00,0x00,0x00,0x0E,0x00,0x00,0x00,0x0E,0x00,0x00,0x00,0x01,0x00,0x00,0x00,0x00,
  0x00,0x00,0x00,0x56,0x00,0x00,0x00,0x0E,0x00,0x00,0x00,0x0C,0x00,0x00,0x00,0x0B,
  0x00,0x00,0x00,0x0E,0x00,0x00,0x00,0x00,0x00,0x00,0x00,0x00,0x00,0x00,0x00,0x57,
  0x00,0x00,0x00,0x0E,0x00,0x00,0x00,0x12,0x00,0x00,0x00,0x12,0x00,0x00,0x00,0x0E,
  0x00,0x00,0x00,0x00,0x00,0x00,0x00,0x00,0x00,0x00,0x00,0x58,0x00,0x00,0x00,0x0E,
  0x00,0x00,0x00,0x0B,0x00,0x00,0x00,0x0B,0x00,0x00,0x00,0x0E,0x00,0x00,0x00,0x00,
  0x00,0x00,0x00,0x00,0x00,0x00,0x00,0x59,0x00,0x00,0x00,0x0E,0x00,0x00,0x00,0x0B,
  0x00,0x00,0x00,0x0B,0x00,0x00,0x00,0x0E,0x00,0x00,0x00,0x00,0x00,0x00,0x00,0x00,
  0x00,0x00,0x00,0x5A,0x00,0x00,0x00,0x0E,0x00,0x00,0x00,0x0B,0x00,0x00,0x00,0x0B,
  0x00,0x00,0x00,0x0E,0x00,0x00,0x00,0x00,0x00,0x00,0x00,0x00,0x00,0x00,0x00,0x5B,
  0x00,0x00,0x00,0x12,0x00,0x00,0x00,0x05,0x00,0x00,0x00,0x06,0x00,0x00,0x00,0x0E,
  0x00,0x00,0x00,0x01,0x00,0x00,0x00,0x00,0x00,0x00,0x00,0x5C,0x00,0x00,0x00,0x0E,
  0x00,0x00,0x00,0x07,0x00,0x00,0x00,0x07,0x00,0x00,0x00,0x0E,0x00,0x00,0x00,0x00,
  0x00,0x00,0x00,0x00,0x00,0x00,0x00,0x5D,0x00,0x00,0x00,0x12,0x00,0x00,0x00,0x05,
  0x00,0x00,0x00,0x06,0x00,0x00,0x00,0x0E,0x00,0x00,0x00,0x00,0x00,0x00,0x00,0x00,
  0x00,0x00,0x00,0x5E,0x00,0x00,0x00,0x09,0x00,0x00,0x00,0x0B,0x00,0x00,0x00,0x0B,
  0x00,0x00,0x00,0x0E,0x00,0x00,0x00,0x00,0x00,0x00,0x00,0x00,0x00,0x00,0x00,0x5F,
  0x00,0x00,0x00,0x03,0x00,0x00,0x00,0x0A,0x00,0x00,0x00,0x08,0xFF,0xFF,0xFF,0xFF,
  0xFF,0xFF,0xFF,0xFF,0x00,0x00,0x00,0x00,0x00,0x00,0x00,0x60,0x00,0x00,0x00,0x03,
  0x00,0x00,0x00,0x05,0x00,0x00,0x00,0x05,0x00,0x00,0x00,0x0F,0x00,0x00,0x00,0x00,
  0x00,0x00,0x00,0x00,0x00,0x00,0x00,0x61,0x00,0x00,0x00,0x0B,0x00,0x00,0x00,0x0A,
  0x00,0x00,0x00,0x0B,0x00,0x00,0x00,0x0B,0x00,0x00,0x00,0x00,0x00,0x00,0x00,0x00,
  0x00,0x00,0x00,0x62,0x00,0x00,0x00,0x0F,0x00,0x00,0x00,0x0A,0x00,0x00,0x00,0x0C,
  0x00,0x00,0x00,0x0F,0x00,0x00,0x00,0x01,0x00,0x00,0x00,0x00,0x00,0x00,0x00,0x63,
  0x00,0x00,0x00,0x0B,0x00,0x00,0x00,0x08,0x00,0x00,0x00,0x09,0x00,0x00,0x00,0x0B,
  0x00,0x00,0x00,0x01,0x00,0x00,0x00,0x00,0x00,0x00,0x00,0x64,0x00,0x00,0x00,0x0F,
  0x00,0x00,0x00,0x0A,0x00,0x00,0x00,0x0C,0x00,0x00,0x00,0x0F,0x00,0x00,0x00,0x01,
  0x00,0x00,0x00,0x00,0x00,0x00,0x00,0x65,0x00,0x00,0x00,0x0B,0x00,0x00,0x00,0x09,
  0x00,0x00,0x00,0x0B,0x00,0x00,0x00,0x0B,0x00,0x00,0x00,0x01,0x00,0x00,0x00,0x00,
  0x00,0x00,0x00,0x66,0x00,0x00,0x00,0x0F,0x00,0x00,0x00,0x08,0x00,0x00,0x00,0x07,
  0x00,0x00,0x00,0x0F,0x00,0x00,0x00,0x00,0x00,0x00,0x00,0x00,0x00,0x00,0x00,0x67,
  0x00,0x00,0x00,0x10,0x00,0x00,0x00,0x0A,0x00,0x00,0x00,0x0C,0x00,0x00,0x00,0x0B,
  0x00,0x00,0x00,0x01,0x00,0x00,0x00,0x00,0x00,0x00,0x00,0x68,0x00,0x00,0x00,0x0F,
  0x00,0x00,0x00,0x0A,0x00,0x00,0x00,0x0C,0x00,0x00,0x00,0x0F,0x00,0x00,0x00,0x01,
  0x00,0x00,0x00,0x00,0x00,0x00,0x00,0x69,0x00,0x00,0x00,0x0F,0x00,0x00,0x00,0x03,
  0x00,0x00,0x00,0x05,0x00,0x00,0x00,0x0F,0x00,0x00,0x00,0x01,0x00,0x00,0x00,0x00,
  0x00,0x00,0x00,0x6A,0x00,0x00,0x00,0x14,0x00,0x00,0x00,0x06,0x00,0x00,0x00,0x05,
  0x00,0x00,0x00,0x0F,0xFF,0xFF,0xFF,0xFE,0x00,0x00,0x00,0x00,0x00,0x00,0x00,0x6B,
  0x00,0x00,0x00,0x0F,0x00,0x00,0x00,0x09,0x00,0x00,0x00,0x0A,0x00,0x00,0x00,0x0F,
  0x00,0x00,0x00,0x01,0x00,0x00,0x00,0x00,0x00,0x00,0x00,0x6C,0x00,0x00,0x00,0x0F,
  0x00,0x00,0x00,0x03,0x00,0x00,0x00,0x05,0x00,0x00,0x00,0x0F,0x00,0x00,0x00,0x01,
  0x00,0x00,0x00,0x00,0x00,0x00,0x00,0x6D,0x00,0x00,0x00,0x0B,0x00,0x00,0x00,0x10,
  0x00,0x00,0x00,0x12,0x00,0x00,0x00,0x0B,0x00,0x00,0x00,0x01,0x00,0x00,0x00,0x00,
  0x00,0x00,0x00,0x6E,0x00,0x00,0x00,0x0B,0x00,0x00,0x00,0x0A,0x00,0x00,0x00,0x0C,
  0x00,0x00,0x00,0x0B,0x00,0x00,0x00,0x01,0x00,0x00,0x00,0x00,0x00,0x00,0x00,0x6F,
  0x00,0x00,0x00,0x0B,0x00,0x00,0x00,0x0A,0x00,0x00,0x00,0x0C,0x00,0x00,0x00,0x0B,
  0x00,0x00,0x00,0x01,0x00,0x00,0x00,0x00,0x00,0x00,0x00,0x70,0x00,0x00,0x00,0x10,
  0x00,0x00,0x00,0x0A,0x00,0x00,0x00,0x0C,0x00,0x00,0x00,0x0B,0x00,0x00,0x00,0x01,
  0x00,0x00,0x00,0x00,0x00,0x00,0x00,0x71,0x00,0x00,0x00,0x10,0x00,0x00,0x00,0x0A,
  0x00,0x00,0x00,0x0C,0x00,0x00,0x00,0x0B,0x00,0x00,0x00,0x01,0x00,0x00,0x00,0x00,
  0x00,0x00,0x00,0x72,0x00,0x00,0x00,0x0B,0x00,0x00,0x00,0x07,0x00,0x00,0x00,0x08,
  0x00,0x00,0x00,0x0B,0x00,0x00,0x00,0x01,0x00,0x00,0x00,0x00,0x00,0x00,0x00,0x73,
  0x00,0x00,0x00,0x0B,0x00,0x00,0x00,0x09,0x00,0x00,0x00,0x09,0x00,0x00,0x00,0x0B,
  0x00,0x00,0x00,0x00,0x00,0x00,0x00,0x00,0x00,0x00,0x00,0x74,0x00,0x00,0x00,0x0E,
  0x00,0x00,0x00,0x07,0x00,0x00,0x00,0x07,0x00,0x00,0x00,0x0E,0x00,0x00,0x00,0x00,
  0x00,0x00,0x00,0x00,0x00,0x00,0x00,0x75,0x00,0x00,0x00,0x0B,0x00,0x00,0x00,0x0A,
  0x00,0x00,0x00,0x0C,0x00,0x00,0x00,0x0B,0x00,0x00,0x00,0x01,0x00,0x00,0x00,0x00,
  0x00,0x00,0x00,0x76,0x00,0x00,0x00,0x0B,0x00,0x00,0x00,0x0A,0x00,0x00,0x00,0x0A,
  0x00,0x00,0x00,0x0B,0x00,0x00,0x00,0x00,0x00,0x00,0x00,0x00,0x00,0x00,0x00,0x77,
  0x00,0x00,0x00,0x0B,0x00,0x00,0x00,0x0F,0x00,0x00,0x00,0x0F,0x00,0x00,0x00,0x0B,
  0x00,0x00,0x00,0x00,0x00,0x00,0x00,0x00,0x00,0x00,0x00,0x78,0x00,0x00,0x00,0x0B,
  0x00,0x00,0x00,0x0A,0x00,0x00,0x00,0x0A,0x00,0x00,0x00,0x0B,0x00,0x00,0x00,0x00,
  0x00,0x00,0x00,0x00,0x00,0x00,0x00,0x79,0x00,0x00,0x00,0x10,0x00,0x00,0x00,0x0A,
  0x00,0x00,0x00,0x0A,0x00,0x00,0x00,0x0B,0x00,0x00,0x00,0x00,0x00,0x00,0x00,0x00,
  0x00,0x00,0x00,0x7A,0x00,0x00,0x00,0x0B,0x00,0x00,0x00,0x09,0x00,0x00,0x00,0x09,
  0x00,0x00,0x00,0x0B,0x00,0x00,0x00,0x00,0x00,0x00,0x00,0x00,0x00,0x00,0x00,0x7B,
  0x00,0x00,0x00,0x12,0x00,0x00,0x00,0x07,0x00,0x00,0x00,0x07,0x00,0x00,0x00,0x0E,
  0x00,0x00,0x00,0x00,0x00,0x00,0x00,0x00,0x00,0x00,0x00,0x7C,0x00,0x00,0x00,0x14,
  0x00,0x00,0x00,0x02,0x00,0x00,0x00,0x0A,0x00,0x00,0x00,0x0F,0x00,0x00,0x00,0x04,
  0x00,0x00,0x00,0x00,0x00,0x00,0x00,0x7D,0x00,0x00,0x00,0x12,0x00,0x00,0x00,0x07,
  0x00,0x00,0x00,0x07,0x00,0x00,0x00,0x0E,0x00,0x00,0x00,0x00,0x00,0x00,0x00,0x00,
  0x00,0x00,0x00,0x7E,0x00,0x00,0x00,0x04,0x00,0x00,0x00,0x0A,0x00,0x00,0x00,0x0B,
  0x00,0x00,0x00,0x09,0x00,0x00,0x00,0x00,0x00,0x00,0x00,0x00,0x00,0x00,0x00,0xA1,
  0x00,0x00,0x00,0x0F,0x00,0x00,0x00,0x03,0x00,0x00,0x00,0x05,0x00,0x00,0x00,0x0B,
  0x00,0x00,0x00,0x01,0x00,0x00,0x00,0x00,0x00,0x00,0x00,0xAA,0x00,0x00,0x00,0x06,
  0x00,0x00,0x00,0x06,0x00,0x00,0x00,0x07,0x00,0x00,0x00,0x0E,0x00,0x00,0x00,0x00,
  0x00,0x00,0x00,0x00,0x00,0x00,0x00,0xAB,0x00,0x00,0x00,0x08,0x00,0x00,0x00,0x09,
  0x00,0x00,0x00,0x0A,0x00,0x00,0x00,0x09,0x00,0x00,0x00,0x00,0x00,0x00,0x00,0x00,
  0x00,0x00,0x00,0xB0,0x00,0x00,0x00,0x08,0x00,0x00,0x00,0x07,0x00,0x00,0x00,0x08,
  0x00,0x00,0x00,0x10,0x00,0x00,0x00,0x01,0x00,0x00,0x00,0x00,0x00,0x00,0x00,0xB1,
  0x00,0x00,0x00,0x0C,0x00,0x00,0x00,0x0A,0x00,0x00,0x00,0x0B,0x00,0x00,0x00,0x0C,
  0x00,0x00,0x00,0x00,0x00,0x00,0x00,0x00,0x00,0x00,0x00,0xB7,0x00,0x00,0x00,0x03,
  0x00,0x00,0x00,0x03,0x00,0x00,0x00,0x05,0x00,0x00,0x00,0x09,0x00,0x00,0x00,0x01,
  0x00,0x00,0x00,0x00,0x00,0x00,0x00,0xBA,0x00,0x00,0x00,0x06,0x00,0x00,0x00,0x07,
  0x00,0x00,0x00,0x07,0x00,0x00,0x00,0x0E,0x00,0x00,0x00,0x00,0x00,0x00,0x00,0x00,
  0x00,0x00,0x00,0xBB,0x00,0x00,0x00,0x08,0x00,0x00,0x00,0x09,0x00,0x00,0x00,0x0A,
  0x00,0x00,0x00,0x09,0x00,0x00,0x00,0x00,0x00,0x00,0x00,0x00,0x00,0x00,0x00,0xBF,
  0x00,0x00,0x00,0x0E,0x00,0x00,0x00,0x08,0x00,0x00,0x00,0x08,0x00,0x00,0x00,0x0A,
  0x00,0x00,0x00,0x00,0x00,0x00,0x00,0x00,0x00,0x00,0x00,0xC1,0x00,0x00,0x00,0x12,
  0x00,0x00,0x00,0x0D,0x00,0x00,0x00,0x0C,0x00,0x00,0x00,0x12,0x00,0x00,0x00,0x00,
  0x00,0x00,0x00,0x00,0x00,0x00,0x00,0xC9,0x00,0x00,0x00,0x12,0x00,0x00,0x00,0x09,
  0x00,0x00,0x00,0x0B,0x00,0x00,0x00,0x12,0x00,0x00,0x00,0x01,0x00,0x00,0x00,0x00,
  0x00,0x00,0x00,0xCD,0x00,0x00,0x00,0x12,0x00,0x00,0x00,0x06,0x00,0x00,0x00,0x06,
  0x00,0x00,0x00,0x12,0x00,0x00,0x00,0x00,0x00,0x00,0x00,0x00,0x00,0x00,0x00,0xD1,
  0x00,0x00,0x00,0x13,0x00,0x00,0x00,0x0C,0x00,0x00,0x00,0x0E,0x00,0x00,0x00,0x13,
  0x00,0x00,0x00,0x01,0x00,0x00,0x00,0x00,0x00,0x00,0x00,0xD3,0x00,0x00,0x00,0x12,
  0x00,0x00,0x00,0x0D,0x00,0x00,0x00,0x0F,0x00,0x00,0x00,0x12,0x00,0x00,0x00,0x01,
  0x00,0x00,0x00,0x00,0x00,0x00,0x00,0xD7,0x00,0x00,0x00,0x09,0x00,0x00,0x00,0x09,
  0x00,0x00,0x00,0x0B,0x00,0x00,0x00,0x0B,0x00,0x00,0x00,0x01,0x00,0x00,0x00,0x00,
  0x00,0x00,0x00,0xDA,0x00,0x00,0x00,0x12,0x00,0x00,0x00,0x0C,0x00,0x00,0x00,0x0E,
  0x00,0x00,0x00,0x12,0x00,0x00,0x00,0x01,0x00,0x00,0x00,0x00,0x00,0x00,0x00,0xDC,
  0x00,0x00,0x00,0x12,0x00,0x00,0x00,0x0C,0x00,0x00,0x00,0x0E,0x00,0x00,0x00,0x12,
  0x00,0x00,0x00,0x01,0x00,0x00,0x00,0x00,0x00,0x00,0x00,0xE1,0x00,0x00,0x00,0x0F,
  0x00,0x00,0x00,0x0A,0x00,0x00,0x00,0x0B,0x00,0x00,0x00,0x0F,0x00,0x00,0x00,0x00,
  0x00,0x00,0x00,0x00,0x00,0x00,0x00,0xE9,0x00,0x00,0x00,0x0F,0x00,0x00,0x00,0x09,
  0x00,0x00,0x00,0x0B,0x00,0x00,0x00,0x0F,0x00,0x00,0x00,0x01,0x00,0x00,0x00,0x00,
  0x00,0x00,0x00,0xED,0x00,0x00,0x00,0x0F,0x00,0x00,0x00,0x05,0x00,0x00,0x00,0x05,
  0x00,0x00,0x00,0x0F,0x00,0x00,0x00,0x01,0x00,0x00,0x00,0x00,0x00,0x00,0x00,0xF1,
  0x00,0x00,0x00,0x10,0x00,0x00,0x00,0x0A,0x00,0x00,0x00,0x0C,0x00,0x00,0x00,0x10,
  0x00,0x00,0x00,0x01,0x00,0x00,0x00,0x00,0x00,0x00,0x00,0xF3,0x00,0x00,0x00,0x0F,
  0x00,0x00,0x00,0x0A,0x00,0x00,0x00,0x0C,0x00,0x00,0x00,0x0F,0x00,0x00,0x00,0x01,
  0x00,0x00,0x00,0x00,0x00,0x00,0x00,0xF7,0x00,0x00,0x00,0x0A,0x00,0x00,0x00,0x0A,
  0x00,0x00,0x00,0x0B,0x00,0x00,0x00,0x0C,0x00,0x00,0x00,0x00,0x00,0x00,0x00,0x00,
  0x00,0x00,0x00,0xFA,0x00,0x00,0x00,0x0F,0x00,0x00,0x00,0x0A,0x00,0x00,0x00,0x0C,
  0x00,0x00,0x00,0x0F,0x00,0x00,0x00,0x01,0x00,0x00,0x00,0x00,0x00,0x00,0x00,0xFC,
  0x00,0x00,0x00,0x0F,0x00,0x00,0x00,0x0A,0x00,0x00,0x00,0x0C,0x00,0x00,0x00,0x0F,
  0x00,0x00,0x00,0x01,0x00,0x00,0x00,0x00,0x00,0x00,0x20,0x14,0x00,0x00,0x00,0x03,
  0x00,0x00,0x00,0x13,0x00,0x00,0x00,0x13,0x00,0x00,0x00,0x07,0x00,0x00,0x00,0x00,
  0x00,0x00,0x00,0x00,0x00,0x00,0x20,0x18,0x00,0x00,0x00,0x05,0x00,0x00,0x00,0x04,
  0x00,0x00,0x00,0x03,0x00,0x00,0x00,0x0E,0x00,0x00,0x00,0x00,0x00,0x00,0x00,0x00,
  0x00,0x00,0x20,0x19,0x00,0x00,0x00,0x05,0x00,0x00,0x00,0x04,0x00,0x00,0x00,0x03,
  0x00,0x00,0x00,0x0E,0x00,0x00,0x00,0x00,0x00,0x00,0x00,0x00,0x00,0x00,0x20,0x1C,
  0x00,0x00,0x00,0x05,0x00,0x00,0x00,0x07,0x00,0x00,0x00,0x07,0x00,0x00,0x00,0x0E,
  0x00,0x00,0x00,0x00,0x00,0x00,0x00,0x00,0x00,0x00,0x20,0x1D,0x00,0x00,0x00,0x05,
  0x00,0x00,0x00,0x07,0x00,0x00,0x00,0x07,0x00,0x00,0x00,0x0E,0x00,0x00,0x00,0x00,
  0x00,0x00,0x00,0x00,0x00,0x00,0x20,0x22,0x00,0x00,0x00,0x05,0x00,0x00,0x00,0x05,
  0x00,0x00,0x00,0x07,0x00,0x00,0x00,0x0A,0x00,0x00,0x00,0x01,0x00,0x00,0x00,0x00,
  0x00,0x00,0x20,0x26,0x00,0x00,0x00,0x03,0x00,0x00,0x00,0x0D,0x00,0x00,0x00,0x0F,
  0x00,0x00,0x00,0x03,0x00,0x00,0x00,0x01,0x00,0x00,0x00,0x00,0x00,0x00,0x20,0xAC,
  0x00,0x00,0x00,0x0E,0x00,0x00,0x00,0x0B,0x00,0x00,0x00,0x0B,0x00,0x00,0x00,0x0E,
  0x00,0x00,0x00,0x00,0x00,0x00,0x00,0x00,0x00,0x00,0x21,0x90,0x00,0x00,0x00,0x0E,
  0x00,0x00,0x00,0x09,0x00,0x00,0x00,0x0B,0x00,0x00,0x00,0x0E,0x00,0x00,0x00,0x01,
  0x00,0x00,0x00,0x00,0x00,0x00,0x21,0x92,0x00,0x00,0x00,0x0E,0x00,0x00,0x00,0x09,
  0x00,0x00,0x00,0x0B,0x00,0x00,0x00,0x0E,0x00,0x00,0x00,0x01,0x00,0x00,0x00,0x00,
  0x00,0x00,0x25,0xCB,0x00,0x00,0x00,0x0E,0x00,0x00,0x00,0x09,0x00,0x00,0x00,0x0B,
  0x00,0x00,0x00,0x0E,0x00,0x00,0x00,0x01,0x00,0x00,0x00,0x00,0x00,0x00,0x25,0xCF,
  0x00,0x00,0x00,0x0E,0x00,0x00,0x00,0x09,0x00,0x00,0x00,0x0B,0x00,0x00,0x00,0x0E,
  0x00,0x00,0x00,0x01,0x00,0x00,0x00,0x00,0x00,0x00,0x27,0x13,0x00,0x00,0x00,0x0E,
  0x00,0x00,0x00,0x09,0x00,0x00,0x00,0x0B,0x00,0x00,0x00,0x0E,0x00,0x00,0x00,0x01,
  0x00,0x00,0x00,0x00,0x00,0x00,0x27,0x17,0x00,0x00,0x00,0x0E,0x00,0x00,0x00,0x09,
  0x00,0x00,0x00,0x0B,0x00,0x00,0x00,0x0E,0x00,0x00,0x00,0x01,0x00,0x00,0x00,0x00,
  0x72,0xFF,0x8D,0x66,0xFF,0x81,0x59,0xFF,0x74,0x4D,0xFF,0x68,0x41,0xFF,0x5B,0x34,
  0xFF,0x4F,0x28,0xFF,0x43,0x1B,0xFF,0x36,0x0F,0xFF,0x2A,0x03,0xFF,0x1E,0x00,0x00,
  0x00,0x43,0xCC,0x51,0x98,0xFF,0xAE,0x57,0xF3,0x68,0xBB,0xFE,0x03,0x3F,0xFF,0x79,
  0xA7,0xED,0x00,0x2B,0xFF,0x66,0x94,0xD9,0x00,0x18,0xFF,0x53,0x81,0xC5,0x00,0x05,
  0xFF,0x40,0x6E,0xB1,0x00,0x00,0xF2,0x2D,0x00,0x00,0x00,0x00,0x62,0xF6,0x03,0x00,
  0x49,0xFC,0x09,0x00,0x00,0x00,0x00,0x00,0x94,0xC7,0x00,0x00,0x7B,0xD3,0x00,0x00,
  0x00,0x00,0x00,0x00,0xC7,0x94,0x00,0x00,0xAD,0xA0,0x00,0x00,0x00,0x1D,0x24,0x25,
  0xF6,0x7B,0x24,0x24,0xE0,0x85,0x24,0x1C,0x00,0xD4,0xFF,0xFF,0xFF,0xFF,0xFF,0xFF,
  0xFF,0xFF,0xFF,0xC8,0x00,0x45,0x54,0x8E,0xFC,0x55,0x54,0x86,0xFF,0x5F,0x54,0x41,
  0x00,0x00,0x00,0x7C,0xDA,0x00,0x00,0x6E,0xED,0x00,0x00,0x00,0x00,0x00,0x00,0xA8,
  0xB0,0x00,0x00,0x97,0xC2,0x00,0x00,0x00,0x13,0x24,0x24,0xD8,0x9A,0x24,0x24,0xC7,
  0xA8,0x24,0x24,0x05,0x88,0xFF,0xFF,0xFF,0xFF,0xFF,0xFF,0xFF,0xFF,0xFF,0xFF,0x24,
  0x2C,0x54,0x75,0xFF,0x6D,0x54,0x6B,0xFF,0x77,0x54,0x54,0x0B,0x00,0x00,0x5C,0xF7,
  0x04,0x00,0x50,0xFC,0x0B,0x00,0x00,0x00,0x00,0x00,0x8F,0xC8,0x00,0x00,0x87,0xD1,
  0x00,0x00,0x00,0x00,0x00,0x00,0xC2,0x95,0x00,0x00,0xBD,0x9B,0x00,0x00,0x00,0x00,
  0x00,0x00,0x00,0x30,0xFF,0x04,0x00,0x00,0x00,0x00,0x00,0x00,0x3D,0xFF,0x14,0x00,
  0x00,0x00,0x00,0x6F,0xE9,0xFF,0xFF,0xFF,0xF2,0xB0,0x23,0x5E,0xFF,0xD4,0x9B,0xFF,
  0x7B,0xA8,0xEC,0x13,0xB7,0xED,0x0B,0x30,0xFF,0x04,0x00,0x03,0x00,0xC4,0xE3,0x00,
  0x30,0xFF,0x04,0x00,0x00,0x00,0x87,0xFF,0x8E,0x45,0xFF,0x04,0x00,0x00,0x00,0x0C,
  0xC8,0xFF,0xFF,0xFF,0x52,0x06,0x00,0x00,0x00,0x03,0x5E,0xC6,0xFF,0xFF,0xE7,0x64,
  0x00,0x00,0x00,0x00,0x30,0xFF,0x78,0xDE,0xFF,0x5D,0x00,0x00,0x00,0x30,0xFF,0x04,
  0x11,0xF3,0xB9,0x00,0x00,0x00,0x30,0xFF,0x04,0x01,0xE6,0xB7,0x8D,0x59,0x2A,0x3A,
  0xFF,0x35,0x9C,0xFF,0x6C,0xCF,0xFF,0xFF,0xFF,0xFF,0xFF,0xFD,0x94,0x01,0x0D,0x4E,
  0x70,0x9A,0xFF,0x61,0x20,0x00,0x00,0x00,0x00,0x00,0x30,0xFF,0x04,0x00,0x00,0x00,
  0x00,0x00,0x00,0x17,0x7C,0x01,0x00,0x00,0x00,0x00,0x11,0xB4,0xF8,0xDD,0x49,0x00,
  0x00,0x00,0x00,0x59,0xFA,0x23,0x00,0x00,0x00,0x8E,0xF8,0x8D,0xCC,0xF1,0x0D,0x00,
  0x00,0x05,0xDC,0x95,0x00,0x00,0x00,0x00,0xE3,0x8B,0x00,0x18,0xFD,0x5D,0x00,0x00,
  0x6C,0xF3,0x17,0x00,0x00,0x00,0x03,0xFD,0x5B,0x00,0x00,0xE2,0x7E,0x00,0x0C,0xE9,
  0x81,0x00,0x00,0x00,0x00,0x07,0xFF,0x56,0x00,0x00,0xDB,0x85,0x00,0x7F,0xEA,0x0D,
  0x12,0x12,0x00,0x00,0x00,0xEC,0x74,0x00,0x07,0xF5,0x6C,0x15,0xF2,0x6E,0x9A,0xFE,
  0xFE,0x99,0x00,0x00,0xA6,0xDB,0x38,0x8A,0xFF,0x26,0x92,0xDE,0x48,0xFF,0x90,0x89,
  0xFF,0x4A,0x00,0x2A,0xED,0xFF,0xFF,0x98,0x21,0xF9,0x5A,0x92,0xDA,0x00,0x00,0xC9,
  0xA3,0x00,0x00,0x12,0x4C,0x33,0x00,0xA4,0xCF,0x01,0xB1,0xAE,0x00,0x00,0x98,0xC5,
  0x00,0x00,0x00,0x00,0x00,0x2F,0xFE,0x47,0x00,0xBE,0xA3,0x00,0x00,0x8C,0xD5,0x00,
  0x00,0x00,0x00,0x00,0xB7,0xBE,0x00,0x00,0xAB,0xB1,0x00,0x00,0x9C,0xC2,0x00,0x00,
  0x00,0x00,0x40,0xFE,0x35,0x00,0x00,0x84,0xE4,0x03,0x01,0xD6,0x9B,0x00,0x00,0x00,
  0x00,0xC9,0xAA,0x00,0x00,0x00,0x2A,0xFE,0xB1,0xAC,0xFF,0x41,0x00,0x00,0x00,0x53,
  0xFB,0x25,0x00,0x00,0x00,0x00,0x6B,0xEB,0xEF,0x7F,0x00,0x00,0x00,0x59,0xCE,0xF4,
  0xE5,0x97,0x10,0x00,0x00,0x00,0x00,0x00,0x00,0x4C,0xFF,0xD5,0x83,0xAB,0xFF,0xAA,
  0x00,0x00,0x00,0x00,0x00,0x00,0xA1,0xFA,0x11,0x00,0x00,0xBA,0xF7,0x03,0x00,0x00,
  0x00,0x00,0x00,0xA6,0xF7,0x05,0x00,0x00,0xB1,0xF5,0x01,0x00,0x00,0x00,0x00,0x00,
  0x55,0xFF,0x71,0x00,0x4B,0xFC,0x98,0x00,0x00,0x00,0x00,0x00,0x00,0x00,0xA7,0xFB,
  0xA8,0xFD,0xAF,0x09,0x00,0x00,0x00,0x00,0x00,0x00,0x02,0x7D,0xFF,0xFF,0xA8,0x00,
  0x00,0x00,0x00,0x00,0x00,0x00,0x0A,0xB7,0xFF,0xA4,0xD1,0xFD,0x61,0x00,0x00,0x00,
  0xD1,0xDC,0x00,0x8C,0xFF,0x78,0x00,0x12,0xCD,0xFE,0x68,0x00,0x24,0xFF,0x87,0x00,
  0xE3,0xE1,0x01,0x00,0x00,0x10,0xC8,0xFF,0x70,0xA9,0xFD,0x29,0x00,0xF9,0xCE,0x00,
  0x00,0x00,0x00,0x0D,0xC3,0xFF,0xFF,0x90,0x00,0x00,0xCF,0xFA,0x31,0x00,0x00,0x00,
  0x07,0x8D,0xFF,0xFF,0x78,0x00,0x00,0x4F,0xFD,0xF5,0x9B,0x7E,0x99,0xE5,0xFF,0x91,
  0xC0,0xFF,0x6C,0x00,0x00,0x37,0xB3,0xE5,0xF9,0xE4,0xA6,0x38,0x00,0x0E,0xCD,0xFE,
  0x65,0xBB,0xFE,0x03,0xA7,0xED,0x00,0x94,0xD9,0x00,0x81,0xC5,0x00,0x6E,0xB1,0x00,
  0x00,0x00,0x01,0xC4,0xD1,0x03,0x00,0x00,0x6A,0xFF,0x3E,0x00,0x00,0x04,0xE7,0xC2,
  0x00,0x00,0x00,0x52,0xFF,0x60,0x00,0x00,0x00,0xA5,0xFD,0x0F,0x00,0x00,0x00,0xDE,
  0xD4,0x00,0x00,0x00,0x0F,0xFF,0xA1,0x00,0x00,0x00,0x25,0xFF,0x8B,0x00,0x00,0x00,
  0x35,0xFF,0x79,0x00,0x00,0x00,0x30,0xFF,0x80,0x00,0x00,0x00,0x1E,0xFF,0x93,0x00,
  0x00,0x00,0x06,0xF9,0xB5,0x00,0x00,0x00,0x00,0xC8,0xED,0x01,0x00,0x00,0x00,0x89,
  0xFF,0x30,0x00,0x00,0x00,0x27,0xFF,0x90,0x00,0x00,0x00,0x00,0xB8,0xED,0x0C,0x00,
  0x00,0x00,0x24,0xF6,0x88,0x00,0x00,0x00,0x00,0x4C,0x75,0x02,0x29,0xFA,0x76,0x00,
  0x00,0x00,0x8C,0xF6,0x25,0x00,0x00,0x15,0xFA,0x9E,0x00,0x00,0x00,0xAD,0xF5,0x0F,
  0x00,0x00,0x59,0xFF,0x59,0x00,0x00,0x21,0xFF,0x91,0x00,0x00,0x00,0xED,0xC2,0x00,
  0x00,0x00,0xD8,0xD8,0x00,0x00,0x00,0xC6,0xE9,0x00,0x00,0x00,0xCD,0xE3,0x00,0x00,
  0x00,0xE0,0xD1,0x00,0x00,0x08,0xF9,0xB2,0x00,0x00,0x3B,0xFF,0x7B,0x00,0x00,0x7C,
  0xFF,0x3C,0x00,0x01,0xDC,0xD8,0x00,0x00,0x46,0xFF,0x6B,0x00,0x03,0xD1,0xC8,0x03,
  0x00,0x20,0x7C,0x25,0x00,0x00,0x00,0x00,0x00,0x00,0xB3,0xFF,0x12,0x00,0x00,0x00,
  0x00,0x00,0x00,0x00,0x98,0xF8,0x00,0x00,0x00,0x00,0x00,0x15,0x00,0x00,0x7D,0xDF,
  0x00,0x00,0x04,0x10,0x0E,0xFD,0xC8,0x7C,0x8A,0xD1,0x5D,0xA9,0xF0,0x7D,0x1D,0xB4,
  0xCA,0xE0,0xFC,0xFF,0xEB,0xD3,0xBD,0x68,0x00,0x00,0x00,0x2F,0xF9,0xE7,0x8E,0x00,
  0x00,0x00,0x00,0x00,0x08,0xD4,0xC4,0x63,0xFE,0x46,0x00,0x00,0x00,0x00,0x8F,0xFF,
  0x5A,0x07,0xE7,0xE7,0x14,0x00,0x00,0x00,0x60,0xD0,0x06,0x00,0x79,0xA5,0x17,0x00,
  0x00,0x00,0x00,0x01,0x00,0x00,0x01,0x00,0x00,0x00,0x00,0x00,0x00,0x00,0x44,0xFF,
  0x18,0x00,0x00,0x00,0x00,0x00,0x00,0x00,0x44,0xFF,0x18,0x00,0x00,0x00,0x00,0x00,
  0x00,0x00,0x44,0xFF,0x18,0x00,0x00,0x00,0x00,0x00,0x00,0x00,0x44,0xFF,0x18,0x00,
  0x00,0x00,0x01,0x24,0x24,0x24,0x5E,0xFF,0x38,0x24,0x24,0x1F,0x0C,0xFF,0xFF,0xFF,
  0xFF,0xFF,0xFF,0xFF,0xFF,0xE0,0x03,0x54,0x54,0x54,0x81,0xFF,0x64,0x54,0x54,0x49,
  0x00,0x00,0x00,0x00,0x44,0xFF,0x18,0x00,0x00,0x00,0x00,0x00,0x00,0x00,0x44,0xFF,
  0x18,0x00,0x00,0x00,0x00,0x00,0x00,0x00,0x44,0xFF,0x18,0x00,0x00,0x00,0x00,0x58,
  0xFF,0x89,0x00,0x82,0xFF,0x43,0x00,0xB3,0xF0,0x05,0x00,0xE8,0x97,0x00,0x1D,0xFF,
  0x35,0x00,0x08,0x24,0x24,0x24,0x24,0x0C,0x3C,0xFF,0xFF,0xFF,0xFF,0x5C,0x13,0x54,
  0x54,0x54,0x54,0x1E,0x43,0xCC,0x50,0x98,0xFF,0xAE,0x57,0xF3,0x68,0x00,0x00,0x00,
  0x00,0x04,0xEA,0xB1,0x00,0x00,0x00,0x00,0x4B,0xFF,0x55,0x00,0x00,0x00,0x00,0xA8,
  0xF0,0x08,0x00,0x00,0x00,0x0D,0xF6,0x9C,0x00,0x00,0x00,0x00,0x61,0xFF,0x40,0x00,
  0x00,0x00,0x00,0xBD,0xE2,0x01,0x00,0x00,0x00,0x1C,0xFD,0x87,0x00,0x00,0x00,0x00,
  0x77,0xFF,0x2B,0x00,0x00,0x00,0x00,0xD3,0xCF,0x00,0x00,0x00,0x00,0x30,0xFF,0x73,
  0x00,0x00,0x00,0x00,0x8C,0xFD,0x19,0x00,0x00,0x00,0x02,0xE5,0xBA,0x00,0x00,0x00,
  0x00,0x45,0xFF,0x5E,0x00,0x00,0x00,0x00,0xA2,0xF5,0x0C,0x00,0x00,0x00,0x00,0x00,
  0x00,0x0D,0x8B,0xDE,0xF7,0xD8,0x6F,0x01,0x00,0x00,0x03,0xBC,0xFE,0xA9,0x80,0xBD,
  0xFF,0x89,0x00,0x00,0x52,0xFF,0x79,0x00,0x00,0x00,0xA6,0xFC,0x24,0x00,0xAC,0xF8,
  0x0C,0x00,0x00,0x00,0x2E,0xFF,0x7E,0x00,0xDE,0xCA,0x00,0x00,0x00,0x00,0x01,0xF0,
  0xB9,0x00,0xFB,0xAB,0x00,0x00,0x00,0x00,0x00,0xD1,0xDC,0x09,0xFF,0x9F,0x00,0x00,
  0x00,0x00,0x00,0xC4,0xEA,0x0A,0xFF,0x9F,0x00,0x00,0x00,0x00,0x00,0xC5,0xE8,0x01,
  0xFB,0xAB,0x00,0x00,0x00,0x00,0x00,0xD1,0xDA,0x00,0xDA,0xCA,0x00,0x00,0x00,0x00,
  0x00,0xEF,0xBB,0x00,0xA2,0xF7,0x0B,0x00,0x00,0x00,0x2C,0xFF,0x87,0x00,0x47,0xFF,
  0x77,0x00,0x00,0x00,0xA1,0xFF,0x2C,0x00,0x00,0xB4,0xFE,0xA8,0x7F,0xBB,0xFF,0x97,
  0x00,0x00,0x00,0x09,0x89,0xE3,0xF7,0xD8,0x76,0x04,0x00,0x00,0x00,0x00,0x4E,0xF2,
  0xC0,0x00,0x00,0x7A,0xFE,0xFE,0xC0,0x0A,0xA9,0xFF,0x85,0xD9,0xC0,0x10,0xD8,0x61,
  0x00,0xE2,0xC0,0x00,0x06,0x00,0x00,0xE4,0xC0,0x00,0x00,0x00,0x00,0xE4,0xC0,0x00,
  0x00,0x00,0x00,0xE4,0xC0,0x00,0x00,0x00,0x00,0xE4,0xC0,0x00,0x00,0x00,0x00,0xE4,
  0xC0,0x00,0x00,0x00,0x00,0xE4,0xC0,0x00,0x00,0x00,0x00,0xE4,0xC0,0x00,0x00,0x00,
  0x00,0xE4,0xC0,0x00,0x00,0x00,0x00,0xE4,0xC0,0x00,0x00,0x00,0x00,0xE4,0xC0,0x00,
  0x00,0x35,0xB0,0xEB,0xF3,0xCF,0x6A,0x03,0x00,0x00,0x78,0xFB,0xDD,0x8E,0x84,0xCD,
  0xFF,0xA1,0x00,0x00,0x64,0x83,0x05,0x00,0x00,0x02,0xC0,0xFF,0x24,0x00,0x00,0x00,
  0x00,0x00,0x00,0x00,0x6E,0xFF,0x4D,0x00,0x00,0x00,0x00,0x00,0x00,0x00,0x75,0xFF,
  0x3D,0x00,0x00,0x00,0x00,0x00,0x00,0x00,0xC3,0xF1,0x08,0x00,0x00,0x00,0x00,0x00,
  0x00,0x56,0xFF,0x7C,0x00,0x00,0x00,0x00,0x00,0x00,0x30,0xF2,0xC5,0x04,0x00,0x00,
  0x00,0x00,0x00,0x25,0xE8,0xD7,0x13,0x00,0x00,0x00,0x00,0x00,0x20,0xE2,0xE1,0x1D,
  0x00,0x00,0x00,0x00,0x00,0x1C,0xDE,0xE3,0x22,0x00,0x00,0x00,0x00,0x00,0x18,0xD9,
  0xE4,0x24,0x00,0x00,0x00,0x00,0x00,0x08,0xD4,0xFF,0x9D,0x78,0x78,0x78,0x78,0x78,
  0x69,0x18,0xFF,0xFF,0xFF,0xFF,0xFF,0xFF,0xFF,0xFF,0xE0,0x00,0x0B,0x72,0xC8,0xF1,
  0xFA,0xDE,0x8F,0x0F,0x00,0x01,0xCB,0xFE,0xBC,0x86,0x83,0xC0,0xFF,0xC6,0x02,0x00,
  0x3D,0x31,0x00,0x00,0x00,0x00,0xA5,0xFF,0x3E,0x00,0x00,0x00,0x00,0x00,0x00,0x00,
  0x66,0xFF,0x50,0x00,0x00,0x00,0x00,0x00,0x00,0x00,0xAE,0xFB,0x1F,0x00,0x00,0x02,
  0x24,0x2B,0x4B,0xAE,0xFB,0x6C,0x00,0x00,0x00,0x14,0xFF,0xFF,0xFF,0xE8,0x5A,0x01,
  0x00,0x00,0x00,0x06,0x54,0x5A,0x72,0xB7,0xFE,0xBC,0x0A,0x00,0x00,0x00,0x00,0x00,
  0x00,0x00,0x6C,0xFF,0x7E,0x00,0x00,0x00,0x00,0x00,0x00,0x00,0x0B,0xFE,0xB9,0x00,
  0x00,0x00,0x00,0x00,0x00,0x00,0x19,0xFF,0xB3,0x0C,0x24,0x00,0x00,0x00,0x00,0x00,
  0x96,0xFF,0x6F,0x24,0xFF,0xC8,0x9A,0x7E,0x89,0xCA,0xFF,0xC5,0x08,0x09,0x78,0xCA,
  0xEB,0xFB,0xED,0xC7,0x71,0x06,0x00,0x00,0x00,0x00,0x00,0x00,0x00,0x92,0xFF,0x84,
  0x00,0x00,0x00,0x00,0x00,0x00,0x00,0x46,0xFC,0xFF,0x84,0x00,0x00,0x00,0x00,0x00,
  0x00,0x13,0xE6,0xA6,0xFF,0x84,0x00,0x00,0x00,0x00,0x00,0x00,0xAD,0xE6,0x29,0xFF,
  0x84,0x00,0x00,0x00,0x00,0x00,0x61,0xFE,0x44,0x1B,0xFF,0x84,0x00,0x00,0x00,0x00,
  0x22,0xF2,0x8B,0x00,0x1C,0xFF,0x84,0x00,0x00,0x00,0x03,0xC5,0xCD,0x06,0x00,0x1C,
  0xFF,0x84,0x00,0x00,0x00,0x7D,0xF4,0x26,0x00,0x00,0x1C,0xFF,0x84,0x00,0x00,0x34,
  0xFB,0x63,0x00,0x00,0x00,0x1C,0xFF,0x84,0x00,0x00,0x97,0xFF,0xFF,0xFF,0xFF,0xFF,
  0xFF,0xFF,0xFF,0xFF,0x7C,0x5A,0x98,0x98,0x98,0x98,0x98,0xA3,0xFF,0xCD,0x98,0x49,
  0x00,0x00,0x00,0x00,0x00,0x00,0x1C,0xFF,0x84,0x00,0x00,0x00,0x00,0x00,0x00,0x00,
  0x00,0x1C,0xFF,0x84,0x00,0x00,0x00,0x00,0x00,0x00,0x00,0x00,0x1C,0xFF,0x84,0x00,
  0x00,0x04,0xFE,0xFF,0xFF,0xFF,0xFF,0xFF,0xD4,0x00,0x19,0xFF,0xB2,0x78,0x78,0x78,
  0x78,0x63,0x00,0x2F,0xFF,0x5D,0x00,0x00,0x00,0x00,0x00,0x00,0x44,0xFF,0x47,0x00,
  0x00,0x00,0x00,0x00,0x00,0x5A,0xFF,0x32,0x15,0x1D,0x06,0x00,0x00,0x00,0x70,0xFF,
  0xF7,0xFF,0xFF,0xF8,0xAC,0x1E,0x00,0x20,0x9F,0x79,0x5C,0x6F,0xB3,0xFF,0xE3,0x14,
  0x00,0x00,0x00,0x00,0x00,0x00,0x80,0xFF,0x80,0x00,0x00,0x00,0x00,0x00,0x00,0x0F,
  0xFF,0xB9,0x00,0x00,0x00,0x00,0x00,0x00,0x00,0xF6,0xC0,0x00,0x00,0x00,0x00,0x00,
  0x00,0x20,0xFF,0x9D,0x2D,0x00,0x00,0x00,0x00,0x06,0xAE,0xFF,0x45,0xCC,0xD8,0xA2,
  0x82,0x93,0xDD,0xFF,0x96,0x00,0x58,0xBC,0xE3,0xF9,0xF2,0xC2,0x5B,0x00,0x00,0x00,
  0x00,0x08,0x72,0xC9,0xEC,0xFB,0xD6,0x00,0x00,0x14,0xD0,0xFF,0xC4,0x8A,0x7D,0x90,
  0x00,0x00,0xB5,0xF8,0x4C,0x00,0x00,0x00,0x00,0x00,0x36,0xFF,0x7A,0x00,0x00,0x00,
  0x00,0x00,0x00,0x8A,0xFE,0x15,0x00,0x12,0x19,0x00,0x00,0x00,0xBC,0xE3,0x2E,0xCD,
  0xFF,0xFF,0xE0,0x52,0x00,0xD3,0xDB,0xE5,0x94,0x5D,0x79,0xE8,0xFD,0x40,0xE9,0xFF,
  0x4A,0x00,0x00,0x00,0x27,0xFB,0xB6,0xE9,0xCF,0x00,0x00,0x00,0x00,0x00,0xC6,0xE9,
  0xD3,0xCA,0x00,0x00,0x00,0x00,0x00,0xB6,0xF1,0x9B,0xF8,0x10,0x00,0x00,0x00,0x00,
  0xD9,0xD4,0x3E,0xFF,0x99,0x00,0x00,0x00,0x53,0xFF,0x89,0x00,0x94,0xFF,0xC1,0x82,
  0xA4,0xFC,0xDE,0x12,0x00,0x00,0x69,0xD1,0xF7,0xE9,0x9E,0x18,0x00,0x28,0xFF,0xFF,
  0xFF,0xFF,0xFF,0xFF,0xFF,0xFF,0xF0,0x12,0x78,0x78,0x78,0x78,0x78,0x78,0x79,0xF8,
  0xCF,0x00,0x00,0x00,0x00,0x00,0x00,0x00,0x4E,0xFF,0x63,0x00,0x00,0x00,0x00,0x00,
  0x00,0x00,0xC0,0xEC,0x08,0x00,0x00,0x00,0x00,0x00,0x00,0x31,0xFF,0x86,0x00,0x00,
  0x00,0x00,0x00,0x00,0x00,0xA4,0xFB,0x1C,0x00,0x00,0x00,0x00,0x00,0x00,0x1B,0xFA,
  0xA9,0x00,0x00,0x00,0x00,0x00,0x00,0x00,0x88,0xFF,0x3A,0x00,0x00,0x00,0x00,0x00,
  0x00,0x0B,0xEE,0xCC,0x00,0x00,0x00,0x00,0x00,0x00,0x00,0x6C,0xFF,0x5D,0x00,0x00,
  0x00,0x00,0x00,0x00,0x02,0xDB,0xE8,0x06,0x00,0x00,0x00,0x00,0x00,0x00,0x50,0xFF,
  0x80,0x00,0x00,0x00,0x00,0x00,0x00,0x00,0xC2,0xF9,0x18,0x00,0x00,0x00,0x00,0x00,
  0x00,0x33,0xFF,0xA3,0x00,0x00,0x00,0x00,0x00,0x00,0x00,0x24,0xA3,0xE8,0xF8,0xDB,
  0x90,0x18,0x00,0x00,0x1E,0xEC,0xF6,0x9E,0x80,0xAD,0xFD,0xE0,0x0E,0x00,0x82,0xFF,
  0x49,0x00,0x00,0x00,0x76,0xFF,0x5F,0x00,0x94,0xFF,0x09,0x00,0x00,0x00,0x39,0xFF,
  0x72,0x00,0x5D,0xFF,0x5C,0x00,0x00,0x00,0x81,0xFD,0x33,0x00,0x03,0xB9,0xFC,0x84,
  0x23,0x8D,0xFC,0x6F,0x00,0x00,0x00,0x07,0xA9,0xFF,0xFF,0xFE,0x52,0x00,0x00,0x00,
  0x00,0x7F,0xF9,0xB5,0x8B,0xEF,0xEE,0x5D,0x00,0x00,0x76,0xFF,0x62,0x00,0x00,0x10,
  0xAC,0xFF,0x55,0x00,0xEF,0xBA,0x00,0x00,0x00,0x00,0x06,0xE4,0xCB,0x09,0xFF,0x9E,
  0x00,0x00,0x00,0x00,0x00,0xC8,0xE4,0x00,0xE2,0xE7,0x16,0x00,0x00,0x00,0x32,0xF9,
  0xB6,0x00,0x5F,0xFF,0xEC,0x97,0x80,0xA1,0xF7,0xF4,0x32,0x00,0x00,0x4A,0xBA,0xEE,
  0xF9,0xDC,0x9F,0x21,0x00,0x00,0x00,0x25,0xA8,0xEA,0xF5,0xCC,0x5B,0x00,0x00,0x00,
  0x27,0xF1,0xF5,0x9B,0x83,0xC3,0xFF,0x7F,0x00,0x00,0xAF,0xFA,0x30,0x00,0x00,0x00,
  0x97,0xFC,0x2B,0x00,0xF3,0xBA,0x00,0x00,0x00,0x00,0x0F,0xF8,0x86,0x06,0xFF,0xA6,
  0x00,0x00,0x00,0x00,0x00,0xD9,0xBF,0x00,0xEA,0xDA,0x03,0x00,0x00,0x00,0x24,0xF9,
  0xD4,0x00,0x8C,0xFF,0xA9,0x3E,0x2C,0x61,0xDC,0xF1,0xDA,0x00,0x08,0xA6,0xFF,0xFF,
  0xFF,0xEE,0x4F,0xEB,0xCB,0x00,0x00,0x00,0x21,0x4C,0x41,0x0B,0x09,0xFF,0xAA,0x00,
  0x00,0x00,0x00,0x00,0x00,0x00,0x43,0xFF,0x73,0x00,0x00,0x00,0x00,0x00,0x00,0x00,
  0xB1,0xFD,0x24,0x00,0x00,0x00,0x00,0x00,0x01,0x7B,0xFF,0xA0,0x00,0x00,0x0B,0x98,
  0x7D,0x8E,0xD5,0xFF,0xC3,0x0C,0x00,0x00,0x0D,0xE9,0xFB,0xEA,0xC4,0x68,0x03,0x00,
  0x00,0x59,0xF4,0x6A,0x98,0xFF,0xAE,0x41,0xCB,0x4E,0x00,0x00,0x00,0x00,0x00,0x00,
  0x00,0x00,0x00,0x00,0x00,0x00,0x00,0x00,0x00,0x43,0xCC,0x50,0x98,0xFF,0xAE,0x57,
  0xF3,0x68,0x00,0x62,0xF4,0x63,0x00,0xA3,0xFF,0xA6,0x00,0x47,0xCC,0x48,0x00,0x00,
  0x00,0x00,0x00,0x00,0x00,0x00,0x00,0x00,0x00,0x00,0x00,0x00,0x00,0x00,0x00,0x00,
  0x00,0x00,0x00,0x00,0x00,0x00,0x00,0x86,0xFF,0x62,0x00,0xB0,0xFF,0x20,0x00,0xE2,
  0xCB,0x00,0x15,0xFF,0x6B,0x00,0x4C,0xF7,0x11,0x00,0x00,0x00,0x00,0x00,0x00,0x00,
  0x00,0x00,0x02,0x4A,0x00,0x00,0x00,0x00,0x00,0x00,0x02,0x59,0xD6,0xE6,0x00,0x00,
  0x00,0x00,0x02,0x5A,0xD7,0xF8,0x9A,0x24,0x00,0x00,0x03,0x5B,0xD8,0xF2,0x8B,0x19,
  0x00,0x00,0x01,0x5D,0xD9,0xEA,0x7C,0x10,0x00,0x00,0x00,0x00,0x0A,0xFB,0xF8,0x67,
  0x07,0x00,0x00,0x00,0x00,0x00,0x00,0x1D,0x8A,0xEF,0xEB,0x87,0x1F,0x00,0x00,0x00,
  0x00,0x00,0x00,0x0B,0x6C,0xDA,0xFD,0xB1,0x46,0x01,0x00,0x00,0x00,0x00,0x00,0x01,
  0x4D,0xBD,0xFF,0xCA,0x00,0x00,0x00,0x00,0x00,0x00,0x00,0x00,0x2E,0x8A,0x21,0x24,
  0x24,0x24,0x24,0x24,0x24,0x24,0x1B,0xF0,0xFF,0xFF,0xFF,0xFF,0xFF,0xFF,0xFF,0xC4,
  0x4E,0x54,0x54,0x54,0x54,0x54,0x54,0x54,0x40,0x00,0x00,0x00,0x00,0x00,0x00,0x00,
  0x00,0x00,0x21,0x24,0x24,0x24,0x24,0x24,0x24,0x24,0x1B,0xF0,0xFF,0xFF,0xFF,0xFF,
  0xFF,0xFF,0xFF,0xC4,0x4E,0x54,0x54,0x54,0x54,0x54,0x54,0x54,0x40,0x06,0x46,0x00,
  0x00,0x00,0x00,0x00,0x00,0x00,0x00,0x0B,0xFF,0xC6,0x47,0x00,0x00,0x00,0x00,0x00,
  0x00,0x00,0x32,0xAC,0xFD,0xC7,0x48,0x00,0x00,0x00,0x00,0x00,0x00,0x00,0x27,0x9E,
  0xFA,0xC9,0x4A,0x00,0x00,0x00,0x00,0x00,0x00,0x00,0x1D,0x91,0xF5,0xCA,0x49,0x00,
  0x00,0x00,0x00,0x00,0x00,0x0D,0x7F,0xFE,0xE2,0x00,0x00,0x00,0x00,0x2B,0x95,0xF2,
  0xE5,0x7B,0x13,0x00,0x04,0x54,0xBF,0xFF,0xCB,0x5C,0x05,0x00,0x00,0x08,0xE5,0xFC,
  0xAD,0x3D,0x00,0x00,0x00,0x00,0x00,0x09,0x8F,0x21,0x00,0x00,0x00,0x00,0x00,0x00,
  0x00,0x29,0x91,0xDA,0xF8,0xED,0xC0,0x42,0x00,0x86,0xF3,0xAE,0x86,0x8D,0xE4,0xFC,
  0x3A,0x10,0x0D,0x00,0x00,0x00,0x1A,0xF9,0x9C,0x00,0x00,0x00,0x00,0x00,0x00,0xE5,
  0xB7,0x00,0x00,0x00,0x00,0x00,0x38,0xFF,0x7E,0x00,0x00,0x00,0x00,0x34,0xE8,0xCF,
  0x08,0x00,0x00,0x00,0x3F,0xF4,0xC0,0x10,0x00,0x00,0x00,0x0C,0xEA,0xB7,0x06,0x00,
  0x00,0x00,0x00,0x44,0xFF,0x22,0x00,0x00,0x00,0x00,0x00,0x3A,0xAA,0x00,0x00,0x00,
  0x00,0x00,0x00,0x00,0x00,0x00,0x00,0x00,0x00,0x00,0x00,0x61,0xCA,0x36,0x00,0x00,
  0x00,0x00,0x00,0xC0,0xFF,0x87,0x00,0x00,0x00,0x00,0x00,0x7B,0xF2,0x47,0x00,0x00,
  0x00,0x00,0x00,0x00,0x00,0x38,0x95,0xD6,0xF1,0xF5,0xDA,0x9E,0x3B,0x00,0x00,0x00,
  0x00,0x00,0x0C,0xA8,0xFF,0xEB,0xA7,0x8B,0x82,0x9F,0xE7,0xFF,0x9A,0x07,0x00,0x00,
  0x09,0xCB,0xF4,0x64,0x06,0x00,0x00,0x00,0x00,0x02,0x6D,0xF7,0x9C,0x00,0x00,0x97,
  0xF4,0x2F,0x00,0x31,0xB8,0xF1,0xF0,0xD1,0x7D,0x00,0x56,0xFF,0x3F,0x1F,0xFB,0x68,
  0x00,0x2D,0xF4,0xDF,0x88,0x88,0xE3,0xCB,0x00,0x00,0xC4,0xA6,0x7A,0xEF,0x06,0x00,
  0xB3,0xE4,0x12,0x00,0x00,0xAF,0xBE,0x00,0x00,0x79,0xD8,0xB7,0xA8,0x00,0x02,0xF9,
  0x8E,0x00,0x00,0x00,0xBD,0xB0,0x00,0x00,0x60,0xF3,0xD4,0x8A,0x00,0x11,0xFF,0x6D,
  0x00,0x00,0x00,0xD4,0xA4,0x00,0x00,0x78,0xE2,0xDC,0x7E,0x00,0x01,0xF8,0x87,0x00,
  0x00,0x15,0xFA,0xA8,0x00,0x00,0xAE,0xB4,0xC4,0x94,0x00,0x00,0xB3,0xEE,0x51,0x37,
  0xB6,0xC8,0xE9,0x3B,0x68,0xFE,0x4D,0x9B,0xD3,0x00,0x00,0x2A,0xE9,0xFF,0xFF,0xC7,
  0x11,0xCB,0xFF,0xFF,0x8A,0x00,0x42,0xFF,0x48,0x00,0x00,0x0C,0x48,0x3D,0x02,0x00,
  0x0A,0x47,0x2D,0x00,0x00,0x01,0xBA,0xE9,0x33,0x00,0x00,0x00,0x00,0x00,0x00,0x00,
  0x00,0x00,0x00,0x00,0x00,0x16,0xCF,0xFA,0xA1,0x54,0x30,0x2C,0x48,0x6C,0xB2,0x47,
  0x00,0x00,0x00,0x00,0x00,0x07,0x7F,0xE1,0xFF,0xFF,0xFF,0xFF,0xFC,0xB9,0x27,0x00,
  0x00,0x00,0x00,0x00,0x00,0x00,0x01,0x26,0x41,0x4B,0x30,0x0F,0x00,0x00,0x00,0x00,
  0x00,0x00,0x00,0x00,0x00,0x02,0xE2,0xF7,0x10,0x00,0x00,0x00,0x00,0x00,0x00,0x00,
  0x00,0x00,0x45,0xFF,0xFD,0x68,0x00,0x00,0x00,0x00,0x00,0x00,0x00,0x00,0x00,0xA6,
  0xDB,0xC1,0xC9,0x00,0x00,0x00,0x00,0x00,0x00,0x00,0x00,0x0F,0xF7,0x90,0x70,0xFF,
  0x2A,0x00,0x00,0x00,0x00,0x00,0x00,0x00,0x68,0xFF,0x36,0x17,0xFC,0x8A,0x00,0x00,
  0x00,0x00,0x00,0x00,0x00,0xC9,0xD6,0x00,0x00,0xB7,0xE6,0x03,0x00,0x00,0x00,0x00,
  0x00,0x2A,0xFF,0x77,0x00,0x00,0x59,0xFF,0x4B,0x00,0x00,0x00,0x00,0x00,0x8B,0xFD,
  0x1A,0x00,0x00,0x09,0xF1,0xAB,0x00,0x00,0x00,0x00,0x03,0xE7,0xFF,0xFF,0xFF,0xFF,
  0xFF,0xFF,0xF9,0x13,0x00,0x00,0x00,0x4C,0xFF,0xB7,0x9C,0x9C,0x9C,0x9C,0xB0,0xFF,
  0x6D,0x00,0x00,0x00,0xAD,0xF6,0x0E,0x00,0x00,0x00,0x00,0x06,0xEC,0xCD,0x00,0x00,
  0x14,0xF9,0xA6,0x00,0x00,0x00,0x00,0x00,0x00,0x93,0xFF,0x2E,0x00,0x6F,0xFF,0x48,
  0x00,0x00,0x00,0x00,0x00,0x00,0x34,0xFF,0x8E,0x00,0xD0,0xE7,0x03,0x00,0x00,0x00,
  0x00,0x00,0x00,0x00,0xD3,0xEA,0x05,0x28,0xFF,0xFF,0xFF,0xFF,0xF6,0xDE,0xA7,0x3C,
  0x00,0x00,0x28,0xFF,0xC2,0x78,0x78,0x87,0xAE,0xF8,0xFD,0x51,0x00,0x28,0xFF,0x8C,
  0x00,0x00,0x00,0x00,0x42,0xFF,0xC0,0x00,0x28,0xFF,0x8C,0x00,0x00,0x00,0x00,0x00,
  0xF4,0xD7,0x00,0x28,0xFF,0x8C,0x00,0x00,0x00,0x00,0x19,0xFF,0xAB,0x00,0x28,0xFF,
  0x9C,0x24,0x24,0x29,0x4B,0xC5,0xE8,0x2A,0x00,0x28,0xFF,0xFF,0xFF,0xFF,0xFF,0xFF,
  0xC2,0x1F,0x00,0x00,0x28,0xFF,0xB2,0x54,0x54,0x59,0x77,0xD6,0xF5,0x5A,0x00,0x28,
  0xFF,0x8C,0x00,0x00,0x00,0x00,0x0C,0xDE,0xF7,0x13,0x28,0xFF,0x8C,0x00,0x00,0x00,
  0x00,0x00,0x91,0xFF,0x47,0x28,0xFF,0x8C,0x00,0x00,0x00,0x00,0x00,0x9B,0xFF,0x47,
  0x28,0xFF,0x8C,0x00,0x00,0x00,0x00,0x1A,0xEF,0xF9,0x12,0x28,0xFF,0xC2,0x78,0x78,
  0x7B,0x97,0xEA,0xFF,0x76,0x00,0x28,0xFF,0xFF,0xFF,0xFF,0xFE,0xEF,0xBC,0x4F,0x00,
  0x00,0x00,0x00,0x00,0x42,0xAA,0xDD,0xF7,0xEA,0xCE,0x85,0x1B,0x00,0x04,0x97,0xFF,
  0xEA,0x9D,0x7F,0x97,0xC7,0xF8,0x1B,0x00,0x87,0xFF,0xAC,0x0D,0x00,0x00,0x00,0x00,
  0x13,0x00,0x22,0xFC,0xD4,0x06,0x00,0x00,0x00,0x00,0x00,0x00,0x00,0x7A,0xFF,0x5F,
  0x00,0x00,0x00,0x00,0x00,0x00,0x00,0x00,0xB3,0xFF,0x1C,0x00,0x00,0x00,0x00,0x00,
  0x00,0x00,0x00,0xCC,0xFE,0x02,0x00,0x00,0x00,0x00,0x00,0x00,0x00,0x00,0xCD,0xFD,
  0x01,0x00,0x00,0x00,0x00,0x00,0x00,0x00,0x00,0xB6,0xFF,0x19,0x00,0x00,0x00,0x00,
  0x00,0x00,0x00,0x00,0x84,0xFF,0x58,0x00,0x00,0x00,0x00,0x00,0x00,0x00,0x00,0x34,
  0xFF,0xC8,0x01,0x00,0x00,0x00,0x00,0x00,0x00,0x00,0x00,0xA9,0xFF,0x96,0x06,0x00,
  0x00,0x00,0x00,0x00,0x00,0x00,0x11,0xC0,0xFF,0xE2,0x97,0x7D,0x89,0xA8,0xCA,0x00,
  0x00,0x00,0x06,0x61,0xC0,0xE6,0xFC,0xF4,0xD2,0x87,0x00,0x28,0xFF,0xFF,0xFF,0xFF,
  0xF3,0xD9,0x9A,0x37,0x00,0x00,0x00,0x28,0xFF,0xC2,0x78,0x78,0x85,0xB0,0xF7,0xFE,
  0x8B,0x01,0x00,0x28,0xFF,0x8C,0x00,0x00,0x00,0x00,0x17,0xBC,0xFF,0x74,0x00,0x28,
  0xFF,0x8C,0x00,0x00,0x00,0x00,0x00,0x0B,0xDE,0xF8,0x10,0x28,0xFF,0x8C,0x00,0x00,
  0x00,0x00,0x00,0x00,0x73,0xFF,0x65,0x28,0xFF,0x8C,0x00,0x00,0x00,0x00,0x00,0x00,
  0x37,0xFF,0x94,0x28,0xFF,0x8C,0x00,0x00,0x00,0x00,0x00,0x00,0x1F,0xFF,0xAD,0x28,
  0xFF,0x8C,0x00,0x00,0x00,0x00,0x00,0x00,0x22,0xFF,0xAC,0x28,0xFF,0x8C,0x00,0x00,
  0x00,0x00,0x00,0x00,0x3F,0xFF,0x95,0x28,0xFF,0x8C,0x00,0x00,0x00,0x00,0x00,0x00,
  0x83,0xFF,0x5D,0x28,0xFF,0x8C,0x00,0x00,0x00,0x00,0x00,0x17,0xEB,0xF0,0x0E,0x28,
  0xFF,0x8C,0x00,0x00,0x00,0x00,0x28,0xD0,0xFF,0x68,0x00,0x28,0xFF,0xC2,0x78,0x7B,
  0x8C,0xC0,0xFD,0xFC,0x76,0x00,0x00,0x28,0xFF,0xFF,0xFF,0xFE,0xF1,0xD0,0x8F,0x25,
  0x00,0x00,0x00,0x28,0xFF,0xFF,0xFF,0xFF,0xFF,0xFF,0xFF,0x6C,0x28,0xFF,0xC2,0x78,
  0x78,0x78,0x78,0x78,0x32,0x28,0xFF,0x8C,0x00,0x00,0x00,0x00,0x00,0x00,0x28,0xFF,
  0x8C,0x00,0x00,0x00,0x00,0x00,0x00,0x28,0xFF,0x8C,0x00,0x00,0x00,0x00,0x00,0x00,
  0x28,0xFF,0x9C,0x24,0x24,0x24,0x24,0x24,0x02,0x28,0xFF,0xFF,0xFF,0xFF,0xFF,0xFF,
  0xFF,0x14,0x28,0xFF,0xB2,0x54,0x54,0x54,0x54,0x54,0x06,0x28,0xFF,0x8C,0x00,0x00,
  0x00,0x00,0x00,0x00,0x28,0xFF,0x8C,0x00,0x00,0x00,0x00,0x00,0x00,0x28,0xFF,0x8C,
  0x00,0x00,0x00,0x00,0x00,0x00,0x28,0xFF,0x8C,0x00,0x00,0x00,0x00,0x00,0x00,0x28,
  0xFF,0xC2,0x78,0x78,0x78,0x78,0x78,0x32,0x28,0xFF,0xFF,0xFF,0xFF,0xFF,0xFF,0xFF,
  0x6C,0x28,0xFF,0xFF,0xFF,0xFF,0xFF,0xFF,0xFF,0x6C,0x28,0xFF,0xC2,0x78,0x78,0x78,
  0x78,0x78,0x32,0x28,0xFF,0x8C,0x00,0x00,0x00,0x00,0x00,0x00,0x28,0xFF,0x8C,0x00,
  0x00,0x00,0x00,0x00,0x00,0x28,0xFF,0x8C,0x00,0x00,0x00,0x00,0x00,0x00,0x28,0xFF,
  0x8C,0x00,0x00,0x00,0x00,0x00,0x00,0x28,0xFF,0x9C,0x24,0x24,0x24,0x24,0x24,0x02,
  0x28,0xFF,0xFF,0xFF,0xFF,0xFF,0xFF,0xFF,0x10,0x28,0xFF,0xB2,0x54,0x54,0x54,0x54,
  0x54,0x05,0x28,0xFF,0x8C,0x00,0x00,0x00,0x00,0x00,0x00,0x28,0xFF,0x8C,0x00,0x00,
  0x00,0x00,0x00,0x00,0x28,0xFF,0x8C,0x00,0x00,0x00,0x00,0x00,0x00,0x28,0xFF,0x8C,
  0x00,0x00,0x00,0x00,0x00,0x00,0x28,0xFF,0x8C,0x00,0x00,0x00,0x00,0x00,0x00,0x00,
  0x00,0x00,0x27,0x8A,0xD1,0xEC,0xF6,0xDD,0xB8,0x6D,0x0B,0x00,0x00,0x75,0xFB,0xF6,
  0xAF,0x84,0x84,0xA2,0xDC,0xE5,0x05,0x00,0x6D,0xFF,0xC0,0x1A,0x00,0x00,0x00,0x00,
  0x00,0x15,0x00,0x1A,0xF8,0xDA,0x0B,0x00,0x00,0x00,0x00,0x00,0x00,0x00,0x00,0x74,
  0xFF,0x5F,0x00,0x00,0x00,0x00,0x00,0x00,0x00,0x00,0x00,0xB0,0xFF,0x16,0x00,0x00,
  0x00,0x09,0x24,0x24,0x24,0x24,0x0F,0xCB,0xF8,0x00,0x00,0x00,0x00,0x44,0xFF,0xFF,
  0xFF,0xFF,0x6C,0xCD,0xFA,0x00,0x00,0x00,0x00,0x16,0x54,0x54,0x84,0xFF,0x6C,0xB5,
  0xFF,0x15,0x00,0x00,0x00,0x00,0x00,0x00,0x48,0xFF,0x6C,0x7F,0xFF,0x58,0x00,0x00,
  0x00,0x00,0x00,0x00,0x48,0xFF,0x6C,0x2A,0xFE,0xD1,0x04,0x00,0x00,0x00,0x00,0x00,
  0x48,0xFF,0x6C,0x00,0x96,0xFF,0xAF,0x0F,0x00,0x00,0x00,0x00,0x48,0xFF,0x6C,0x00,
  0x09,0xAA,0xFF,0xF4,0xA8,0x86,0x7B,0x94,0xD5,0xFF,0x6C,0x00,0x00,0x01,0x50,0xB2,
  0xE0,0xF9,0xFA,0xEA,0xC5,0x8B,0x28,0x28,0xFF,0x8C,0x00,0x00,0x00,0x00,0x00,0x00,
  0x80,0xFF,0x38,0x28,0xFF,0x8C,0x00,0x00,0x00,0x00,0x00,0x00,0x80,0xFF,0x38,0x28,
  0xFF,0x8C,0x00,0x00,0x00,0x00,0x00,0x00,0x80,0xFF,0x38,0x28,0xFF,0x8C,0x00,0x00,
  0x00,0x00,0x00,0x00,0x80,0xFF,0x38,0x28,0xFF,0x8C,0x00,0x00,0x00,0x00,0x00,0x00,
  0x80,0xFF,0x38,0x28,0xFF,0x9C,0x24,0x24,0x24,0x24,0x24,0x24,0x92,0xFF,0x38,0x28,
  0xFF,0xFF,0xFF,0xFF,0xFF,0xFF,0xFF,0xFF,0xFF,0xFF,0x38,0x28,0xFF,0xB2,0x54,0x54,
  0x54,0x54,0x54,0x54,0xAA,0xFF,0x38,0x28,0xFF,0x8C,0x00,0x00,0x00,0x00,0x00,0x00,
  0x80,0xFF,0x38,0x28,0xFF,0x8C,0x00,0x00,0x00,0x00,0x00,0x00,0x80,0xFF,0x38,0x28,
  0xFF,0x8C,0x00,0x00,0x00,0x00,0x00,0x00,0x80,0xFF,0x38,0x28,0xFF,0x8C,0x00,0x00,
  0x00,0x00,0x00,0x00,0x80,0xFF,0x38,0x28,0xFF,0x8C,0x00,0x00,0x00,0x00,0x00,0x00,
  0x80,0xFF,0x38,0x28,0xFF,0x8C,0x00,0x00,0x00,0x00,0x00,0x00,0x80,0xFF,0x38,0x3C,
  0xFF,0xFF,0xFF,0xFF,0xA8,0x07,0x45,0xCB,0xFF,0x66,0x1C,0x00,0x00,0xA4,0xFF,0x10,
  0x00,0x00,0x00,0xA4,0xFF,0x10,0x00,0x00,0x00,0xA4,0xFF,0x10,0x00,0x00,0x00,0xA4,
  0xFF,0x10,0x00,0x00,0x00,0xA4,0xFF,0x10,0x00,0x00,0x00,0xA4,0xFF,0x10,0x00,0x00,
  0x00,0xA4,0xFF,0x10,0x00,0x00,0x00,0xA4,0xFF,0x10,0x00,0x00,0x00,0xA4,0xFF,0x10,
  0x00,0x00,0x00,0xA4,0xFF,0x10,0x00,0x01,0x2C,0xC2,0xFF,0x4F,0x0C,0x3C,0xFF,0xFF,
  0xFF,0xFF,0xA8,0x00,0x00,0x00,0x40,0xFF,0x74,0x00,0x00,0x00,0x40,0xFF,0x74,0x00,
  0x00,0x00,0x40,0xFF,0x74,0x00,0x00,0x00,0x40,0xFF,0x74,0x00,0x00,0x00,0x40,0xFF,
  0x74,0x00,0x00,0x00,0x40,0xFF,0x74,0x00,0x00,0x00,0x40,0xFF,0x74,0x00,0x00,0x00,
  0x40,0xFF,0x74,0x00,0x00,0x00,0x40,0xFF,0x74,0x00,0x00,0x00,0x40,0xFF,0x74,0x00,
  0x00,0x00,0x40,0xFF,0x74,0x00,0x00,0x00,0x40,0xFF,0x74,0x00,0x00,0x00,0x40,0xFF,
  0x74,0x00,0x00,0x00,0x40,0xFF,0x74,0x00,0x00,0x00,0x42,0xFF,0x6F,0x00,0x00,0x00,
  0x63,0xFF,0x53,0x21,0x2B,0x4A,0xDF,0xF3,0x11,0x7C,0xFF,0xFF,0xE9,0x49,0x00,0x14,
  0x4A,0x3B,0x0B,0x00,0x00,0x28,0xFF,0x8C,0x00,0x00,0x00,0x00,0x0D,0xD1,0xF0,0x2B,
  0x28,0xFF,0x8C,0x00,0x00,0x00,0x03,0xB6,0xF9,0x41,0x00,0x28,0xFF,0x8C,0x00,0x00,
  0x00,0x96,0xFF,0x5C,0x00,0x00,0x28,0xFF,0x8C,0x00,0x00,0x74,0xFF,0x7B,0x00,0x00,
  0x00,0x28,0xFF,0x8C,0x00,0x53,0xFD,0x9B,0x00,0x00,0x00,0x00,0x28,0xFF,0x8C,0x3B,
  0xF7,0xB7,0x04,0x00,0x00,0x00,0x00,0x28,0xFF,0xAF,0xEC,0xFF,0x71,0x00,0x00,0x00,
  0x00,0x00,0x28,0xFF,0xFF,0xBB,0xE3,0xF7,0x2B,0x00,0x00,0x00,0x00,0x28,0xFF,0xB9,
  0x05,0x3F,0xFD,0xD1,0x07,0x00,0x00,0x00,0x28,0xFF,0x8C,0x00,0x00,0x83,0xFF,0x8F,
  0x00,0x00,0x00,0x28,0xFF,0x8C,0x00,0x00,0x04,0xC5,0xFE,0x47,0x00,0x00,0x28,0xFF,
  0x8C,0x00,0x00,0x00,0x1F,0xF0,0xE7,0x14,0x00,0x28,0xFF,0x8C,0x00,0x00,0x00,0x00,
  0x57,0xFF,0xB1,0x00,0x28,0xFF,0x8C,0x00,0x00,0x00,0x00,0x00,0x9D,0xFF,0x68,0x28,
  0xFF,0x8C,0x00,0x00,0x00,0x00,0x00,0x00,0x28,0xFF,0x8C,0x00,0x00,0x00,0x00,0x00,
  0x00,0x28,0xFF,0x8C,0x00,0x00,0x00,0x00,0x00,0x00,0x28,0xFF,0x8C,0x00,0x00,0x00,
  0x00,0x00,0x00,0x28,0xFF,0x8C,0x00,0x00,0x00,0x00,0x00,0x00,0x28,0xFF,0x8C,0x00,
  0x00,0x00,0x00,0x00,0x00,0x28,0xFF,0x8C,0x00,0x00,0x00,0x00,0x00,0x00,0x28,0xFF,
  0x8C,0x00,0x00,0x00,0x00,0x00,0x00,0x28,0xFF,0x8C,0x00,0x00,0x00,0x00,0x00,0x00,
  0x28,0xFF,0x8C,0x00,0x00,0x00,0x00,0x00,0x00,0x28,0xFF,0x8C,0x00,0x00,0x00,0x00,
  0x00,0x00,0x28,0xFF,0x8C,0x00,0x00,0x00,0x00,0x00,0x00,0x28,0xFF,0xD0,0x98,0x98,
  0x98,0x98,0x98,0x49,0x28,0xFF,0xFF,0xFF,0xFF,0xFF,0xFF,0xFF,0x7C,0x28,0xFF,0xFF,
  0x8D,0x00,0x00,0x00,0x00,0x00,0x00,0x00,0x50,0xFF,0xFF,0x64,0x28,0xFF,0xFA,0xE7,
  0x03,0x00,0x00,0x00,0x00,0x00,0x00,0xAE,0xFA,0xFF,0x64,0x28,0xFF,0xB6,0xFF,0x47,
  0x00,0x00,0x00,0x00,0x00,0x13,0xF9,0xB3,0xFF,0x64,0x28,0xFF,0x6D,0xF6,0xA4,0x00,
  0x00,0x00,0x00,0x00,0x6C,0xFE,0x61,0xFF,0x64,0x28,0xFF,0x65,0xA7,0xF5,0x0C,0x00,
  0x00,0x00,0x00,0xCA,0xC0,0x47,0xFF,0x64,0x28,0xFF,0x6A,0x49,0xFF,0x5E,0x00,0x00,
  0x00,0x29,0xFF,0x61,0x4B,0xFF,0x64,0x28,0xFF,0x6C,0x03,0xE7,0xBB,0x00,0x00,0x00,
  0x88,0xF5,0x0D,0x4C,0xFF,0x64,0x28,0xFF,0x6C,0x00,0x8E,0xFD,0x1B,0x00,0x02,0xE4,
  0xA4,0x00,0x4C,0xFF,0x64,0x28,0xFF,0x6C,0x00,0x30,0xFF,0x75,0x00,0x45,0xFF,0x45,
  0x00,0x4C,0xFF,0x64,0x28,0xFF,0x6C,0x00,0x00,0xD2,0xD2,0x00,0xA4,0xE4,0x02,0x00,
  0x4C,0xFF,0x64,0x28,0xFF,0x6C,0x00,0x00,0x74,0xFF,0x3C,0xF5,0x87,0x00,0x00,0x4C,
  0xFF,0x64,0x28,0xFF,0x6C,0x00,0x00,0x19,0xFC,0xE0,0xFF,0x29,0x00,0x00,0x4C,0xFF,
  0x64,0x28,0xFF,0x6C,0x00,0x00,0x00,0xB9,0xFF,0xC9,0x00,0x00,0x00,0x4C,0xFF,0x64,
  0x28,0xFF,0x6C,0x00,0x00,0x00,0x5B,0xFF,0x6B,0x00,0x00,0x00,0x4C,0xFF,0x64,0x28,
  0xFF,0xF8,0x29,0x00,0x00,0x00,0x00,0x00,0x00,0xFF,0x98,0x28,0xFF,0xFF,0xC5,0x02,
  0x00,0x00,0x00,0x00,0x00,0xFF,0x98,0x28,0xFF,0xDD,0xFF,0x6D,0x00,0x00,0x00,0x00,
  0x00,0xFF,0x98,0x28,0xFF,0x66,0xEA,0xF3,0x1E,0x00,0x00,0x00,0x00,0xFF,0x98,0x28,
  0xFF,0x5E,0x5C,0xFF,0xB7,0x00,0x00,0x00,0x00,0xFF,0x98,0x28,0xFF,0x66,0x00,0xBB,
  0xFF,0x5D,0x00,0x00,0x00,0xFF,0x98,0x28,0xFF,0x6B,0x00,0x23,0xF7,0xEC,0x16,0x00,
  0x00,0xFF,0x98,0x28,0xFF,0x6C,0x00,0x00,0x7A,0xFF,0xA8,0x00,0x00,0xFF,0x98,0x28,
  0xFF,0x6C,0x00,0x00,0x05,0xD3,0xFF,0x4D,0x00,0xFA,0x98,0x28,0xFF,0x6C,0x00,0x00,
  0x00,0x3A,0xFE,0xE4,0x0E,0xF3,0x98,0x28,0xFF,0x6C,0x00,0x00,0x00,0x00,0x97,0xFF,
  0x98,0xE8,0x98,0x28,0xFF,0x6C,0x00,0x00,0x00,0x00,0x0F,0xE6,0xFE,0xF9,0x98,0x28,
  0xFF,0x6C,0x00,0x00,0x00,0x00,0x00,0x55,0xFF,0xFF,0x98,0x28,0xFF,0x6C,0x00,0x00,
  0x00,0x00,0x00,0x00,0xB4,0xFF,0x98,0x00,0x00,0x05,0x5D,0xBE,0xE4,0xF8,0xE0,0xAF,
  0x45,0x00,0x00,0x00,0x00,0x0F,0xBD,0xFF,0xD8,0x91,0x7E,0x95,0xE0,0xFF,0x93,0x03,
  0x00,0x00,0xA7,0xFF,0x82,0x02,0x00,0x00,0x00,0x06,0x9C,0xFF,0x73,0x00,0x33,0xFF,
  0xBB,0x00,0x00,0x00,0x00,0x00,0x00,0x05,0xD9,0xF5,0x0D,0x85,0xFF,0x50,0x00,0x00,
  0x00,0x00,0x00,0x00,0x00,0x76,0xFF,0x58,0xB7,0xFF,0x16,0x00,0x00,0x00,0x00,0x00,
  0x00,0x00,0x3E,0xFF,0x8D,0xCD,0xFD,0x01,0x00,0x00,0x00,0x00,0x00,0x00,0x00,0x26,
  0xFF,0xA4,0xCD,0xFD,0x01,0x00,0x00,0x00,0x00,0x00,0x00,0x00,0x28,0xFF,0xA3,0xB6,
  0xFF,0x17,0x00,0x00,0x00,0x00,0x00,0x00,0x00,0x3F,0xFF,0x8C,0x82,0xFF,0x51,0x00,
  0x00,0x00,0x00,0x00,0x00,0x00,0x78,0xFF,0x57,0x31,0xFF,0xBB,0x00,0x00,0x00,0x00,
  0x00,0x00,0x05,0xDB,0xF4,0x0D,0x00,0xA6,0xFF,0x7F,0x01,0x00,0x00,0x00,0x06,0x9E,
  0xFF,0x72,0x00,0x00,0x0F,0xBD,0xFF,0xD6,0x8F,0x7D,0x95,0xE1,0xFF,0x93,0x02,0x00,
  0x00,0x00,0x05,0x5E,0xBF,0xE5,0xF8,0xE0,0xB0,0x46,0x00,0x00,0x00,0x28,0xFF,0xFF,
  0xFF,0xFD,0xEF,0xC6,0x6E,0x04,0x00,0x28,0xFF,0xC2,0x78,0x7F,0x9A,0xE7,0xFF,0xB3,
  0x00,0x28,0xFF,0x8C,0x00,0x00,0x00,0x07,0xC4,0xFF,0x44,0x28,0xFF,0x8C,0x00,0x00,
  0x00,0x00,0x58,0xFF,0x7C,0x28,0xFF,0x8C,0x00,0x00,0x00,0x00,0x50,0xFF,0x79,0x28,
  0xFF,0x8C,0x00,0x00,0x00,0x00,0x9F,0xFF,0x40,0x28,0xFF,0x9C,0x24,0x31,0x4E,0xA8,
  0xFF,0xB9,0x01,0x28,0xFF,0xFF,0xFF,0xFF,0xFF,0xF4,0x94,0x0B,0x00,0x28,0xFF,0xB2,
  0x54,0x4B,0x36,0x09,0x00,0x00,0x00,0x28,0xFF,0x8C,0x00,0x00,0x00,0x00,0x00,0x00,
  0x00,0x28,0xFF,0x8C,0x00,0x00,0x00,0x00,0x00,0x00,0x00,0x28,0xFF,0x8C,0x00,0x00,
  0x00,0x00,0x00,0x00,0x00,0x28,0xFF,0x8C,0x00,0x00,0x00,0x00,0x00,0x00,0x00,0x28,
  0xFF,0x8C,0x00,0x00,0x00,0x00,0x00,0x00,0x00,0x00,0x00,0x05,0x5D,0xBE,0xE4,0xF8,
  0xE0,0xAF,0x45,0x00,0x00,0x00,0x00,0x0F,0xBD,0xFF,0xD8,0x91,0x7E,0x95,0xE0,0xFF,
  0x93,0x03,0x00,0x00,0xA7,0xFF,0x82,0x02,0x00,0x00,0x00,0x06,0x9C,0xFF,0x73,0x00,
  0x33,0xFF,0xBB,0x00,0x00,0x00,0x00,0x00,0x00,0x05,0xD9,0xF5,0x0D,0x85,0xFF,0x50,
  0x00,0x00,0x00,0x00,0x00,0x00,0x00,0x76,0xFF,0x57,0xB7,0xFF,0x16,0x00,0x00,0x00,
  0x00,0x00,0x00,0x00,0x3E,0xFF,0x8C,0xCD,0xFD,0x01,0x00,0x00,0x00,0x00,0x00,0x00,
  0x00,0x26,0xFF,0xA4,0xCD,0xFD,0x01,0x00,0x00,0x00,0x00,0x00,0x00,0x00,0x28,0xFF,
  0xA1,0xB6,0xFF,0x17,0x00,0x00,0x00,0x00,0x00,0x00,0x00,0x3F,0xFF,0x86,0x82,0xFF,
  0x51,0x00,0x00,0x00,0x00,0x00,0x00,0x00,0x78,0xFF,0x5A,0x31,0xFF,0xBB,0x00,0x00,
  0x00,0x00,0x00,0x00,0x05,0xDB,0xF1,0x0A,0x00,0xA6,0xFF,0x7F,0x01,0x00,0x00,0x00,
  0x06,0x9E,0xFF,0x83,0x00,0x00,0x0F,0xBD,0xFF,0xD6,0x8F,0x7D,0x95,0xE1,0xFF,0xA9,
  0x04,0x00,0x00,0x00,0x05,0x5E,0xBF,0xE5,0xFD,0xFF,0xF2,0x56,0x00,0x00,0x00,0x00,
  0x00,0x00,0x00,0x00,0x00,0x01,0xA6,0xFF,0x88,0x00,0x00,0x00,0x00,0x00,0x00,0x00,
  0x00,0x00,0x00,0x06,0xBF,0xFF,0x84,0x00,0x00,0x00,0x00,0x00,0x00,0x00,0x00,0x00,
  0x00,0x10,0xD3,0xFC,0x7D,0x00,0x28,0xFF,0xFF,0xFF,0xFE,0xF1,0xCB,0x74,0x06,0x00,
  0x00,0x28,0xFF,0xC2,0x78,0x7B,0x93,0xDD,0xFF,0xBA,0x01,0x00,0x28,0xFF,0x8C,0x00,
  0x00,0x00,0x03,0xB9,0xFF,0x47,0x00,0x28,0xFF,0x8C,0x00,0x00,0x00,0x00,0x56,0xFF,
  0x7C,0x00,0x28,0xFF,0x8C,0x00,0x00,0x00,0x00,0x4D,0xFF,0x7C,0x00,0x28,0xFF,0x8C,
  0x00,0x00,0x00,0x00,0x96,0xFF,0x47,0x00,0x28,0xFF,0x9C,0x24,0x26,0x40,0x92,0xFD,
  0xB7,0x01,0x00,0x28,0xFF,0xFF,0xFF,0xFF,0xFF,0xF7,0x79,0x07,0x00,0x00,0x28,0xFF,
  0xB2,0x54,0x54,0xB3,0xFE,0x36,0x00,0x00,0x00,0x28,0xFF,0x8C,0x00,0x00,0x1D,0xF5,
  0xCC,0x02,0x00,0x00,0x28,0xFF,0x8C,0x00,0x00,0x00,0x7F,0xFF,0x6A,0x00,0x00,0x28,
  0xFF,0x8C,0x00,0x00,0x00,0x09,0xE1,0xEF,0x15,0x00,0x28,0xFF,0x8C,0x00,0x00,0x00,
  0x00,0x57,0xFF,0x9F,0x00,0x28,0xFF,0x8C,0x00,0x00,0x00,0x00,0x00,0xC1,0xFE,0x3B,
  0x00,0x00,0x2B,0xA7,0xE7,0xF9,0xE5,0xC5,0x7D,0x0D,0x00,0x33,0xF5,0xF2,0x9A,0x80,
  0xA0,0xDB,0xF0,0x06,0x00,0xB0,0xFF,0x2F,0x00,0x00,0x00,0x01,0x29,0x00,0x00,0xD2,
  0xE9,0x00,0x00,0x00,0x00,0x00,0x00,0x00,0x00,0xB3,0xFD,0x27,0x00,0x00,0x00,0x00,
  0x00,0x00,0x00,0x47,0xFF,0xE6,0x5B,0x04,0x00,0x00,0x00,0x00,0x00,0x00,0x5B,0xF1,
  0xFF,0xE5,0x80,0x13,0x00,0x00,0x00,0x00,0x00,0x0F,0x76,0xDC,0xFF,0xF0,0x52,0x00,
  0x00,0x00,0x00,0x00,0x00,0x01,0x59,0xEE,0xF9,0x27,0x00,0x00,0x00,0x00,0x00,0x00,
  0x00,0x5B,0xFF,0x74,0x00,0x00,0x00,0x00,0x00,0x00,0x00,0x3A,0xFF,0x7E,0x02,0x17,
  0x00,0x00,0x00,0x00,0x00,0x9A,0xFF,0x48,0x08,0xFC,0xC6,0x9E,0x81,0x8C,0xCE,0xFF,
  0xAD,0x00,0x03,0x92,0xD0,0xEA,0xFA,0xF2,0xC6,0x68,0x03,0x00,0xD0,0xFF,0xFF,0xFF,
  0xFF,0xFF,0xFF,0xFF,0xFF,0xFF,0x5C,0x61,0x78,0x78,0x78,0xC6,0xFF,0x8B,0x78,0x78,
  0x78,0x2B,0x00,0x00,0x00,0x00,0x94,0xFF,0x24,0x00,0x00,0x00,0x00,0x00,0x00,0x00,
  0x00,0x94,0xFF,0x24,0x00,0x00,0x00,0x00,0x00,0x00,0x00,0x00,0x94,0xFF,0x24,0x00,
  0x00,0x00,0x00,0x00,0x00,0x00,0x00,0x94,0xFF,0x24,0x00,0x00,0x00,0x00,0x00,0x00,
  0x00,0x00,0x94,0xFF,0x24,0x00,0x00,0x00,0x00,0x00,0x00,0x00,0x00,0x94,0xFF,0x24,
  0x00,0x00,0x00,0x00,0x00,0x00,0x00,0x00,0x94,0xFF,0x24,0x00,0x00,0x00,0x00,0x00,
  0x00,0x00,0x00,0x94,0xFF,0x24,0x00,0x00,0x00,0x00,0x00,0x00,0x00,0x00,0x94,0xFF,
  0x24,0x00,0x00,0x00,0x00,0x00,0x00,0x00,0x00,0x94,0xFF,0x24,0x00,0x00,0x00,0x00,
  0x00,0x00,0x00,0x00,0x94,0xFF,0x24,0x00,0x00,0x00,0x00,0x00,0x00,0x00,0x00,0x94,
  0xFF,0x24,0x00,0x00,0x00,0x00,0x4C,0xFF,0x6C,0x00,0x00,0x00,0x00,0x00,0x00,0x88,
  0xFF,0x28,0x4C,0xFF,0x6C,0x00,0x00,0x00,0x00,0x00,0x00,0x88,0xFF,0x28,0x4C,0xFF,
  0x6C,0x00,0x00,0x00,0x00,0x00,0x00,0x88,0xFF,0x28,0x4C,0xFF,0x6C,0x00,0x00,0x00,
  0x00,0x00,0x00,0x88,0xFF,0x28,0x4C,0xFF,0x6C,0x00,0x00,0x00,0x00,0x00,0x00,0x88,
  0xFF,0x28,0x4C,0xFF,0x6C,0x00,0x00,0x00,0x00,0x00,0x00,0x88,0xFF,0x28,0x4C,0xFF,
  0x6C,0x00,0x00,0x00,0x00,0x00,0x00,0x88,0xFF,0x28,0x4C,0xFF,0x6C,0x00,0x00,0x00,
  0x00,0x00,0x00,0x88,0xFF,0x28,0x4B,0xFF,0x6C,0x00,0x00,0x00,0x00,0x00,0x00,0x88,
  0xFF,0x27,0x40,0xFF,0x7E,0x00,0x00,0x00,0x00,0x00,0x00,0x9C,0xFF,0x18,0x17,0xFF,
  0xB2,0x00,0x00,0x00,0x00,0x00,0x01,0xD2,0xEB,0x01,0x00,0xB8,0xFF,0x50,0x00,0x00,
  0x00,0x00,0x67,0xFF,0x8B,0x00,0x00,0x21,0xE6,0xFF,0xB9,0x89,0x82,0xBA,0xFF,0xCB,
  0x0B,0x00,0x00,0x00,0x19,0x91,0xDB,0xF8,0xF0,0xCE,0x77,0x08,0x00,0x00,0xD4,0xED,
  0x05,0x00,0x00,0x00,0x00,0x00,0x00,0x94,0xFF,0x3B,0x7B,0xFF,0x4A,0x00,0x00,0x00,
  0x00,0x00,0x02,0xE7,0xE1,0x01,0x23,0xFF,0xA1,0x00,0x00,0x00,0x00,0x00,0x41,0xFF,
  0x8A,0x00,0x00,0xCA,0xF1,0x07,0x00,0x00,0x00,0x00,0x98,0xFF,0x31,0x00,0x00,0x72,
  0xFF,0x50,0x00,0x00,0x00,0x03,0xEA,0xD9,0x00,0x00,0x00,0x1B,0xFD,0xA7,0x00,0x00,
  0x00,0x45,0xFF,0x80,0x00,0x00,0x00,0x00,0xC1,0xF4,0x0A,0x00,0x00,0x9C,0xFF,0x28,
  0x00,0x00,0x00,0x00,0x68,0xFF,0x56,0x00,0x05,0xED,0xCF,0x00,0x00,0x00,0x00,0x00,
  0x14,0xFB,0xAD,0x00,0x49,0xFF,0x76,0x00,0x00,0x00,0x00,0x00,0x00,0xB7,0xF6,0x0A,
  0x9D,0xFE,0x1F,0x00,0x00,0x00,0x00,0x00,0x00,0x5E,0xFF,0x53,0xEC,0xC5,0x00,0x00,
  0x00,0x00,0x00,0x00,0x00,0x0E,0xF7,0xBF,0xFF,0x6D,0x00,0x00,0x00,0x00,0x00,0x00,
  0x00,0x00,0xAD,0xFF,0xFC,0x17,0x00,0x00,0x00,0x00,0x00,0x00,0x00,0x00,0x54,0xFF,
  0xBC,0x00,0x00,0x00,0x00,0x00,0xA4,0xFF,0x23,0x00,0x00,0x00,0x00,0x41,0xFF,0xCC,
  0x00,0x00,0x00,0x00,0x00,0x7C,0xFF,0x4A,0x62,0xFF,0x62,0x00,0x00,0x00,0x00,0x89,
  0xFF,0xFE,0x18,0x00,0x00,0x00,0x00,0xBA,0xFB,0x0D,0x20,0xFF,0xA1,0x00,0x00,0x00,
  0x00,0xD2,0xD9,0xFF,0x62,0x00,0x00,0x00,0x04,0xF4,0xC6,0x00,0x00,0xDF,0xE0,0x00,
  0x00,0x00,0x1B,0xFF,0x79,0xEA,0xAC,0x00,0x00,0x00,0x38,0xFF,0x84,0x00,0x00,0x9E,
  0xFF,0x1F,0x00,0x00,0x63,0xFF,0x37,0xA9,0xF1,0x05,0x00,0x00,0x76,0xFF,0x42,0x00,
  0x00,0x5C,0xFF,0x5E,0x00,0x00,0xAC,0xEF,0x03,0x62,0xFF,0x41,0x00,0x00,0xB5,0xF8,
  0x08,0x00,0x00,0x1B,0xFF,0x9D,0x00,0x04,0xF0,0xAA,0x00,0x19,0xFE,0x8C,0x00,0x02,
  0xF0,0xBE,0x00,0x00,0x00,0x00,0xDA,0xDC,0x00,0x3E,0xFF,0x62,0x00,0x00,0xCE,0xD6,
  0x00,0x32,0xFF,0x7C,0x00,0x00,0x00,0x00,0x98,0xFF,0x1B,0x85,0xFF,0x1A,0x00,0x00,
  0x84,0xFF,0x20,0x70,0xFF,0x3A,0x00,0x00,0x00,0x00,0x57,0xFF,0x52,0xC6,0xD1,0x00,
  0x00,0x00,0x3A,0xFF,0x62,0xAC,0xF3,0x04,0x00,0x00,0x00,0x00,0x16,0xFF,0x8C,0xF9,
  0x89,0x00,0x00,0x00,0x02,0xEC,0x9E,0xE2,0xB6,0x00,0x00,0x00,0x00,0x00,0x00,0xD4,
  0xDC,0xFF,0x40,0x00,0x00,0x00,0x00,0xA6,0xDB,0xFF,0x74,0x00,0x00,0x00,0x00,0x00,
  0x00,0x92,0xFF,0xF2,0x05,0x00,0x00,0x00,0x00,0x5C,0xFF,0xFF,0x32,0x00,0x00,0x00,
  0x00,0x00,0x00,0x51,0xFF,0xB0,0x00,0x00,0x00,0x00,0x00,0x14,0xFD,0xEE,0x02,0x00,
  0x00,0x00,0x55,0xFF,0x90,0x00,0x00,0x00,0x00,0x00,0x5E,0xFF,0x6B,0x00,0xB4,0xFC,
  0x2E,0x00,0x00,0x00,0x0F,0xE8,0xC8,0x02,0x00,0x1F,0xF5,0xC3,0x01,0x00,0x00,0x93,
  0xFB,0x2E,0x00,0x00,0x00,0x75,0xFF,0x5F,0x00,0x31,0xFC,0x89,0x00,0x00,0x00,0x00,
  0x04,0xD0,0xE9,0x11,0xC7,0xDF,0x0A,0x00,0x00,0x00,0x00,0x00,0x37,0xFD,0xD4,0xFF,
  0x49,0x00,0x00,0x00,0x00,0x00,0x00,0x00,0x9E,0xFF,0xB6,0x00,0x00,0x00,0x00,0x00,
  0x00,0x00,0x08,0xDB,0xFF,0xEF,0x17,0x00,0x00,0x00,0x00,0x00,0x00,0x82,0xFD,0x5F,
  0xFA,0xA5,0x00,0x00,0x00,0x00,0x00,0x27,0xF9,0x98,0x00,0x8D,0xFF,0x44,0x00,0x00,
  0x00,0x00,0xBF,0xEB,0x12,0x00,0x0D,0xE7,0xDB,0x08,0x00,0x00,0x5F,0xFF,0x62,0x00,
  0x00,0x00,0x5D,0xFF,0x82,0x00,0x12,0xEB,0xC6,0x01,0x00,0x00,0x00,0x00,0xC3,0xF9,
  0x28,0x9D,0xFC,0x30,0x00,0x00,0x00,0x00,0x00,0x2F,0xFC,0xBF,0xBD,0xFB,0x23,0x00,
  0x00,0x00,0x00,0x00,0x5C,0xFF,0x7C,0x38,0xFF,0xA5,0x00,0x00,0x00,0x00,0x05,0xDD,
  0xE9,0x0C,0x00,0xB3,0xFE,0x2E,0x00,0x00,0x00,0x6B,0xFF,0x6F,0x00,0x00,0x30,0xFE,
  0xB3,0x00,0x00,0x0A,0xE7,0xE1,0x07,0x00,0x00,0x00,0xA9,0xFF,0x3B,0x00,0x7A,0xFF,
  0x62,0x00,0x00,0x00,0x00,0x27,0xFC,0xC1,0x11,0xEF,0xD8,0x03,0x00,0x00,0x00,0x00,
  0x00,0x9F,0xFF,0xC2,0xFF,0x55,0x00,0x00,0x00,0x00,0x00,0x00,0x20,0xF9,0xFF,0xCD,
  0x01,0x00,0x00,0x00,0x00,0x00,0x00,0x00,0x9B,0xFF,0x53,0x00,0x00,0x00,0x00,0x00,
  0x00,0x00,0x00,0x7C,0xFF,0x3C,0x00,0x00,0x00,0x00,0x00,0x00,0x00,0x00,0x7C,0xFF,
  0x3C,0x00,0x00,0x00,0x00,0x00,0x00,0x00,0x00,0x7C,0xFF,0x3C,0x00,0x00,0x00,0x00,
  0x00,0x00,0x00,0x00,0x7C,0xFF,0x3C,0x00,0x00,0x00,0x00,0x00,0x00,0x00,0x00,0x7C,
  0xFF,0x3C,0x00,0x00,0x00,0x00,0x0C,0xFF,0xFF,0xFF,0xFF,0xFF,0xFF,0xFF,0xFF,0xF0,
  0x00,0x05,0x78,0x78,0x78,0x78,0x78,0x78,0xA1,0xFF,0xC0,0x00,0x00,0x00,0x00,0x00,
  0x00,0x00,0x02,0xC8,0xF9,0x29,0x00,0x00,0x00,0x00,0x00,0x00,0x00,0x6D,0xFF,0x81,
  0x00,0x00,0x00,0x00,0x00,0x00,0x00,0x1C,0xF2,0xD8,0x07,0x00,0x00,0x00,0x00,0x00,
  0x00,0x00,0xB0,0xFE,0x3E,0x00,0x00,0x00,0x00,0x00,0x00,0x00,0x53,0xFF,0x9B,0x00,
  0x00,0x00,0x00,0x00,0x00,0x00,0x0E,0xE5,0xE8,0x11,0x00,0x00,0x00,0x00,0x00,0x00,
  0x00,0x96,0xFF,0x58,0x00,0x00,0x00,0x00,0x00,0x00,0x00,0x39,0xFD,0xB6,0x00,0x00,
  0x00,0x00,0x00,0x00,0x00,0x05,0xD3,0xF4,0x1F,0x00,0x00,0x00,0x00,0x00,0x00,0x00,
  0x7C,0xFF,0x72,0x00,0x00,0x00,0x00,0x00,0x00,0x00,0x20,0xF7,0xF7,0x7B,0x78,0x78,
  0x78,0x78,0x78,0x78,0x0F,0x48,0xFF,0xFF,0xFF,0xFF,0xFF,0xFF,0xFF,0xFF,0xFF,0x20,
  0x7C,0xFF,0xFF,0xFF,0xC8,0x7C,0xFF,0x8D,0x78,0x5D,0x7C,0xFF,0x28,0x00,0x00,0x7C,
  0xFF,0x28,0x00,0x00,0x7C,0xFF,0x28,0x00,0x00,0x7C,0xFF,0x28,0x00,0x00,0x7C,0xFF,
  0x28,0x00,0x00,0x7C,0xFF,0x28,0x00,0x00,0x7C,0xFF,0x28,0x00,0x00,0x7C,0xFF,0x28,
  0x00,0x00,0x7C,0xFF,0x28,0x00,0x00,0x7C,0xFF,0x28,0x00,0x00,0x7C,0xFF,0x28,0x00,
  0x00,0x7C,0xFF,0x28,0x00,0x00,0x7C,0xFF,0x28,0x00,0x00,0x7C,0xFF,0x46,0x24,0x1C,
  0x7C,0xFF,0xFF,0xFF,0xC8,0x28,0x54,0x54,0x54,0x41,0xA2,0xF5,0x0C,0x00,0x00,0x00,
  0x00,0x45,0xFF,0x5E,0x00,0x00,0x00,0x00,0x02,0xE6,0xBB,0x00,0x00,0x00,0x00,0x00,
  0x8C,0xFD,0x1A,0x00,0x00,0x00,0x00,0x30,0xFF,0x74,0x00,0x00,0x00,0x00,0x00,0xD3,
  0xD0,0x00,0x00,0x00,0x00,0x00,0x77,0xFF,0x2D,0x00,0x00,0x00,0x00,0x1C,0xFD,0x89,
  0x00,0x00,0x00,0x00,0x00,0xBD,0xE4,0x02,0x00,0x00,0x00,0x00,0x61,0xFF,0x43,0x00,
  0x00,0x00,0x00,0x0D,0xF6,0x9F,0x00,0x00,0x00,0x00,0x00,0xA8,0xF2,0x09,0x00,0x00,
  0x00,0x00,0x4B,0xFF,0x58,0x00,0x00,0x00,0x00,0x04,0xEA,0xB5,0x88,0xFF,0xFF,0xFF,
  0xBC,0x3F,0x78,0x78,0xF3,0xBC,0x00,0x00,0x00,0xE8,0xBC,0x00,0x00,0x00,0xE8,0xBC,
  0x00,0x00,0x00,0xE8,0xBC,0x00,0x00,0x00,0xE8,0xBC,0x00,0x00,0x00,0xE8,0xBC,0x00,
  0x00,0x00,0xE8,0xBC,0x00,0x00,0x00,0xE8,0xBC,0x00,0x00,0x00,0xE8,0xBC,0x00,0x00,
  0x00,0xE8,0xBC,0x00,0x00,0x00,0xE8,0xBC,0x00,0x00,0x00,0xE8,0xBC,0x00,0x00,0x00,
  0xE8,0xBC,0x00,0x00,0x00,0xE8,0xBC,0x13,0x24,0x24,0xEB,0xBC,0x88,0xFF,0xFF,0xFF,
  0xBC,0x2C,0x54,0x54,0x54,0x3D,0x00,0x00,0x00,0x00,0x7A,0xE8,0x09,0x00,0x00,0x00,
  0x00,0x00,0x00,0x00,0x06,0xE5,0xFE,0x71,0x00,0x00,0x00,0x00,0x00,0x00,0x00,0x5F,
  0xF0,0x81,0xE6,0x08,0x00,0x00,0x00,0x00,0x00,0x00,0xD1,0x8F,0x0C,0xEE,0x6D,0x00,
  0x00,0x00,0x00,0x00,0x44,0xFD,0x23,0x00,0x80,0xE4,0x07,0x00,0x00,0x00,0x00,0xB7,
  0xB3,0x00,0x00,0x12,0xF3,0x6A,0x00,0x00,0x00,0x2A,0xFE,0x46,0x00,0x00,0x00,0x8B,
  0xE2,0x06,0x00,0x00,0x9C,0xD7,0x01,0x00,0x00,0x00,0x18,0xF7,0x66,0x00,0x16,0xF8,
  0x6A,0x00,0x00,0x00,0x00,0x00,0x95,0xDF,0x05,0x01,0x24,0x24,0x24,0x24,0x24,0x24,
  0x24,0x24,0x10,0x08,0xFF,0xFF,0xFF,0xFF,0xFF,0xFF,0xFF,0xFF,0x78,0x02,0x54,0x54,
  0x54,0x54,0x54,0x54,0x54,0x54,0x27,0x16,0xE8,0xF1,0x16,0x00,0x00,0x33,0xF1,0xA6,
  0x00,0x00,0x00,0x35,0xE9,0x58,0x00,0x00,0x45,0xAC,0xE9,0xF8,0xDB,0x89,0x0C,0x00,
  0x00,0x00,0xCD,0xE5,0x95,0x82,0xC7,0xFF,0xA5,0x00,0x00,0x00,0x29,0x06,0x00,0x00,
  0x02,0xD5,0xFA,0x07,0x00,0x00,0x00,0x00,0x00,0x00,0x00,0x96,0xFF,0x1C,0x00,0x00,
  0x00,0x00,0x10,0x20,0x24,0x95,0xFF,0x20,0x00,0x09,0x89,0xE4,0xFF,0xFF,0xFF,0xFF,
  0xFF,0x20,0x00,0xAF,0xFF,0xBE,0x6F,0x58,0x54,0xAF,0xFF,0x20,0x10,0xFF,0xC9,0x02,
  0x00,0x00,0x00,0x9C,0xFF,0x20,0x0C,0xFE,0xB6,0x00,0x00,0x00,0x1E,0xE9,0xFF,0x20,
  0x00,0xC0,0xFF,0xAA,0x7F,0x9E,0xF0,0xB0,0xFF,0x20,0x00,0x1A,0xA6,0xEB,0xF6,0xCC,
  0x4D,0x31,0xFF,0x20,0x64,0xFF,0x48,0x00,0x00,0x00,0x00,0x00,0x00,0x00,0x64,0xFF,
  0x48,0x00,0x00,0x00,0x00,0x00,0x00,0x00,0x64,0xFF,0x48,0x00,0x00,0x00,0x00,0x00,
  0x00,0x00,0x64,0xFF,0x47,0x00,0x00,0x00,0x00,0x00,0x00,0x00,0x64,0xFF,0x44,0x7A,
  0xE0,0xF9,0xD9,0x70,0x01,0x00,0x64,0xFF,0xC3,0xE2,0x96,0x8B,0xD7,0xFF,0x89,0x00,
  0x64,0xFF,0xDD,0x14,0x00,0x00,0x0B,0xCE,0xFD,0x21,0x64,0xFF,0x7E,0x00,0x00,0x00,
  0x00,0x5E,0xFF,0x6D,0x64,0xFF,0x54,0x00,0x00,0x00,0x00,0x30,0xFF,0x94,0x64,0xFF,
  0x4B,0x00,0x00,0x00,0x00,0x1E,0xFF,0xA0,0x64,0xFF,0x5D,0x00,0x00,0x00,0x00,0x32,
  0xFF,0x93,0x64,0xFF,0x88,0x00,0x00,0x00,0x00,0x62,0xFF,0x6C,0x64,0xFF,0xE4,0x0E,
  0x00,0x00,0x05,0xCE,0xFD,0x1F,0x64,0xFF,0xC1,0xDF,0x8A,0x81,0xD1,0xFF,0x86,0x00,
  0x64,0xEB,0x06,0x83,0xE2,0xF9,0xD9,0x6E,0x00,0x00,0x00,0x03,0x71,0xD0,0xF5,0xEB,
  0xC1,0x39,0x00,0xB0,0xFF,0xBF,0x80,0x96,0xDC,0x2B,0x58,0xFF,0x91,0x00,0x00,0x00,
  0x00,0x00,0xB2,0xFC,0x13,0x00,0x00,0x00,0x00,0x00,0xDC,0xDA,0x00,0x00,0x00,0x00,
  0x00,0x00,0xEE,0xCC,0x00,0x00,0x00,0x00,0x00,0x00,0xE0,0xE1,0x00,0x00,0x00,0x00,
  0x00,0x00,0xB9,0xFC,0x18,0x00,0x00,0x00,0x00,0x00,0x63,0xFF,0x8F,0x00,0x00,0x00,
  0x00,0x02,0x03,0xC0,0xFF,0xB9,0x7E,0x90,0xC6,0x53,0x00,0x07,0x80,0xD8,0xF8,0xF3,
  0xBF,0x2C,0x00,0x00,0x00,0x00,0x00,0x00,0x00,0x9C,0xFF,0x10,0x00,0x00,0x00,0x00,
  0x00,0x00,0x00,0x9C,0xFF,0x10,0x00,0x00,0x00,0x00,0x00,0x00,0x00,0x9C,0xFF,0x10,
  0x00,0x00,0x00,0x00,0x00,0x00,0x00,0x9C,0xFF,0x10,0x00,0x12,0x98,0xE9,0xF6,0xC8,
  0x44,0x96,0xFF,0x10,0x07,0xD0,0xFF,0xAF,0x7E,0x9F,0xF5,0xC8,0xFF,0x10,0x6D,0xFF,
  0x8C,0x00,0x00,0x00,0x4B,0xFF,0xFF,0x10,0xBD,0xFD,0x1B,0x00,0x00,0x00,0x00,0xDB,
  0xFF,0x10,0xE4,0xE2,0x00,0x00,0x00,0x00,0x00,0xAD,0xFF,0x10,0xF0,0xCE,0x00,0x00,
  0x00,0x00,0x00,0x97,0xFF,0x10,0xE5,0xDF,0x00,0x00,0x00,0x00,0x00,0xA5,0xFF,0x10,
  0xBF,0xFB,0x14,0x00,0x00,0x00,0x00,0xCA,0xFF,0x10,0x71,0xFF,0x81,0x00,0x00,0x00,
  0x3E,0xFF,0xFF,0x10,0x09,0xD4,0xFF,0xAC,0x80,0xA3,0xF5,0xC0,0xFF,0x10,0x00,0x15,
  0x9D,0xEB,0xF6,0xC8,0x43,0x5B,0xFF,0x10,0x00,0x03,0x76,0xD8,0xF7,0xE2,0x90,0x0E,
  0x00,0x00,0xA9,0xFD,0xAA,0x82,0xA7,0xFD,0xCD,0x06,0x4F,0xFF,0x59,0x00,0x00,0x00,
  0x68,0xFF,0x63,0xAB,0xEF,0x24,0x24,0x24,0x24,0x33,0xFF,0xA8,0xDC,0xFF,0xFF,0xFF,
  0xFF,0xFF,0xFF,0xFF,0xBE,0xEE,0xE1,0x54,0x54,0x54,0x54,0x54,0x54,0x3F,0xDE,0xEE,
  0x00,0x00,0x00,0x00,0x00,0x00,0x00,0xB2,0xFF,0x30,0x00,0x00,0x00,0x00,0x00,0x00,
  0x54,0xFF,0xB9,0x04,0x00,0x00,0x00,0x0A,0x11,0x00,0xA4,0xFF,0xD5,0x86,0x86,0xA7,
  0xF0,0x4C,0x00,0x01,0x67,0xCA,0xF3,0xFA,0xE0,0x9A,0x1D,0x00,0x00,0x07,0x86,0xDF,
  0xF7,0xD8,0x2D,0x00,0x00,0x88,0xFF,0xBC,0x81,0xA0,0x0A,0x00,0x00,0xD7,0xE6,0x04,
  0x00,0x00,0x00,0x00,0x00,0xEB,0xC2,0x00,0x00,0x00,0x00,0x61,0xD4,0xFF,0xFF,0xFF,
  0xFF,0x50,0x00,0x56,0x78,0xF5,0xDE,0x78,0x78,0x25,0x00,0x00,0x00,0xEC,0xC0,0x00,
  0x00,0x00,0x00,0x00,0x00,0xEC,0xC0,0x00,0x00,0x00,0x00,0x00,0x00,0xEC,0xC0,0x00,
  0x00,0x00,0x00,0x00,0x00,0xEC,0xC0,0x00,0x00,0x00,0x00,0x00,0x00,0xEC,0xC0,0x00,
  0x00,0x00,0x00,0x00,0x00,0xEC,0xC0,0x00,0x00,0x00,0x00,0x00,0x00,0xEC,0xC0,0x00,
  0x00,0x00,0x00,0x00,0x00,0xEC,0xC0,0x00,0x00,0x00,0x00,0x00,0x00,0xEC,0xC0,0x00,
  0x00,0x00,0x00,0x00,0x11,0x98,0xEA,0xF6,0xC7,0x46,0x55,0xFF,0x10,0x04,0xC9,0xFF,
  0xB1,0x81,0xAB,0xF9,0xBC,0xFF,0x10,0x64,0xFF,0x8E,0x00,0x00,0x00,0x4E,0xFF,0xFF,
  0x10,0xB8,0xFC,0x19,0x00,0x00,0x00,0x00,0xCE,0xFF,0x10,0xE4,0xE2,0x00,0x00,0x00,
  0x00,0x00,0xA0,0xFF,0x10,0xF0,0xCE,0x00,0x00,0x00,0x00,0x00,0x91,0xFF,0x10,0xE5,
  0xE0,0x00,0x00,0x00,0x00,0x00,0x98,0xFF,0x10,0xBC,0xFB,0x15,0x00,0x00,0x00,0x00,
  0xBF,0xFF,0x10,0x6C,0xFF,0x85,0x00,0x00,0x00,0x35,0xFC,0xFF,0x10,0x07,0xD1,0xFF,
  0xAD,0x80,0xA2,0xF6,0xCC,0xFF,0x10,0x00,0x14,0x9C,0xEA,0xF8,0xCC,0x4B,0x92,0xFF,
  0x10,0x00,0x00,0x00,0x00,0x00,0x00,0x00,0x9E,0xFF,0x0B,0x00,0x00,0x00,0x00,0x00,
  0x00,0x00,0xC8,0xF2,0x00,0x0E,0x21,0x00,0x00,0x00,0x00,0x4B,0xFF,0xB2,0x00,0x28,
  0xFD,0xBE,0x97,0x80,0xA5,0xFC,0xF7,0x32,0x00,0x0E,0x88,0xCF,0xEB,0xFB,0xEB,0xAF,
  0x32,0x00,0x00,0x64,0xFF,0x48,0x00,0x00,0x00,0x00,0x00,0x00,0x00,0x64,0xFF,0x48,
  0x00,0x00,0x00,0x00,0x00,0x00,0x00,0x64,0xFF,0x48,0x00,0x00,0x00,0x00,0x00,0x00,
  0x00,0x64,0xFF,0x48,0x00,0x00,0x00,0x00,0x00,0x00,0x00,0x64,0xFF,0x45,0x71,0xDA,
  0xF7,0xDA,0x86,0x0A,0x00,0x64,0xFF,0xBC,0xE3,0x8F,0x84,0xCC,0xFF,0xA5,0x00,0x64,
  0xFF,0xE8,0x12,0x00,0x00,0x03,0xD1,0xFC,0x0D,0x64,0xFF,0x8A,0x00,0x00,0x00,0x00,
  0x87,0xFF,0x2C,0x64,0xFF,0x5D,0x00,0x00,0x00,0x00,0x74,0xFF,0x34,0x64,0xFF,0x49,
  0x00,0x00,0x00,0x00,0x74,0xFF,0x34,0x64,0xFF,0x48,0x00,0x00,0x00,0x00,0x74,0xFF,
  0x34,0x64,0xFF,0x48,0x00,0x00,0x00,0x00,0x74,0xFF,0x34,0x64,0xFF,0x48,0x00,0x00,
  0x00,0x00,0x74,0xFF,0x34,0x64,0xFF,0x48,0x00,0x00,0x00,0x00,0x74,0xFF,0x34,0x64,
  0xFF,0x48,0x00,0x00,0x00,0x00,0x74,0xFF,0x34,0x52,0xF2,0x3F,0x65,0xFF,0x50,0x00,
  0x1A,0x00,0x00,0x00,0x00,0x64,0xFF,0x48,0x64,0xFF,0x48,0x64,0xFF,0x48,0x64,0xFF,
  0x48,0x64,0xFF,0x48,0x64,0xFF,0x48,0x64,0xFF,0x48,0x64,0xFF,0x48,0x64,0xFF,0x48,
  0x64,0xFF,0x48,0x64,0xFF,0x48,0x00,0x00,0x00,0x52,0xF2,0x3F,0x00,0x00,0x00,0x65,
  0xFF,0x50,0x00,0x00,0x00,0x00,0x1A,0x00,0x00,0x00,0x00,0x00,0x00,0x00,0x00,0x00,
  0x00,0x64,0xFF,0x48,0x00,0x00,0x00,0x64,0xFF,0x48,0x00,0x00,0x00,0x64,0xFF,0x48,
  0x00,0x00,0x00,0x64,0xFF,0x48,0x00,0x00,0x00,0x64,0xFF,0x48,0x00,0x00,0x00,0x64,
  0xFF,0x48,0x00,0x00,0x00,0x64,0xFF,0x48,0x00,0x00,0x00,0x64,0xFF,0x48,0x00,0x00,
  0x00,0x64,0xFF,0x48,0x00,0x00,0x00,0x64,0xFF,0x48,0x00,0x00,0x00,0x64,0xFF,0x48,
  0x00,0x00,0x00,0x64,0xFF,0x48,0x00,0x00,0x00,0x64,0xFF,0x46,0x00,0x00,0x00,0x81,
  0xFF,0x2E,0x07,0x8A,0x88,0xF1,0xE1,0x05,0x09,0xE6,0xF7,0xCB,0x35,0x00,0x64,0xFF,
  0x44,0x00,0x00,0x00,0x00,0x00,0x00,0x64,0xFF,0x44,0x00,0x00,0x00,0x00,0x00,0x00,
  0x64,0xFF,0x44,0x00,0x00,0x00,0x00,0x00,0x00,0x64,0xFF,0x44,0x00,0x00,0x00,0x00,
  0x00,0x00,0x64,0xFF,0x44,0x00,0x00,0x02,0xB1,0xFB,0x45,0x64,0xFF,0x44,0x00,0x00,
  0x93,0xFF,0x61,0x00,0x64,0xFF,0x44,0x00,0x74,0xFF,0x81,0x00,0x00,0x64,0xFF,0x43,
  0x53,0xFE,0xA2,0x00,0x00,0x00,0x64,0xFF,0x62,0xF3,0xCC,0x05,0x00,0x00,0x00,0x64,
  0xFF,0xEE,0xFD,0xF4,0x24,0x00,0x00,0x00,0x64,0xFF,0xB9,0x39,0xF9,0xC8,0x04,0x00,
  0x00,0x64,0xFF,0x44,0x00,0x76,0xFF,0x81,0x00,0x00,0x64,0xFF,0x44,0x00,0x02,0xC2,
  0xFC,0x38,0x00,0x64,0xFF,0x44,0x00,0x00,0x20,0xF2,0xDC,0x0C,0x64,0xFF,0x44,0x00,
  0x00,0x00,0x61,0xFF,0x9D,0x64,0xFF,0x48,0x64,0xFF,0x48,0x64,0xFF,0x48,0x64,0xFF,
  0x48,0x64,0xFF,0x48,0x64,0xFF,0x48,0x64,0xFF,0x48,0x64,0xFF,0x48,0x64,0xFF,0x48,
  0x64,0xFF,0x48,0x64,0xFF,0x48,0x64,0xFF,0x48,0x64,0xFF,0x48,0x64,0xFF,0x48,0x64,
  0xFF,0x48,0x64,0xFF,0x0F,0x7D,0xE1,0xF7,0xD2,0x57,0x00,0x43,0xC3,0xF5,0xE3,0x9B,
  0x10,0x00,0x64,0xFF,0xB9,0xD8,0x86,0x8E,0xEF,0xFF,0x7B,0xFA,0xA9,0x83,0xBE,0xFF,
  0xB5,0x00,0x64,0xFF,0xE0,0x0B,0x00,0x00,0x3F,0xFF,0xFF,0x61,0x00,0x00,0x00,0xC1,
  0xFE,0x12,0x64,0xFF,0x84,0x00,0x00,0x00,0x00,0xF7,0xED,0x03,0x00,0x00,0x00,0x7C,
  0xFF,0x31,0x64,0xFF,0x5B,0x00,0x00,0x00,0x00,0xE8,0xCD,0x00,0x00,0x00,0x00,0x6C,
  0xFF,0x38,0x64,0xFF,0x49,0x00,0x00,0x00,0x00,0xE8,0xC0,0x00,0x00,0x00,0x00,0x6C,
  0xFF,0x38,0x64,0xFF,0x48,0x00,0x00,0x00,0x00,0xE8,0xC0,0x00,0x00,0x00,0x00,0x6C,
  0xFF,0x38,0x64,0xFF,0x48,0x00,0x00,0x00,0x00,0xE8,0xC0,0x00,0x00,0x00,0x00,0x6C,
  0xFF,0x38,0x64,0xFF,0x48,0x00,0x00,0x00,0x00,0xE8,0xC0,0x00,0x00,0x00,0x00,0x6C,
  0xFF,0x38,0x64,0xFF,0x48,0x00,0x00,0x00,0x00,0xE8,0xC0,0x00,0x00,0x00,0x00,0x6C,
  0xFF,0x38,0x64,0xFF,0x48,0x00,0x00,0x00,0x00,0xE8,0xC0,0x00,0x00,0x00,0x00,0x6C,
  0xFF,0x38,0x64,0xFF,0x0E,0x72,0xD8,0xF7,0xDA,0x86,0x0A,0x00,0x64,0xFF,0xB7,0xE3,
  0x8E,0x84,0xCC,0xFF,0xA5,0x00,0x64,0xFF,0xE7,0x12,0x00,0x00,0x03,0xD1,0xFC,0x0C,
  0x64,0xFF,0x89,0x00,0x00,0x00,0x00,0x87,0xFF,0x2C,0x64,0xFF,0x5D,0x00,0x00,0x00,
  0x00,0x74,0xFF,0x34,0x64,0xFF,0x49,0x00,0x00,0x00,0x00,0x74,0xFF,0x34,0x64,0xFF,
  0x48,0x00,0x00,0x00,0x00,0x74,0xFF,0x34,0x64,0xFF,0x48,0x00,0x00,0x00,0x00,0x74,
  0xFF,0x34,0x64,0xFF,0x48,0x00,0x00,0x00,0x00,0x74,0xFF,0x34,0x64,0xFF,0x48,0x00,
  0x00,0x00,0x00,0x74,0xFF,0x34,0x64,0xFF,0x48,0x00,0x00,0x00,0x00,0x74,0xFF,0x34,
  0x00,0x05,0x76,0xD5,0xF8,0xE9,0xA8,0x28,0x00,0x00,0x01,0xB3,0xFF,0xBA,0x7F,0x92,
  0xEB,0xF1,0x33,0x00,0x5C,0xFF,0x8F,0x00,0x00,0x00,0x1E,0xF2,0xD1,0x00,0xB6,0xFC,
  0x19,0x00,0x00,0x00,0x00,0x94,0xFF,0x31,0xE3,0xE1,0x00,0x00,0x00,0x00,0x00,0x5F,
  0xFF,0x60,0xEF,0xCE,0x00,0x00,0x00,0x00,0x00,0x4B,0xFF,0x72,0xDC,0xE3,0x00,0x00,
  0x00,0x00,0x00,0x60,0xFF,0x65,0xAB,0xFD,0x1D,0x00,0x00,0x00,0x00,0x98,0xFF,0x36,
  0x4B,0xFF,0x95,0x00,0x00,0x00,0x21,0xF4,0xD8,0x01,0x00,0x9F,0xFF,0xBD,0x7F,0x92,
  0xEC,0xF5,0x3B,0x00,0x00,0x01,0x6B,0xD1,0xF6,0xED,0xAE,0x2E,0x00,0x00,0x64,0xFF,
  0x0E,0x75,0xDF,0xF9,0xD9,0x70,0x01,0x00,0x64,0xFF,0xB3,0xE2,0x95,0x83,0xD4,0xFF,
  0x89,0x00,0x64,0xFF,0xE3,0x12,0x00,0x00,0x08,0xD3,0xFD,0x21,0x64,0xFF,0x83,0x00,
  0x00,0x00,0x00,0x65,0xFF,0x6E,0x64,0xFF,0x5B,0x00,0x00,0x00,0x00,0x31,0xFF,0x94,
  0x64,0xFF,0x4B,0x00,0x00,0x00,0x00,0x1D,0xFF,0xA0,0x64,0xFF,0x5E,0x00,0x00,0x00,
  0x00,0x2D,0xFF,0x93,0x64,0xFF,0x8B,0x00,0x00,0x00,0x00,0x66,0xFF,0x6B,0x64,0xFF,
  0xE5,0x0F,0x00,0x00,0x0B,0xD7,0xFC,0x1D,0x64,0xFF,0xCF,0xDF,0x8B,0x85,0xD9,0xFF,
  0x83,0x00,0x64,0xFF,0x45,0x7F,0xE1,0xF9,0xD9,0x6D,0x00,0x00,0x64,0xFF,0x47,0x00,
  0x00,0x00,0x00,0x00,0x00,0x00,0x64,0xFF,0x48,0x00,0x00,0x00,0x00,0x00,0x00,0x00,
  0x64,0xFF,0x48,0x00,0x00,0x00,0x00,0x00,0x00,0x00,0x64,0xFF,0x48,0x00,0x00,0x00,
  0x00,0x00,0x00,0x00,0x64,0xFF,0x48,0x00,0x00,0x00,0x00,0x00,0x00,0x00,0x00,0x10,
  0x96,0xE8,0xF6,0xC8,0x43,0x56,0xFF,0x10,0x06,0xCD,0xFF,0xAE,0x7E,0x9F,0xF4,0xB5,
  0xFF,0x10,0x6B,0xFF,0x89,0x00,0x00,0x00,0x4B,0xFF,0xFF,0x10,0xBC,0xFD,0x1A,0x00,
  0x00,0x00,0x00,0xDA,0xFF,0x10,0xE4,0xE2,0x00,0x00,0x00,0x00,0x00,0xAD,0xFF,0x10,
  0xF0,0xCE,0x00,0x00,0x00,0x00,0x00,0x97,0xFF,0x10,0xE5,0xE0,0x00,0x00,0x00,0x00,
  0x00,0xA7,0xFF,0x10,0xBF,0xFB,0x15,0x00,0x00,0x00,0x00,0xCE,0xFF,0x10,0x71,0xFF,
  0x84,0x00,0x00,0x00,0x42,0xFF,0xFF,0x10,0x09,0xD4,0xFF,0xAD,0x7F,0xA3,0xF5,0xC8,
  0xFF,0x10,0x00,0x14,0x9D,0xEC,0xF6,0xC8,0x43,0x99,0xFF,0x10,0x00,0x00,0x00,0x00,
  0x00,0x00,0x00,0x9C,0xFF,0x10,0x00,0x00,0x00,0x00,0x00,0x00,0x00,0x9C,0xFF,0x10,
  0x00,0x00,0x00,0x00,0x00,0x00,0x00,0x9C,0xFF,0x10,0x00,0x00,0x00,0x00,0x00,0x00,
  0x00,0x9C,0xFF,0x10,0x00,0x00,0x00,0x00,0x00,0x00,0x00,0x9C,0xFF,0x10,0x64,0xFF,
  0x07,0x4D,0xD5,0xFA,0x78,0x64,0xFF,0x65,0xF5,0xA0,0x86,0x49,0x64,0xFF,0xF4,0x3C,
  0x00,0x00,0x00,0x64,0xFF,0x99,0x00,0x00,0x00,0x00,0x64,0xFF,0x58,0x00,0x00,0x00,
  0x00,0x64,0xFF,0x48,0x00,0x00,0x00,0x00,0x64,0xFF,0x48,0x00,0x00,0x00,0x00,0x64,
  0xFF,0x48,0x00,0x00,0x00,0x00,0x64,0xFF,0x48,0x00,0x00,0x00,0x00,0x64,0xFF,0x48,
  0x00,0x00,0x00,0x00,0x64,0xFF,0x48,0x00,0x00,0x00,0x00,0x00,0x09,0x7B,0xD6,0xF5,
  0xEA,0xC5,0x71,0x00,0x00,0xAA,0xFE,0xAA,0x7F,0x96,0xCD,0xB7,0x00,0x02,0xFC,0xA9,
  0x00,0x00,0x00,0x00,0x06,0x00,0x00,0xEA,0xD9,0x13,0x00,0x00,0x00,0x00,0x00,0x00,
  0x5F,0xFB,0xEF,0x89,0x20,0x00,0x00,0x00,0x00,0x00,0x2F,0xAB,0xFC,0xFD,0xA5,0x16,
  0x00,0x00,0x00,0x00,0x00,0x1C,0x90,0xFC,0xD5,0x03,0x00,0x00,0x00,0x00,0x00,0x00,
  0x88,0xFF,0x33,0x01,0x1B,0x00,0x00,0x00,0x00,0x8A,0xFF,0x2C,0x04,0xFC,0xBC,0x91,
  0x80,0xAB,0xFD,0xC7,0x01,0x01,0x85,0xD7,0xF8,0xF6,0xD7,0x83,0x0F,0x00,0x00,0x00,
  0x51,0x36,0x00,0x00,0x00,0x00,0x00,0xD9,0x6C,0x00,0x00,0x00,0x00,0x26,0xFF,0x6C,
  0x00,0x00,0x00,0x6A,0xF1,0xFF,0xFF,0xFF,0xFF,0x5C,0x54,0x9A,0xFF,0xB1,0x78,0x78,
  0x2B,0x00,0x40,0xFF,0x6C,0x00,0x00,0x00,0x00,0x40,0xFF,0x6C,0x00,0x00,0x00,0x00,
  0x40,0xFF,0x6C,0x00,0x00,0x00,0x00,0x40,0xFF,0x6C,0x00,0x00,0x00,0x00,0x40,0xFF,
  0x6C,0x00,0x00,0x00,0x00,0x3E,0xFF,0x6E,0x00,0x00,0x00,0x00,0x2C,0xFF,0x98,0x00,
  0x00,0x00,0x00,0x03,0xE2,0xFB,0x98,0x85,0x48,0x00,0x00,0x32,0xC7,0xF9,0xED,0x55,
  0x80,0xFF,0x30,0x00,0x00,0x00,0x00,0x8C,0xFF,0x20,0x80,0xFF,0x30,0x00,0x00,0x00,
  0x00,0x8C,0xFF,0x20,0x80,0xFF,0x30,0x00,0x00,0x00,0x00,0x8C,0xFF,0x20,0x80,0xFF,
  0x30,0x00,0x00,0x00,0x00,0x8C,0xFF,0x20,0x80,0xFF,0x30,0x00,0x00,0x00,0x00,0x8C,
  0xFF,0x20,0x80,0xFF,0x30,0x00,0x00,0x00,0x00,0x8D,0xFF,0x20,0x80,0xFF,0x30,0x00,
  0x00,0x00,0x00,0xA2,0xFF,0x20,0x7A,0xFF,0x41,0x00,0x00,0x00,0x00,0xCE,0xFF,0x20,
  0x57,0xFF,0x8E,0x00,0x00,0x00,0x3F,0xFF,0xFF,0x20,0x0D,0xE8,0xFF,0xAD,0x7F,0x9D,
  0xF5,0xC4,0xFF,0x20,0x00,0x23,0xAC,0xE6,0xF7,0xCA,0x52,0x50,0xFF,0x20,0xD3,0xED,
  0x04,0x00,0x00,0x00,0x00,0x4F,0xFF,0x7A,0x7A,0xFF,0x48,0x00,0x00,0x00,0x00,0xA4,
  0xFF,0x21,0x20,0xFF,0x9E,0x00,0x00,0x00,0x07,0xF1,0xC6,0x00,0x00,0xC6,0xEE,0x05,
  0x00,0x00,0x4E,0xFF,0x6C,0x00,0x00,0x6C,0xFF,0x49,0x00,0x00,0xA3,0xFB,0x16,0x00,
  0x00,0x16,0xFC,0x9F,0x00,0x07,0xF1,0xB7,0x00,0x00,0x00,0x00,0xB9,0xEF,0x05,0x4D,
  0xFF,0x5D,0x00,0x00,0x00,0x00,0x5F,0xFF,0x46,0xA0,0xF6,0x0D,0x00,0x00,0x00,0x00,
  0x0D,0xF7,0x8F,0xEA,0xA9,0x00,0x00,0x00,0x00,0x00,0x00,0xAB,0xED,0xFF,0x4F,0x00,
  0x00,0x00,0x00,0x00,0x00,0x51,0xFF,0xEE,0x06,0x00,0x00,0x00,0xAC,0xFD,0x10,0x00,
  0x00,0x00,0x92,0xFF,0x87,0x00,0x00,0x00,0x1B,0xFF,0x96,0x6A,0xFF,0x4B,0x00,0x00,
  0x00,0xDC,0xFE,0xD0,0x00,0x00,0x00,0x59,0xFF,0x55,0x29,0xFF,0x88,0x00,0x00,0x27,
  0xFF,0xB0,0xFF,0x19,0x00,0x00,0x97,0xFE,0x14,0x00,0xE7,0xC6,0x00,0x00,0x72,0xFE,
  0x3E,0xFF,0x60,0x00,0x00,0xD5,0xD1,0x00,0x00,0xA7,0xFA,0x09,0x00,0xBD,0xCF,0x00,
  0xE5,0xA8,0x00,0x14,0xFE,0x8F,0x00,0x00,0x66,0xFF,0x40,0x0D,0xFA,0x86,0x00,0x9F,
  0xED,0x03,0x50,0xFF,0x4D,0x00,0x00,0x25,0xFF,0x7B,0x4F,0xFF,0x3A,0x00,0x57,0xFF,
  0x37,0x8E,0xFC,0x0F,0x00,0x00,0x00,0xE4,0xB2,0x8F,0xEC,0x02,0x00,0x11,0xFC,0x7B,
  0xCA,0xCA,0x00,0x00,0x00,0x00,0xA3,0xE7,0xC7,0xA4,0x00,0x00,0x00,0xC6,0xB6,0xF9,
  0x88,0x00,0x00,0x00,0x00,0x62,0xFF,0xFC,0x58,0x00,0x00,0x00,0x7D,0xFC,0xFF,0x46,
  0x00,0x00,0x00,0x00,0x21,0xFF,0xFC,0x11,0x00,0x00,0x00,0x34,0xFF,0xFA,0x0A,0x00,
  0x00,0x2E,0xFA,0xB7,0x00,0x00,0x00,0x00,0xAD,0xFC,0x33,0x00,0x81,0xFF,0x59,0x00,
  0x00,0x4C,0xFF,0x89,0x00,0x00,0x06,0xD3,0xE8,0x11,0x0B,0xE1,0xD9,0x08,0x00,0x00,
  0x00,0x35,0xFC,0x9B,0x8D,0xFE,0x3D,0x00,0x00,0x00,0x00,0x00,0x8B,0xFE,0xFC,0x94,
  0x00,0x00,0x00,0x00,0x00,0x00,0x24,0xFF,0xFF,0x2B,0x00,0x00,0x00,0x00,0x00,0x00,
  0xB4,0xF7,0xF2,0xBA,0x00,0x00,0x00,0x00,0x00,0x5D,0xFF,0x79,0x6C,0xFF,0x63,0x00,
  0x00,0x00,0x17,0xED,0xD0,0x04,0x02,0xC6,0xF0,0x1C,0x00,0x00,0xAC,0xFC,0x33,0x00,
  0x00,0x2B,0xF9,0xB5,0x00,0x54,0xFF,0x8A,0x00,0x00,0x00,0x00,0x82,0xFF,0x5F,0xCD,
  0xF2,0x09,0x00,0x00,0x00,0x00,0x47,0xFF,0x82,0x6F,0xFF,0x54,0x00,0x00,0x00,0x00,
  0x9B,0xFF,0x29,0x15,0xFB,0xAD,0x00,0x00,0x00,0x03,0xEA,0xD0,0x00,0x00,0xB2,0xF7,
  0x0E,0x00,0x00,0x43,0xFF,0x76,0x00,0x00,0x54,0xFF,0x5F,0x00,0x00,0x97,0xFE,0x1E,
  0x00,0x00,0x07,0xEE,0xB8,0x00,0x02,0xE8,0xC4,0x00,0x00,0x00,0x00,0x97,0xFB,0x13,
  0x3D,0xFF,0x6A,0x00,0x00,0x00,0x00,0x39,0xFF,0x5F,0x8B,0xFB,0x15,0x00,0x00,0x00,
  0x00,0x00,0xDA,0xA5,0xD5,0xB8,0x00,0x00,0x00,0x00,0x00,0x00,0x7D,0xEF,0xFF,0x5E,
  0x00,0x00,0x00,0x00,0x00,0x00,0x1F,0xFE,0xF7,0x0E,0x00,0x00,0x00,0x00,0x00,0x00,
  0x0C,0xF6,0xAC,0x00,0x00,0x00,0x00,0x00,0x00,0x00,0x61,0xFF,0x50,0x00,0x00,0x00,
  0x00,0x00,0x00,0x0B,0xD9,0xE1,0x03,0x00,0x00,0x00,0x00,0x6A,0x82,0xD4,0xFF,0x53,
  0x00,0x00,0x00,0x00,0x00,0xBA,0xF9,0xD7,0x5E,0x00,0x00,0x00,0x00,0x00,0x00,0x00,
  0xF0,0xFF,0xFF,0xFF,0xFF,0xFF,0xFF,0x10,0x00,0x70,0x78,0x78,0x78,0x7B,0xF6,0xEC,
  0x07,0x00,0x00,0x00,0x00,0x00,0x78,0xFF,0x57,0x00,0x00,0x00,0x00,0x00,0x28,0xF8,
  0xAD,0x00,0x00,0x00,0x00,0x00,0x02,0xC7,0xEC,0x16,0x00,0x00,0x00,0x00,0x00,0x75,
  0xFF,0x57,0x00,0x00,0x00,0x00,0x00,0x27,0xF7,0xAD,0x00,0x00,0x00,0x00,0x00,0x02,
  0xC6,0xEC,0x16,0x00,0x00,0x00,0x00,0x00,0x73,0xFF,0x57,0x00,0x00,0x00,0x00,0x00,
  0x1F,0xF6,0xE9,0x78,0x78,0x78,0x78,0x78,0x16,0x44,0xFF,0xFF,0xFF,0xFF,0xFF,0xFF,
  0xFF,0x30,0x00,0x00,0x00,0x0D,0x83,0xDA,0x95,0x00,0x00,0x00,0xB9,0xFF,0xB4,0x4F,
  0x00,0x00,0x16,0xFF,0xB2,0x00,0x00,0x00,0x00,0x27,0xFF,0x81,0x00,0x00,0x00,0x00,
  0x28,0xFF,0x80,0x00,0x00,0x00,0x00,0x28,0xFF,0x80,0x00,0x00,0x00,0x00,0x3D,0xFF,
  0x72,0x00,0x00,0x13,0x46,0xCB,0xF3,0x23,0x00,0x00,0x78,0xFF,0xD3,0x2C,0x00,0x00,
  0x00,0x2A,0x79,0xE8,0xDC,0x12,0x00,0x00,0x00,0x00,0x50,0xFF,0x69,0x00,0x00,0x00,
  0x00,0x29,0xFF,0x7F,0x00,0x00,0x00,0x00,0x28,0xFF,0x80,0x00,0x00,0x00,0x00,0x28,
  0xFF,0x80,0x00,0x00,0x00,0x00,0x17,0xFF,0x95,0x00,0x00,0x00,0x00,0x00,0xDC,0xF3,
  0x5D,0x1B,0x00,0x00,0x00,0x34,0xDB,0xFF,0x9C,0x00,0x00,0x00,0x00,0x03,0x30,0x2D,
  0x74,0xEC,0x74,0xEC,0x74,0xEC,0x74,0xEC,0x74,0xEC,0x74,0xEC,0x74,0xEC,0x74,0xEC,
  0x74,0xEC,0x74,0xEC,0x74,0xEC,0x74,0xEC,0x74,0xEC,0x74,0xEC,0x74,0xEC,0x74,0xEC,
  0x74,0xEC,0x74,0xEC,0x74,0xEC,0x74,0xEC,0x61,0xE3,0xA2,0x22,0x00,0x00,0x00,0x31,
  0x9E,0xF8,0xE6,0x0D,0x00,0x00,0x00,0x00,0x79,0xFF,0x4D,0x00,0x00,0x00,0x00,0x49,
  0xFF,0x5F,0x00,0x00,0x00,0x00,0x48,0xFF,0x60,0x00,0x00,0x00,0x00,0x48,0xFF,0x60,
  0x00,0x00,0x00,0x00,0x3A,0xFF,0x76,0x00,0x00,0x00,0x00,0x07,0xDA,0xE9,0x58,0x1E,
  0x00,0x00,0x00,0x15,0xB5,0xFF,0xB0,0x00,0x00,0x00,0xB5,0xF7,0x88,0x40,0x00,0x00,
  0x31,0xFF,0x85,0x00,0x00,0x00,0x00,0x47,0xFF,0x60,0x00,0x00,0x00,0x00,0x48,0xFF,
  0x60,0x00,0x00,0x00,0x00,0x48,0xFF,0x60,0x00,0x00,0x00,0x00,0x5D,0xFF,0x57,0x00,
  0x00,0x10,0x4A,0xDB,0xFA,0x1E,0x00,0x00,0x64,0xFF,0xE9,0x5B,0x00,0x00,0x00,0x1E,
  0x37,0x09,0x00,0x00,0x00,0x00,0x00,0x00,0x06,0x1B,0x04,0x00,0x00,0x00,0x00,0x03,
  0x02,0x98,0xFB,0xFF,0xF5,0xAD,0x59,0x2C,0x4E,0xBD,0x0C,0xE4,0x73,0x5F,0x97,0xE7,
  0xFF,0xFF,0xFF,0xA8,0x03,0x10,0x00,0x00,0x00,0x02,0x31,0x4C,0x2A,0x00,0x53,0xF2,
  0x69,0x97,0xFF,0xAF,0x41,0xCC,0x53,0x00,0x00,0x00,0x00,0x00,0x00,0x0F,0xFF,0x19,
  0x1B,0xFF,0x25,0x27,0xFF,0x31,0x33,0xFF,0x3D,0x3F,0xFF,0x49,0x4B,0xFF,0x55,0x57,
  0xFF,0x61,0x63,0xFF,0x6D,0x6F,0xFF,0x79,0x7A,0xFF,0x85,0x00,0x9B,0xDA,0xE1,0xD0,
  0x39,0x00,0x18,0x01,0x00,0x6F,0xC2,0x01,0x82,0xDD,0xDE,0xE7,0xDB,0x47,0xF3,0x1F,
  0x00,0x5C,0xDC,0x50,0xE8,0x08,0x07,0xB4,0xDC,0x07,0xB4,0xE9,0xC7,0x7F,0xDC,0x00,
  0x00,0x00,0x6C,0xA2,0x05,0x00,0x99,0x79,0x00,0x00,0x45,0xFC,0x86,0x00,0x7B,0xFE,
  0x50,0x00,0x27,0xEF,0xB2,0x02,0x53,0xFE,0x7C,0x00,0x0F,0xDA,0xD4,0x0D,0x32,0xF6,
  0xA9,0x00,0x00,0x0F,0xD8,0xD8,0x0F,0x31,0xF5,0xAE,0x01,0x00,0x00,0x25,0xEE,0xB7,
  0x03,0x51,0xFE,0x82,0x00,0x00,0x00,0x43,0xFB,0x8D,0x00,0x77,0xFF,0x55,0x00,0x00,
  0x00,0x68,0x9E,0x05,0x00,0x96,0x75,0x00,0x00,0x0B,0x0F,0x00,0x00,0x00,0x0E,0xAD,
  0xFE,0xFF,0xBE,0x18,0x00,0x90,0xE9,0x6F,0x66,0xDC,0xB0,0x00,0xDC,0x67,0x00,0x00,
  0x44,0xFA,0x04,0xE3,0x59,0x00,0x00,0x35,0xFD,0x09,0xA7,0xD3,0x3F,0x35,0xBD,0xC9,
  0x00,0x1E,0xD6,0xFF,0xFF,0xE4,0x30,0x00,0x00,0x07,0x3A,0x3F,0x0B,0x00,0x00,0x00,
  0x00,0x00,0x00,0x44,0xFF,0x18,0x00,0x00,0x00,0x00,0x00,0x00,0x00,0x44,0xFF,0x18,
  0x00,0x00,0x00,0x00,0x00,0x00,0x00,0x44,0xFF,0x18,0x00,0x00,0x00,0x01,0x24,0x24,
  0x24,0x5E,0xFF,0x38,0x24,0x24,0x1F,0x0C,0xFF,0xFF,0xFF,0xFF,0xFF,0xFF,0xFF,0xFF,
  0xE0,0x03,0x54,0x54,0x54,0x81,0xFF,0x64,0x54,0x54,0x49,0x00,0x00,0x00,0x00,0x44,
  0xFF,0x18,0x00,0x00,0x00,0x00,0x00,0x00,0x00,0x44,0xFF,0x18,0x00,0x00,0x00,0x00,
  0x00,0x00,0x00,0x44,0xFF,0x18,0x00,0x00,0x00,0x00,0x00,0x00,0x00,0x44,0xFF,0x18,
  0x00,0x00,0x00,0x05,0x78,0x78,0x78,0x78,0x78,0x78,0x78,0x78,0x6C,0x0C,0xFF,0xFF,
  0xFF,0xFF,0xFF,0xFF,0xFF,0xFF,0xE8,0x43,0xCC,0x50,0x98,0xFF,0xAE,0x57,0xF3,0x68,
  0x00,0x43,0xCB,0xDC,0xD5,0x60,0x00,0x18,0xF1,0x3B,0x00,0x22,0xF1,0x38,0x51,0xDC,
  0x00,0x00,0x00,0xB5,0x7D,0x4E,0xE0,0x00,0x00,0x00,0xB9,0x78,0x12,0xEB,0x50,0x00,
  0x34,0xF1,0x2B,0x00,0x33,0xB8,0xDB,0xC2,0x46,0x00,0x0F,0xB3,0x4F,0x00,0x2D,0xC1,
  0x24,0x00,0x00,0x00,0xA2,0xF3,0x2F,0x0C,0xD3,0xD8,0x10,0x00,0x00,0x08,0xC9,0xE1,
  0x17,0x22,0xEC,0xBB,0x04,0x00,0x00,0x19,0xE4,0xC7,0x06,0x42,0xFB,0x95,0x00,0x00,
  0x1C,0xE7,0xC5,0x05,0x47,0xFC,0x92,0x00,0x09,0xCD,0xE0,0x16,0x25,0xEF,0xB8,0x03,
  0x00,0xA8,0xF2,0x2D,0x0E,0xD7,0xD6,0x0F,0x00,0x0F,0xAF,0x4C,0x00,0x2B,0xBD,0x22,
  0x00,0x00,0x00,0x00,0x00,0x20,0xE6,0xA8,0x00,0x00,0x00,0x00,0x00,0x53,0xFF,0xF3,
  0x00,0x00,0x00,0x00,0x00,0x17,0xC1,0x88,0x00,0x00,0x00,0x00,0x00,0x00,0x00,0x00,
  0x00,0x00,0x00,0x00,0x00,0x00,0x88,0x5D,0x00,0x00,0x00,0x00,0x00,0x05,0xEB,0x77,
  0x00,0x00,0x00,0x00,0x00,0x8C,0xFD,0x2C,0x00,0x00,0x00,0x03,0x99,0xFE,0x6F,0x00,
  0x00,0x00,0x00,0xA4,0xF9,0x57,0x00,0x00,0x00,0x00,0x4C,0xFF,0x6C,0x00,0x00,0x00,
  0x00,0x00,0x84,0xFF,0x19,0x00,0x00,0x00,0x00,0x00,0x6A,0xFF,0x45,0x00,0x00,0x00,
  0x04,0x18,0x18,0xEB,0xF0,0x97,0x81,0xA1,0xE4,0xB9,0x00,0x2C,0xB0,0xE7,0xFA,0xE4,
  0xA5,0x3F,0x00,0x00,0x00,0x00,0x00,0x00,0x95,0xFF,0x77,0x00,0x00,0x00,0x00,0x00,
  0x00,0x00,0x00,0x00,0x35,0xFC,0x9B,0x00,0x00,0x00,0x00,0x00,0x00,0x00,0x00,0x00,
  0x06,0xD8,0x92,0x02,0x00,0x00,0x00,0x00,0x00,0x00,0x00,0x00,0x00,0x00,0x00,0x00,
  0x00,0x00,0x00,0x00,0x00,0x00,0x00,0x00,0x00,0x00,0x02,0xE2,0xF7,0x10,0x00,0x00,
  0x00,0x00,0x00,0x00,0x00,0x00,0x00,0x45,0xFF,0xFD,0x68,0x00,0x00,0x00,0x00,0x00,
  0x00,0x00,0x00,0x00,0xA6,0xDB,0xC1,0xC9,0x00,0x00,0x00,0x00,0x00,0x00,0x00,0x00,
  0x0F,0xF7,0x90,0x70,0xFF,0x2A,0x00,0x00,0x00,0x00,0x00,0x00,0x00,0x68,0xFF,0x36,
  0x17,0xFC,0x8A,0x00,0x00,0x00,0x00,0x00,0x00,0x00,0xC9,0xD6,0x00,0x00,0xB7,0xE6,
  0x03,0x00,0x00,0x00,0x00,0x00,0x2A,0xFF,0x77,0x00,0x00,0x59,0xFF,0x4B,0x00,0x00,
  0x00,0x00,0x00,0x8B,0xFD,0x1A,0x00,0x00,0x09,0xF1,0xAB,0x00,0x00,0x00,0x00,0x03,
  0xE7,0xFF,0xFF,0xFF,0xFF,0xFF,0xFF,0xF9,0x13,0x00,0x00,0x00,0x4C,0xFF,0xB7,0x9C,
  0x9C,0x9C,0x9C,0xB0,0xFF,0x6D,0x00,0x00,0x00,0xAD,0xF6,0x0E,0x00,0x00,0x00,0x00,
  0x06,0xEC,0xCD,0x00,0x00,0x14,0xF9,0xA6,0x00,0x00,0x00,0x00,0x00,0x00,0x93,0xFF,
  0x2E,0x00,0x6F,0xFF,0x48,0x00,0x00,0x00,0x00,0x00,0x00,0x34,0xFF,0x8E,0x00,0xD0,
  0xE7,0x03,0x00,0x00,0x00,0x00,0x00,0x00,0x00,0xD3,0xEA,0x05,0x00,0x00,0x00,0x00,
  0x02,0xD1,0xFB,0x3C,0x00,0x00,0x00,0x00,0x00,0x72,0xFE,0x5E,0x00,0x00,0x00,0x00,
  0x00,0x28,0xF0,0x5B,0x00,0x00,0x00,0x00,0x00,0x00,0x00,0x00,0x00,0x00,0x00,0x00,
  0x28,0xFF,0xFF,0xFF,0xFF,0xFF,0xFF,0xFF,0x6C,0x28,0xFF,0xC2,0x78,0x78,0x78,0x78,
  0x78,0x32,0x28,0xFF,0x8C,0x00,0x00,0x00,0x00,0x00,0x00,0x28,0xFF,0x8C,0x00,0x00,
  0x00,0x00,0x00,0x00,0x28,0xFF,0x8C,0x00,0x00,0x00,0x00,0x00,0x00,0x28,0xFF,0x9C,
  0x24,0x24,0x24,0x24,0x24,0x02,0x28,0xFF,0xFF,0xFF,0xFF,0xFF,0xFF,0xFF,0x14,0x28,
  0xFF,0xB2,0x54,0x54,0x54,0x54,0x54,0x06,0x28,0xFF,0x8C,0x00,0x00,0x00,0x00,0x00,
  0x00,0x28,0xFF,0x8C,0x00,0x00,0x00,0x00,0x00,0x00,0x28,0xFF,0x8C,0x00,0x00,0x00,
  0x00,0x00,0x00,0x28,0xFF,0x8C,0x00,0x00,0x00,0x00,0x00,0x00,0x28,0xFF,0xC2,0x78,
  0x78,0x78,0x78,0x78,0x32,0x28,0xFF,0xFF,0xFF,0xFF,0xFF,0xFF,0xFF,0x6C,0x00,0x00,
  0x00,0x65,0xFF,0xA7,0x00,0x00,0x16,0xEC,0xC2,0x0A,0x00,0x00,0xAF,0xB7,0x0D,0x00,
  0x00,0x00,0x00,0x00,0x00,0x00,0x3C,0xFF,0xFF,0xFF,0xFF,0xA8,0x07,0x45,0xCB,0xFF,
  0x66,0x1C,0x00,0x00,0xA4,0xFF,0x10,0x00,0x00,0x00,0xA4,0xFF,0x10,0x00,0x00,0x00,
  0xA4,0xFF,0x10,0x00,0x00,0x00,0xA4,0xFF,0x10,0x00,0x00,0x00,0xA4,0xFF,0x10,0x00,
  0x00,0x00,0xA4,0xFF,0x10,0x00,0x00,0x00,0xA4,0xFF,0x10,0x00,0x00,0x00,0xA4,0xFF,
  0x10,0x00,0x00,0x00,0xA4,0xFF,0x10,0x00,0x00,0x00,0xA4,0xFF,0x10,0x00,0x01,0x2C,
  0xC2,0xFF,0x4F,0x0C,0x3C,0xFF,0xFF,0xFF,0xFF,0xA8,0x00,0x00,0x00,0x00,0x12,0x0A,
  0x00,0x00,0x0A,0x18,0x00,0x00,0x00,0x00,0x00,0x82,0xFF,0xF6,0x8E,0x39,0xA7,0x90,
  0x00,0x00,0x00,0x00,0x16,0xF6,0x6F,0x8C,0xF4,0xFF,0xF2,0x28,0x00,0x00,0x00,0x00,
  0x13,0x41,0x00,0x00,0x10,0x45,0x1B,0x00,0x00,0x00,0x00,0x00,0x00,0x00,0x00,0x00,
  0x00,0x00,0x00,0x00,0x00,0x00,0x28,0xFF,0xF8,0x29,0x00,0x00,0x00,0x00,0x00,0x00,
  0xFF,0x98,0x28,0xFF,0xFF,0xC5,0x02,0x00,0x00,0x00,0x00,0x00,0xFF,0x98,0x28,0xFF,
  0xDD,0xFF,0x6D,0x00,0x00,0x00,0x00,0x00,0xFF,0x98,0x28,0xFF,0x66,0xEA,0xF3,0x1E,
  0x00,0x00,0x00,0x00,0xFF,0x98,0x28,0xFF,0x5E,0x5C,0xFF,0xB7,0x00,0x00,0x00,0x00,
  0xFF,0x98,0x28,0xFF,0x66,0x00,0xBB,0xFF,0x5D,0x00,0x00,0x00,0xFF,0x98,0x28,0xFF,
  0x6B,0x00,0x23,0xF7,0xEC,0x16,0x00,0x00,0xFF,0x98,0x28,0xFF,0x6C,0x00,0x00,0x7A,
  0xFF,0xA8,0x00,0x00,0xFF,0x98,0x28,0xFF,0x6C,0x00,0x00,0x05,0xD3,0xFF,0x4D,0x00,
  0xFA,0x98,0x28,0xFF,0x6C,0x00,0x00,0x00,0x3A,0xFE,0xE4,0x0E,0xF3,0x98,0x28,0xFF,
  0x6C,0x00,0x00,0x00,0x00,0x97,0xFF,0x98,0xE8,0x98,0x28,0xFF,0x6C,0x00,0x00,0x00,
  0x00,0x0F,0xE6,0xFE,0xF9,0x98,0x28,0xFF,0x6C,0x00,0x00,0x00,0x00,0x00,0x55,0xFF,
  0xFF,0x98,0x28,0xFF,0x6C,0x00,0x00,0x00,0x00,0x00,0x00,0xB4,0xFF,0x98,0x00,0x00,
  0x00,0x00,0x00,0x00,0x32,0xFE,0xD4,0x08,0x00,0x00,0x00,0x00,0x00,0x00,0x00,0x00,
  0x03,0xCB,0xE1,0x1E,0x00,0x00,0x00,0x00,0x00,0x00,0x00,0x00,0x00,0x7B,0xD7,0x21,
  0x00,0x00,0x00,0x00,0x00,0x00,0x00,0x00,0x00,0x00,0x00,0x00,0x00,0x00,0x00,0x00,
  0x00,0x00,0x00,0x00,0x05,0x5D,0xBE,0xE4,0xF8,0xE0,0xAF,0x45,0x00,0x00,0x00,0x00,
  0x0F,0xBD,0xFF,0xD8,0x91,0x7E,0x95,0xE0,0xFF,0x93,0x03,0x00,0x00,0xA7,0xFF,0x82,
  0x02,0x00,0x00,0x00,0x06,0x9C,0xFF,0x73,0x00,0x33,0xFF,0xBB,0x00,0x00,0x00,0x00,
  0x00,0x00,0x05,0xD9,0xF5,0x0D,0x85,0xFF,0x50,0x00,0x00,0x00,0x00,0x00,0x00,0x00,
  0x76,0xFF,0x58,0xB7,0xFF,0x16,0x00,0x00,0x00,0x00,0x00,0x00,0x00,0x3E,0xFF,0x8D,
  0xCD,0xFD,0x01,0x00,0x00,0x00,0x00,0x00,0x00,0x00,0x26,0xFF,0xA4,0xCD,0xFD,0x01,
  0x00,0x00,0x00,0x00,0x00,0x00,0x00,0x28,0xFF,0xA3,0xB6,0xFF,0x17,0x00,0x00,0x00,
  0x00,0x00,0x00,0x00,0x3F,0xFF,0x8C,0x82,0xFF,0x51,0x00,0x00,0x00,0x00,0x00,0x00,
  0x00,0x78,0xFF,0x57,0x31,0xFF,0xBB,0x00,0x00,0x00,0x00,0x00,0x00,0x05,0xDB,0xF4,
  0x0D,0x00,0xA6,0xFF,0x7F,0x01,0x00,0x00,0x00,0x06,0x9E,0xFF,0x72,0x00,0x00,0x0F,
  0xBD,0xFF,0xD6,0x8F,0x7D,0x95,0xE1,0xFF,0x93,0x02,0x00,0x00,0x00,0x05,0x5E,0xBF,
  0xE5,0xF8,0xE0,0xB0,0x46,0x00,0x00,0x00,0x3F,0x90,0x01,0x00,0x00,0x00,0x07,0xA1,
  0x26,0x5D,0xFD,0x96,0x01,0x00,0x07,0xB6,0xF2,0x39,0x00,0x5D,0xFD,0x95,0x07,0xB5,
  0xF3,0x3B,0x00,0x00,0x00,0x5C,0xFD,0xE1,0xF3,0x3B,0x00,0x00,0x00,0x00,0x07,0xCE,
  0xFF,0xAC,0x01,0x00,0x00,0x00,0x07,0xB8,0xF2,0x8A,0xFE,0x95,0x00,0x00,0x07,0xB8,
  0xF3,0x3B,0x00,0x62,0xFD,0x93,0x00,0x83,0xF4,0x3D,0x00,0x00,0x00,0x5E,0xFD,0x58,
  0x09,0x32,0x00,0x00,0x00,0x00,0x00,0x3A,0x01,0x00,0x00,0x00,0x00,0x00,0x00,0xAD,
  0xFF,0x60,0x00,0x00,0x00,0x00,0x00,0x00,0x00,0x00,0x4A,0xFF,0x84,0x00,0x00,0x00,
  0x00,0x00,0x00,0x00,0x00,0x10,0xE5,0x7D,0x00,0x00,0x00,0x00,0x00,0x00,0x00,0x00,
  0x00,0x00,0x00,0x00,0x00,0x00,0x00,0x00,0x00,0x4C,0xFF,0x6C,0x00,0x00,0x00,0x00,
  0x00,0x00,0x88,0xFF,0x28,0x4C,0xFF,0x6C,0x00,0x00,0x00,0x00,0x00,0x00,0x88,0xFF,
  0x28,0x4C,0xFF,0x6C,0x00,0x00,0x00,0x00,0x00,0x00,0x88,0xFF,0x28,0x4C,0xFF,0x6C,
  0x00,0x00,0x00,0x00,0x00,0x00,0x88,0xFF,0x28,0x4C,0xFF,0x6C,0x00,0x00,0x00,0x00,
  0x00,0x00,0x88,0xFF,0x28,0x4C,0xFF,0x6C,0x00,0x00,0x00,0x00,0x00,0x00,0x88,0xFF,
  0x28,0x4C,0xFF,0x6C,0x00,0x00,0x00,0x00,0x00,0x00,0x88,0xFF,0x28,0x4C,0xFF,0x6C,
  0x00,0x00,0x00,0x00,0x00,0x00,0x88,0xFF,0x28,0x4B,0xFF,0x6C,0x00,0x00,0x00,0x00,
  0x00,0x00,0x88,0xFF,0x27,0x40,0xFF,0x7E,0x00,0x00,0x00,0x00,0x00,0x00,0x9C,0xFF,
  0x18,0x17,0xFF,0xB2,0x00,0x00,0x00,0x00,0x00,0x01,0xD2,0xEB,0x01,0x00,0xB8,0xFF,
  0x50,0x00,0x00,0x00,0x00,0x67,0xFF,0x8B,0x00,0x00,0x21,0xE6,0xFF,0xB9,0x89,0x82,
  0xBA,0xFF,0xCB,0x0B,0x00,0x00,0x00,0x19,0x91,0xDB,0xF8,0xF0,0xCE,0x77,0x08,0x00,
  0x00,0x00,0x00,0x00,0x04,0x0D,0x00,0x00,0x10,0x01,0x00,0x00,0x00,0x00,0x00,0x00,
  0xA7,0xF5,0x02,0x0D,0xFC,0x87,0x00,0x00,0x00,0x00,0x00,0x00,0x1B,0x33,0x00,0x00,
  0x3B,0x13,0x00,0x00,0x00,0x00,0x00,0x00,0x00,0x00,0x00,0x00,0x00,0x00,0x00,0x00,
  0x00,0x4C,0xFF,0x6C,0x00,0x00,0x00,0x00,0x00,0x00,0x88,0xFF,0x28,0x4C,0xFF,0x6C,
  0x00,0x00,0x00,0x00,0x00,0x00,0x88,0xFF,0x28,0x4C,0xFF,0x6C,0x00,0x00,0x00,0x00,
  0x00,0x00,0x88,0xFF,0x28,0x4C,0xFF,0x6C,0x00,0x00,0x00,0x00,0x00,0x00,0x88,0xFF,
  0x28,0x4C,0xFF,0x6C,0x00,0x00,0x00,0x00,0x00,0x00,0x88,0xFF,0x28,0x4C,0xFF,0x6C,
  0x00,0x00,0x00,0x00,0x00,0x00,0x88,0xFF,0x28,0x4C,0xFF,0x6C,0x00,0x00,0x00,0x00,
  0x00,0x00,0x88,0xFF,0x28,0x4C,0xFF,0x6C,0x00,0x00,0x00,0x00,0x00,0x00,0x88,0xFF,
  0x28,0x4B,0xFF,0x6C,0x00,0x00,0x00,0x00,0x00,0x00,0x88,0xFF,0x27,0x40,0xFF,0x7E,
  0x00,0x00,0x00,0x00,0x00,0x00,0x9C,0xFF,0x18,0x17,0xFF,0xB2,0x00,0x00,0x00,0x00,
  0x00,0x01,0xD2,0xEB,0x01,0x00,0xB8,0xFF,0x50,0x00,0x00,0x00,0x00,0x67,0xFF,0x8B,
  0x00,0x00,0x21,0xE6,0xFF,0xB9,0x89,0x82,0xBA,0xFF,0xCB,0x0B,0x00,0x00,0x00,0x19,
  0x91,0xDB,0xF8,0xF0,0xCE,0x77,0x08,0x00,0x00,0x00,0x00,0x00,0x00,0x00,0x48,0xFF,
  0xC3,0x00,0x00,0x00,0x00,0x00,0x00,0x0A,0xDC,0xD4,0x14,0x00,0x00,0x00,0x00,0x00,
  0x00,0x93,0xC9,0x16,0x00,0x00,0x00,0x00,0x00,0x00,0x00,0x00,0x00,0x00,0x00,0x00,
  0x00,0x00,0x00,0x45,0xAC,0xE9,0xF8,0xDB,0x89,0x0C,0x00,0x00,0x00,0xCD,0xE5,0x95,
  0x82,0xC7,0xFF,0xA5,0x00,0x00,0x00,0x29,0x06,0x00,0x00,0x02,0xD5,0xFA,0x07,0x00,
  0x00,0x00,0x00,0x00,0x00,0x00,0x96,0xFF,0x1C,0x00,0x00,0x00,0x00,0x10,0x20,0x24,
  0x95,0xFF,0x20,0x00,0x09,0x89,0xE4,0xFF,0xFF,0xFF,0xFF,0xFF,0x20,0x00,0xAF,0xFF,
  0xBE,0x6F,0x58,0x54,0xAF,0xFF,0x20,0x10,0xFF,0xC9,0x02,0x00,0x00,0x00,0x9C,0xFF,
  0x20,0x0C,0xFE,0xB6,0x00,0x00,0x00,0x1E,0xE9,0xFF,0x20,0x00,0xC0,0xFF,0xAA,0x7F,
  0x9E,0xF0,0xB0,0xFF,0x20,0x00,0x1A,0xA6,0xEB,0xF6,0xCC,0x4D,0x31,0xFF,0x20,0x00,
  0x00,0x00,0x00,0x35,0xFE,0xD1,0x06,0x00,0x00,0x00,0x00,0x04,0xCE,0xDF,0x1C,0x00,
  0x00,0x00,0x00,0x00,0x7F,0xD5,0x1F,0x00,0x00,0x00,0x00,0x00,0x00,0x00,0x00,0x00,
  0x00,0x00,0x00,0x00,0x03,0x76,0xD8,0xF7,0xE2,0x90,0x0E,0x00,0x00,0xA9,0xFD,0xAA,
  0x82,0xA7,0xFD,0xCD,0x06,0x4F,0xFF,0x59,0x00,0x00,0x00,0x68,0xFF,0x63,0xAB,0xEF,
  0x24,0x24,0x24,0x24,0x33,0xFF,0xA8,0xDC,0xFF,0xFF,0xFF,0xFF,0xFF,0xFF,0xFF,0xBE,
  0xEE,0xE1,0x54,0x54,0x54,0x54,0x54,0x54,0x3F,0xDE,0xEE,0x00,0x00,0x00,0x00,0x00,
  0x00,0x00,0xB2,0xFF,0x30,0x00,0x00,0x00,0x00,0x00,0x00,0x54,0xFF,0xB9,0x04,0x00,
  0x00,0x00,0x0A,0x11,0x00,0xA4,0xFF,0xD5,0x86,0x86,0xA7,0xF0,0x4C,0x00,0x01,0x67,
  0xCA,0xF3,0xFA,0xE0,0x9A,0x1D,0x00,0x2F,0xFD,0xD6,0x09,0x02,0xC7,0xE3,0x20,0x00,
  0x77,0xD9,0x23,0x00,0x00,0x00,0x00,0x00,0x00,0x00,0x64,0xFF,0x48,0x00,0x00,0x64,
  0xFF,0x48,0x00,0x00,0x64,0xFF,0x48,0x00,0x00,0x64,0xFF,0x48,0x00,0x00,0x64,0xFF,
  0x48,0x00,0x00,0x64,0xFF,0x48,0x00,0x00,0x64,0xFF,0x48,0x00,0x00,0x64,0xFF,0x48,
  0x00,0x00,0x64,0xFF,0x48,0x00,0x00,0x64,0xFF,0x48,0x00,0x00,0x64,0xFF,0x48,0x00,
  0x00,0x00,0x00,0x01,0x19,0x02,0x00,0x00,0x17,0x0B,0x00,0x00,0x0D,0xD0,0xFF,0xDC,
  0x66,0x3C,0xE6,0x34,0x00,0x00,0x6F,0xCF,0x63,0xB8,0xFF,0xFF,0xBE,0x00,0x00,0x00,
  0x31,0x23,0x00,0x00,0x25,0x44,0x07,0x00,0x00,0x00,0x00,0x00,0x00,0x00,0x00,0x00,
  0x00,0x00,0x00,0x64,0xFF,0x0E,0x72,0xD8,0xF7,0xDA,0x86,0x0A,0x00,0x64,0xFF,0xB7,
  0xE3,0x8E,0x84,0xCC,0xFF,0xA5,0x00,0x64,0xFF,0xE7,0x12,0x00,0x00,0x03,0xD1,0xFC,
  0x0C,0x64,0xFF,0x89,0x00,0x00,0x00,0x00,0x87,0xFF,0x2C,0x64,0xFF,0x5D,0x00,0x00,
  0x00,0x00,0x74,0xFF,0x34,0x64,0xFF,0x49,0x00,0x00,0x00,0x00,0x74,0xFF,0x34,0x64,
  0xFF,0x48,0x00,0x00,0x00,0x00,0x74,0xFF,0x34,0x64,0xFF,0x48,0x00,0x00,0x00,0x00,
  0x74,0xFF,0x34,0x64,0xFF,0x48,0x00,0x00,0x00,0x00,0x74,0xFF,0x34,0x64,0xFF,0x48,
  0x00,0x00,0x00,0x00,0x74,0xFF,0x34,0x64,0xFF,0x48,0x00,0x00,0x00,0x00,0x74,0xFF,
  0x34,0x00,0x00,0x00,0x00,0x04,0xD8,0xF9,0x36,0x00,0x00,0x00,0x00,0x00,0x00,0x7A,
  0xFD,0x57,0x00,0x00,0x00,0x00,0x00,0x00,0x2D,0xF1,0x55,0x00,0x00,0x00,0x00,0x00,
  0x00,0x00,0x00,0x00,0x00,0x00,0x00,0x00,0x00,0x00,0x05,0x76,0xD5,0xF8,0xE9,0xA8,
  0x28,0x00,0x00,0x01,0xB3,0xFF,0xBA,0x7F,0x92,0xEB,0xF1,0x33,0x00,0x5C,0xFF,0x8F,
  0x00,0x00,0x00,0x1E,0xF2,0xD1,0x00,0xB6,0xFC,0x19,0x00,0x00,0x00,0x00,0x94,0xFF,
  0x31,0xE3,0xE1,0x00,0x00,0x00,0x00,0x00,0x5F,0xFF,0x60,0xEF,0xCE,0x00,0x00,0x00,
  0x00,0x00,0x4B,0xFF,0x72,0xDC,0xE3,0x00,0x00,0x00,0x00,0x00,0x60,0xFF,0x65,0xAB,
  0xFD,0x1D,0x00,0x00,0x00,0x00,0x98,0xFF,0x36,0x4B,0xFF,0x95,0x00,0x00,0x00,0x21,
  0xF4,0xD8,0x01,0x00,0x9F,0xFF,0xBD,0x7F,0x92,0xEC,0xF5,0x3B,0x00,0x00,0x01,0x6B,
  0xD1,0xF6,0xED,0xAE,0x2E,0x00,0x00,0x00,0x00,0x00,0x00,0x00,0x13,0x00,0x00,0x00,
  0x00,0x00,0x00,0x00,0x00,0x89,0xFF,0x57,0x00,0x00,0x00,0x00,0x00,0x00,0x00,0x6D,
  0xEA,0x43,0x00,0x00,0x00,0x00,0x00,0x00,0x00,0x00,0x00,0x00,0x00,0x00,0x00,0x01,
  0x24,0x24,0x24,0x24,0x24,0x24,0x24,0x24,0x20,0x0C,0xFF,0xFF,0xFF,0xFF,0xFF,0xFF,
  0xFF,0xFF,0xE8,0x03,0x54,0x54,0x54,0x54,0x54,0x54,0x54,0x54,0x4C,0x00,0x00,0x00,
  0x00,0x00,0x13,0x00,0x00,0x00,0x00,0x00,0x00,0x00,0x00,0x89,0xFF,0x57,0x00,0x00,
  0x00,0x00,0x00,0x00,0x00,0x6D,0xEA,0x43,0x00,0x00,0x00,0x00,0x00,0x00,0x00,0x00,
  0xC0,0xFE,0x4D,0x00,0x00,0x00,0x00,0x00,0x00,0x5E,0xFF,0x70,0x00,0x00,0x00,0x00,
  0x00,0x00,0x1B,0xED,0x6B,0x00,0x00,0x00,0x00,0x00,0x00,0x00,0x00,0x00,0x00,0x00,
  0x00,0x00,0x00,0x80,0xFF,0x30,0x00,0x00,0x00,0x00,0x8C,0xFF,0x20,0x80,0xFF,0x30,
  0x00,0x00,0x00,0x00,0x8C,0xFF,0x20,0x80,0xFF,0x30,0x00,0x00,0x00,0x00,0x8C,0xFF,
  0x20,0x80,0xFF,0x30,0x00,0x00,0x00,0x00,0x8C,0xFF,0x20,0x80,0xFF,0x30,0x00,0x00,
  0x00,0x00,0x8C,0xFF,0x20,0x80,0xFF,0x30,0x00,0x00,0x00,0x00,0x8D,0xFF,0x20,0x80,
  0xFF,0x30,0x00,0x00,0x00,0x00,0xA2,0xFF,0x20,0x7A,0xFF,0x41,0x00,0x00,0x00,0x00,
  0xCE,0xFF,0x20,0x57,0xFF,0x8E,0x00,0x00,0x00,0x3F,0xFF,0xFF,0x20,0x0D,0xE8,0xFF,
  0xAD,0x7F,0x9D,0xF5,0xC4,0xFF,0x20,0x00,0x23,0xAC,0xE6,0xF7,0xCA,0x52,0x50,0xFF,
  0x20,0x00,0x00,0x06,0x0B,0x00,0x00,0x11,0x00,0x00,0x00,0x00,0x00,0xBB,0xE3,0x00,
  0x1E,0xFF,0x73,0x00,0x00,0x00,0x00,0x21,0x2E,0x00,0x00,0x3F,0x0E,0x00,0x00,0x00,
  0x00,0x00,0x00,0x00,0x00,0x00,0x00,0x00,0x00,0x80,0xFF,0x30,0x00,0x00,0x00,0x00,
  0x8C,0xFF,0x20,0x80,0xFF,0x30,0x00,0x00,0x00,0x00,0x8C,0xFF,0x20,0x80,0xFF,0x30,
  0x00,0x00,0x00,0x00,0x8C,0xFF,0x20,0x80,0xFF,0x30,0x00,0x00,0x00,0x00,0x8C,0xFF,
  0x20,0x80,0xFF,0x30,0x00,0x00,0x00,0x00,0x8C,0xFF,0x20,0x80,0xFF,0x30,0x00,0x00,
  0x00,0x00,0x8D,0xFF,0x20,0x80,0xFF,0x30,0x00,0x00,0x00,0x00,0xA2,0xFF,0x20,0x7A,
  0xFF,0x41,0x00,0x00,0x00,0x00,0xCE,0xFF,0x20,0x57,0xFF,0x8E,0x00,0x00,0x00,0x3F,
  0xFF,0xFF,0x20,0x0D,0xE8,0xFF,0xAD,0x7F,0x9D,0xF5,0xC4,0xFF,0x20,0x00,0x23,0xAC,
  0xE6,0xF7,0xCA,0x52,0x50,0xFF,0x20,0x08,0x24,0x24,0x24,0x24,0x24,0x24,0x24,0x24,
  0x24,0x24,0x24,0x24,0x24,0x24,0x24,0x24,0x24,0x08,0x3C,0xFF,0xFF,0xFF,0xFF,0xFF,
  0xFF,0xFF,0xFF,0xFF,0xFF,0xFF,0xFF,0xFF,0xFF,0xFF,0xFF,0xFF,0x3C,0x13,0x54,0x54,
  0x54,0x54,0x54,0x54,0x54,0x54,0x54,0x54,0x54,0x54,0x54,0x54,0x54,0x54,0x54,0x13,
  0x00,0x55,0xF7,0x05,0x00,0xB6,0xC5,0x00,0x16,0xFC,0x92,0x00,0x61,0xFF,0x61,0x00,
  0xA9,0xFF,0x38,0x00,0x00,0xE9,0xF9,0x06,0x11,0xFF,0xBC,0x00,0x40,0xFF,0x68,0x00,
  0x71,0xF8,0x11,0x00,0xA8,0xA8,0x00,0x00,0x00,0x56,0xF5,0x03,0x00,0xD5,0x7C,0x00,
  0xB8,0xC3,0x00,0x3A,0xFF,0x47,0x18,0xFD,0x8F,0x00,0x99,0xFF,0x13,0x63,0xFF,0x5F,
  0x01,0xE7,0xE3,0x00,0xA9,0xFF,0x34,0x30,0xFF,0xB8,0x00,0x00,0xEC,0xF4,0x03,0x6A,
  0xFF,0x7C,0x15,0xFF,0xB1,0x00,0x94,0xFF,0x35,0x42,0xFF,0x63,0x00,0xC6,0xE6,0x01,
  0x71,0xF5,0x0E,0x03,0xF5,0x88,0x00,0xA8,0xA1,0x00,0x30,0xFF,0x26,0x00,0x08,0xB0,
  0xF4,0xC2,0x17,0x61,0xFF,0xFF,0xFF,0x88,0x80,0xFF,0xFF,0xFF,0xA7,0x5F,0xFF,0xFF,
  0xFF,0x86,0x07,0xAE,0xF4,0xC1,0x16,0x43,0xCC,0x50,0x00,0x00,0x46,0xCC,0x4E,0x00,
  0x00,0x4F,0xCC,0x45,0x98,0xFF,0xAE,0x00,0x00,0x9C,0xFF,0xAA,0x00,0x00,0xA8,0xFF,
  0x9E,0x57,0xF3,0x68,0x00,0x00,0x5A,0xF3,0x64,0x00,0x00,0x65,0xF3,0x5A,0x00,0x00,
  0x00,0x00,0x4C,0xBD,0xF0,0xF5,0xD7,0x9D,0x29,0x00,0x00,0x00,0x73,0xFF,0xE4,0x97,
  0x86,0xB4,0xF9,0x4E,0x00,0x00,0x32,0xFA,0xC1,0x0D,0x00,0x00,0x00,0x14,0x00,0x00,
  0x00,0xA3,0xFD,0x21,0x00,0x00,0x00,0x00,0x00,0x00,0x09,0x11,0xEC,0xCA,0x10,0x10,
  0x10,0x10,0x04,0x00,0x00,0x90,0xFF,0xFF,0xFF,0xFF,0xFF,0xFF,0xFF,0x44,0x00,0x00,
  0x21,0x63,0xFF,0x9B,0x3C,0x3C,0x3C,0x3C,0x0F,0x00,0x00,0x09,0x42,0xFF,0x85,0x10,
  0x10,0x10,0x0B,0x00,0x00,0x00,0x90,0xFF,0xFF,0xFF,0xFF,0xFF,0xFF,0xB0,0x00,0x00,
  0x00,0x21,0x3C,0xF0,0xD2,0x3C,0x3C,0x3C,0x29,0x00,0x00,0x00,0x00,0x00,0xA3,0xFC,
  0x1C,0x00,0x00,0x00,0x00,0x00,0x00,0x00,0x00,0x35,0xFB,0xC0,0x0E,0x00,0x00,0x00,
  0x00,0x01,0x00,0x00,0x00,0x76,0xFF,0xE8,0x99,0x80,0x99,0xD7,0x33,0x00,0x00,0x00,
  0x00,0x50,0xBE,0xF0,0xF8,0xDE,0xA4,0x17,0x38,0xFF,0xFF,0xFF,0xFF,0xFF,0xFF,0xFF,
  0x98,0x38,0xC0,0x00,0x00,0x00,0x00,0x00,0x60,0x98,0x38,0xC0,0x00,0x00,0x00,0x00,
  0x00,0x60,0x98,0x38,0xC0,0x00,0x00,0x00,0x00,0x00,0x60,0x98,0x38,0xC0,0x00,0x00,
  0x00,0x00,0x00,0x60,0x98,0x38,0xC0,0x00,0x00,0x00,0x00,0x00,0x60,0x98,0x38,0xC0,
  0x00,0x00,0x00,0x00,0x00,0x60,0x98,0x38,0xC0,0x00,0x00,0x00,0x00,0x00,0x60,0x98,
  0x38,0xC0,0x00,0x00,0x00,0x00,0x00,0x60,0x98,0x38,0xC0,0x00,0x00,0x00,0x00,0x00,
  0x60,0x98,0x38,0xC0,0x00,0x00,0x00,0x00,0x00,0x60,0x98,0x38,0xC0,0x00,0x00,0x00,
  0x00,0x00,0x60,0x98,0x38,0xC0,0x00,0x00,0x00,0x00,0x00,0x60,0x98,0x38,0xFF,0xFF,
  0xFF,0xFF,0xFF,0xFF,0xFF,0x98,0x38,0xFF,0xFF,0xFF,0xFF,0xFF,0xFF,0xFF,0x98,0x38,
  0xC0,0x00,0x00,0x00,0x00,0x00,0x60,0x98,0x38,0xC0,0x00,0x00,0x00,0x00,0x00,0x60,
  0x98,0x38,0xC0,0x00,0x00,0x00,0x00,0x00,0x60,0x98,0x38,0xC0,0x00,0x00,0x00,0x00,
  0x00,0x60,0x98,0x38,0xC0,0x00,0x00,0x00,0x00,0x00,0x60,0x98,0x38,0xC0,0x00,0x00,
  0x00,0x00,0x00,0x60,0x98,0x38,0xC0,0x00,0x00,0x00,0x00,0x00,0x60,0x98,0x38,0xC0,
  0x00,0x00,0x00,0x00,0x00,0x60,0x98,0x38,0xC0,0x00,0x00,0x00,0x00,0x00,0x60,0x98,
  0x38,0xC0,0x00,0x00,0x00,0x00,0x00,0x60,0x98,0x38,0xC0,0x00,0x00,0x00,0x00,0x00,
  0x60,0x98,0x38,0xC0,0x00,0x00,0x00,0x00,0x00,0x60,0x98,0x38,0xFF,0xFF,0xFF,0xFF,
  0xFF,0xFF,0xFF,0x98,0x38,0xFF,0xFF,0xFF,0xFF,0xFF,0xFF,0xFF,0x98,0x38,0xC0,0x00,
  0x00,0x00,0x00,0x00,0x60,0x98,0x38,0xC0,0x00,0x00,0x00,0x00,0x00,0x60,0x98,0x38,
  0xC0,0x00,0x00,0x00,0x00,0x00,0x60,0x98,0x38,0xC0,0x00,0x00,0x00,0x00,0x00,0x60,
  0x98,0x38,0xC0,0x00,0x00,0x00,0x00,0x00,0x60,0x98,0x38,0xC0,0x00,0x00,0x00,0x00,
  0x00,0x60,0x98,0x38,0xC0,0x00,0x00,0x00,0x00,0x00,0x60,0x98,0x38,0xC0,0x00,0x00,
  0x00,0x00,0x00,0x60,0x98,0x38,0xC0,0x00,0x00,0x00,0x00,0x00,0x60,0x98,0x38,0xC0,
  0x00,0x00,0x00,0x00,0x00,0x60,0x98,0x38,0xC0,0x00,0x00,0x00,0x00,0x00,0x60,0x98,
  0x38,0xC0,0x00,0x00,0x00,0x00,0x00,0x60,0x98,0x38,0xFF,0xFF,0xFF,0xFF,0xFF,0xFF,
  0xFF,0x98,0x38,0xFF,0xFF,0xFF,0xFF,0xFF,0xFF,0xFF,0x98,0x38,0xC0,0x00,0x00,0x00,
  0x00,0x00,0x60,0x98,0x38,0xC0,0x00,0x00,0x00,0x00,0x00,0x60,0x98,0x38,0xC0,0x00,
  0x00,0x00,0x00,0x00,0x60,0x98,0x38,0xC0,0x00,0x00,0x00,0x00,0x00,0x60,0x98,0x38,
  0xC0,0x00,0x00,0x00,0x00,0x00,0x60,0x98,0x38,0xC0,0x00,0x00,0x00,0x00,0x00,0x60,
  0x98,0x38,0xC0,0x00,0x00,0x00,0x00,0x00,0x60,0x98,0x38,0xC0,0x00,0x00,0x00,0x00,
  0x00,0x60,0x98,0x38,0xC0,0x00,0x00,0x00,0x00,0x00,0x60,0x98,0x38,0xC0,0x00,0x00,
  0x00,0x00,0x00,0x60,0x98,0x38,0xC0,0x00,0x00,0x00,0x00,0x00,0x60,0x98,0x38,0xC0,
  0x00,0x00,0x00,0x00,0x00,0x60,0x98,0x38,0xFF,0xFF,0xFF,0xFF,0xFF,0xFF,0xFF,0x98,
  0x38,0xFF,0xFF,0xFF,0xFF,0xFF,0xFF,0xFF,0x98,0x38,0xC0,0x00,0x00,0x00,0x00,0x00,
  0x60,0x98,0x38,0xC0,0x00,0x00,0x00,0x00,0x00,0x60,0x98,0x38,0xC0,0x00,0x00,0x00,
  0x00,0x00,0x60,0x98,0x38,0xC0,0x00,0x00,0x00,0x00,0x00,0x60,0x98,0x38,0xC0,0x00,
  0x00,0x00,0x00,0x00,0x60,0x98,0x38,0xC0,0x00,0x00,0x00,0x00,0x00,0x60,0x98,0x38,
  0xC0,0x00,0x00,0x00,0x00,0x00,0x60,0x98,0x38,0xC0,0x00,0x00,0x00,0x00,0x00,0x60,
  0x98,0x38,0xC0,0x00,0x00,0x00,0x00,0x00,0x60,0x98,0x38,0xC0,0x00,0x00,0x00,0x00,
  0x00,0x60,0x98,0x38,0xC0,0x00,0x00,0x00,0x00,0x00,0x60,0x98,0x38,0xC0,0x00,0x00,
  0x00,0x00,0x00,0x60,0x98,0x38,0xFF,0xFF,0xFF,0xFF,0xFF,0xFF,0xFF,0x98,0x38,0xFF,
  0xFF,0xFF,0xFF,0xFF,0xFF,0xFF,0x98,0x38,0xC0,0x00,0x00,0x00,0x00,0x00,0x60,0x98,
  0x38,0xC0,0x00,0x00,0x00,0x00,0x00,0x60,0x98,0x38,0xC0,0x00,0x00,0x00,0x00,0x00,
  0x60,0x98,0x38,0xC0,0x00,0x00,0x00,0x00,0x00,0x60,0x98,0x38,0xC0,0x00,0x00,0x00,
  0x00,0x00,0x60,0x98,0x38,0xC0,0x00,0x00,0x00,0x00,0x00,0x60,0x98,0x38,0xC0,0x00,
  0x00,0x00,0x00,0x00,0x60,0x98,0x38,0xC0,0x00,0x00,0x00,0x00,0x00,0x60,0x98,0x38,
  0xC0,0x00,0x00,0x00,0x00,0x00,0x60,0x98,0x38,0xC0,0x00,0x00,0x00,0x00,0x00,0x60,
  0x98,0x38,0xC0,0x00,0x00,0x00,0x00,0x00,0x60,0x98,0x38,0xC0,0x00,0x00,0x00,0x00,
  0x00,0x60,0x98,0x38,0xFF,0xFF,0xFF,0xFF,0xFF,0xFF,0xFF,0x98,
};
